title,job_type,interval,is_remote,job_level,mean_salary,experience_years,Education_Type,job_category
Support Technologist II 2024-02216,internship,monthly,0,entry_level,4294.0,3.0,University,IT Support / Helpdesk
Computer Technician,fulltime,yearly,0,senior_level,50250.0,2.0,University,IT Support / Helpdesk
Technical Support Specialist,fulltime,yearly,0,senior_level,62500.0,1.0,Online/Courses,IT Support / Helpdesk
Service Desk Technician,internship,monthly,0,executive_level,74000.0,3.0,Online/Courses,IT Support / Helpdesk
Level 1 IT Technician,fulltime,yearly,0,executive_level,50000.0,2.0,University,IT Support / Helpdesk
Computer Support Specialist IV,fulltime,yearly,0,executive_level,87500.0,4.0,University,IT Support / Helpdesk
Mid-Level IT Support Technician,fulltime,yearly,0,mid_level,65000.0,5.0,University,IT Support / Helpdesk
Level 2 Help Desk Technician,fulltime,hourly,0,senior_level,46800.0,5.0,University,IT Support / Helpdesk
COMSEC Custodian - Cannon AFB,contract,yearly,0,mid_level,66500.0,1.0,University,Other / Miscellaneous
Director of IT,fulltime,yearly,0,senior_level,167500.0,7.0,University,IT Management / Director
Operations Field Analyst,internship,yearly,0,executive_level,72500.0,2.0,University,Other / Miscellaneous
Information Technology Specialist L3,fulltime,yearly,0,executive_level,135000.0,10.0,University,Consulting / Specialist
Desktop Support Specialist Subject Mater Expert (SME),contract,yearly,0,mid_level,103874.5,10.0,University,IT Support / Helpdesk
IT Customer Support (Japanese and English Bilingual),fulltime,yearly,0,senior_level,60000.0,1.0,University,IT Support / Helpdesk
Sr. Cybersecurity Analyst,internship,yearly,0,mid_level,95697.0,3.0,University,Cybersecurity
Senior IT Project Manager (749171) 10/16/2024,fulltime,hourly,0,senior_level,106080.0,5.0,University,Project / Program Management
Technical Trainer/Technical Service Engineer,fulltime,yearly,0,mid_level,84900.0,0.0,University,Data & Analytics
Senior Cyber Security Engineer,internship,yearly,0,mid_level,108517.5,7.0,University,Cybersecurity
IT Procurement Technician 3,contract,yearly,0,senior_level,70586.0,10.0,University,IT Support / Helpdesk
Summer Research Intern,internship,yearly,0,mid_level,56277.0,2.0,University,Intern / Entry Level
IT Support Specialist,fulltime,yearly,1,entry_level,60000.0,1.0,University,IT Support / Helpdesk
Advanced Infrastructure Engineers,fulltime,yearly,0,senior_level,108672.0,3.0,University,Network & Systems
D365 Functional Consultant,fulltime,yearly,1,senior_level,130000.0,5.0,University,Consulting / Specialist
Global Support Services Director,fulltime,yearly,1,senior_level,180000.0,8.0,University,IT Support / Helpdesk
"Director, Software Application Development- KLA Services",fulltime,yearly,0,senior_level,220150.0,5.0,University,IT Management / Director
Senior Full-Stack Cloud Engineer,fulltime,yearly,1,senior_level,128368.0,7.0,University,Network & Systems
"Director, Product Management",internship,yearly,0,senior_level,210644.5,5.0,University,IT Management / Director
Systems Engineer,internship,yearly,1,mid_level,145196.0,5.0,University,Network & Systems
Network Administrator,fulltime,yearly,1,mid_level,77562.5,3.0,High School,Network & Systems
Development Manager (Enterprise Applications),fulltime,yearly,1,senior_level,124000.0,10.0,University,IT Management / Director
Salesforce Enterprise Architect,fulltime,yearly,0,senior_level,250000.0,15.0,University,Consulting / Specialist
Co-Generation Engineer I Operator,fulltime,yearly,0,mid_level,69368.5,1.0,University,General IT / Other IT Role
Systems Engineer (Firefighter) - Escalation Tech,fulltime,yearly,1,mid_level,90000.0,4.0,High School,Network & Systems
Cyber Security Analyst CyberArk,internship,yearly,1,mid_level,114200.0,4.0,University,Cybersecurity
Project Manager (Military background preferred),fulltime,yearly,1,senior_level,98092.5,5.0,University,Project / Program Management
Digital Engineering Technical Lead,contract,yearly,0,senior_level,157405.0,10.0,University,General IT / Other IT Role
"Systems Engineer, Junior",contract,yearly,0,entry_level,97000.0,1.0,University,Network & Systems
SAP Consultant,internship,yearly,0,mid_level,127238.0,5.0,University,Consulting / Specialist
PROJECT MANAGER-CYBERSECURITY - 40466,fulltime,yearly,0,mid_level,117390.0,0.0,University,Cybersecurity
Retail Security Technical Services Specialist,fulltime,yearly,1,mid_level,77500.0,1.0,University,Cybersecurity
Director of E-Commerce,fulltime,yearly,1,senior_level,105000.0,5.0,University,IT Management / Director
PriceFx Consultant,fulltime,yearly,1,senior_level,45000.0,5.0,University,Consulting / Specialist
Co-Founder/Vice President,contract,yearly,1,senior_level,120101.0,3.0,Online/Courses,IT Management / Director
"Senior Manager, Platform Support",fulltime,yearly,1,senior_level,161209.0,2.0,University,IT Support / Helpdesk
"Director, Global Command Center Lead",fulltime,yearly,0,senior_level,207400.0,10.0,University,IT Management / Director
Project Manager - Telecommunications,fulltime,yearly,0,senior_level,95000.0,2.0,University,Project / Program Management
Network / Server Engineer (Japanese and English Bilingual),fulltime,yearly,1,senior_level,75000.0,2.0,University,Network & Systems
Technical Project Manager,fulltime,yearly,0,senior_level,70000.0,5.0,University,Project / Program Management
Advanced IT Technical Support (Japanese and English Bilingual),fulltime,yearly,1,senior_level,60000.0,1.0,University,IT Support / Helpdesk
Project Manager,fulltime,yearly,0,mid_level,95000.0,2.0,University,Project / Program Management
MS Dynamics Business Central (BC) Functional Consultant,fulltime,yearly,1,senior_level,90000.0,5.0,University,Consulting / Specialist
Virtual Chief Information Officer (vCIO),fulltime,yearly,0,senior_level,92500.0,5.0,University,IT Management / Director
"Sales Consultant, IT/Software Sales",fulltime,yearly,1,senior_level,85000.0,5.0,University,Consulting / Specialist
POMS4 - ServiceNow Systems Administrator,fulltime,yearly,0,executive_level,115181.0,5.0,University,Network & Systems
Salesforce Commerce Cloud and Demandware Developer,fulltime,yearly,0,senior_level,125825.0,3.0,University,Software Development
Package Specialist Oracle SCM Cloud,fulltime,yearly,0,senior_level,155875.5,5.0,University,Consulting / Specialist
Systems Engineer,fulltime,yearly,0,executive_level,148460.5,5.0,University,Network & Systems
"Security Analyst (Baton Rouge, LA)",fulltime,yearly,0,senior_level,74637.0,3.0,University,Cybersecurity
Computer Systems Analyst - Level I,fulltime,yearly,0,mid_level,51228.0,2.0,University,General IT / Other IT Role
IT Project Engineer,fulltime,yearly,0,executive_level,82500.0,4.0,University,General IT / Other IT Role
Data Project Manager - Computing Services,fulltime,yearly,0,senior_level,106933.0,8.0,University,Project / Program Management
Mid-Level Scrum Master,fulltime,yearly,0,mid_level,111767.0,7.0,University,Project / Program Management
Project Task Manager IV (Site Lead),fulltime,yearly,0,senior_level,170803.0,15.0,University,IT Management / Director
Senior Systems Engineer,fulltime,yearly,1,senior_level,130005.5,5.0,University,Network & Systems
System Administrator Full Time,fulltime,yearly,0,mid_level,58476.5,5.0,University,Network & Systems
Mid-Level Systems Architect,fulltime,yearly,0,mid_level,127135.0,7.0,University,General IT / Other IT Role
Mid-Level Project Manager,fulltime,yearly,0,mid_level,117615.5,7.0,University,Project / Program Management
Cybersecurity Staff/Action Officer,fulltime,yearly,0,senior_level,110086.0,10.0,University,Cybersecurity
Operations Analyst III,fulltime,yearly,1,executive_level,105000.0,5.0,University,Other / Miscellaneous
"Project Manager (Hybrid in LA, CA or PHX, AZ)",fulltime,yearly,0,senior_level,142500.0,7.0,University,Project / Program Management
Agile Project Portfolio Manager - Senior Scrum Master,fulltime,yearly,1,senior_level,174500.0,7.0,University,Project / Program Management
Technology Incident Manager,internship,yearly,0,senior_level,106819.5,4.0,University,IT Management / Director
Sr Principal Engineer Test – JEMINI Integration SME (24-379),internship,yearly,1,executive_level,137400.0,9.0,University,General IT / Other IT Role
Technology Alignment Manager & Virtual Chief Information Officer (TAM/vCIO),fulltime,yearly,0,senior_level,67500.0,2.0,University,IT Management / Director
Senior Program Manager I,fulltime,yearly,1,senior_level,182500.0,18.0,University,Project / Program Management
Enterprise Client Architect,internship,yearly,1,senior_level,174000.0,3.0,University,General IT / Other IT Role
Program Manager,fulltime,yearly,1,senior_level,142500.0,8.0,High School,Project / Program Management
Network Engineer V (AFCAT),fulltime,yearly,0,mid_level,100812.0,5.0,University,Network & Systems
Director of Client Success,contract,yearly,1,senior_level,131210.0,5.0,University,IT Management / Director
Director of Client Success- Sports & Entertainment- Remote,contract,yearly,1,senior_level,135264.0,5.0,University,Data & Analytics
Principal System Safety Engineer (Onsite),fulltime,yearly,0,mid_level,148000.0,8.0,University,General IT / Other IT Role
"WW Sales BPR - Program Manager, PMO",fulltime,yearly,0,senior_level,174550.0,8.0,University,Project / Program Management
Engineering Project Manager,fulltime,yearly,0,senior_level,183205.5,3.0,University,Project / Program Management
"Program Manager, Financial Crimes Compliance - Strategic Data Solutions",fulltime,yearly,0,senior_level,120968.0,3.0,University,Project / Program Management
Computer Vision ML Engineer,internship,yearly,0,senior_level,193000.0,3.0,University,Data & Analytics
"Technical Program Manager, iPhone",internship,yearly,0,senior_level,174950.0,3.0,University,Project / Program Management
"Sr. Engineering Program Manager - Compute, Apple Services Engineering",internship,yearly,0,senior_level,220739.5,5.0,University,Project / Program Management
"Engineer II, Systems Infrastructure",fulltime,yearly,1,senior_level,80850.0,3.0,University,Network & Systems
"Sr. Staff Security Architect, Cloud Security",fulltime,yearly,0,senior_level,166434.0,7.0,University,Cybersecurity
"Senior Product Manager, Ion Chromatography Instruments",fulltime,yearly,0,entry_level,181800.0,10.0,University,IT Management / Director
Systems Administrator (Win/Linux) (Onsite),fulltime,yearly,0,mid_level,106000.0,2.0,University,Network & Systems
Senior Principal Cyber Engineer,fulltime,yearly,0,mid_level,182000.0,6.0,University,General IT / Other IT Role
Applications Developer,fulltime,yearly,1,mid_level,163000.0,9.0,University,Software Development
Sr Principal Systems Engineer – Solutions Architect (Onsite),fulltime,yearly,0,mid_level,182000.0,0.0,University,Network & Systems
Sr. Principal Systems Engineer - Component Lead (onsite),fulltime,yearly,0,mid_level,182000.0,0.0,University,Network & Systems
Senior Reverse Engineer/Vulnerability Researcher,fulltime,yearly,0,mid_level,120000.0,5.0,University,General IT / Other IT Role
IT Acquisitions Program Analyst,fulltime,yearly,1,mid_level,97500.0,3.0,University,General IT / Other IT Role
Network Administrator - Senior,fulltime,yearly,0,mid_level,106581.5,10.0,University,Network & Systems
Senior Product Manager - AI & ML Products,fulltime,yearly,0,senior_level,225000.0,4.0,University,Data & Analytics
Program Manager,fulltime,yearly,0,senior_level,147500.0,10.0,University,Project / Program Management
"Technical Program Manager, SFSC, SFSC Integrations",fulltime,yearly,0,senior_level,156150.0,3.0,University,Project / Program Management
IT Technician,contract,yearly,1,mid_level,54180.0,1.0,University,IT Support / Helpdesk
"Systems Engineer, IT (Level II)",fulltime,yearly,1,mid_level,98350.0,2.0,University,Network & Systems
Senior Systems Administrator,fulltime,hourly,0,senior_level,83200.0,10.0,University,Network & Systems
Network Administrator - Intermediate,fulltime,yearly,0,mid_level,60000.0,10.0,University,Network & Systems
Mission Partner Integration SME,fulltime,yearly,0,senior_level,210000.0,15.0,University,Other / Miscellaneous
Systems Engineer II - Architecture,fulltime,yearly,0,mid_level,120991.5,6.0,University,Network & Systems
"ATC Network Engineer I (Hybrid On-site in St. Louis, MO)",fulltime,yearly,0,senior_level,92804.5,3.0,University,Network & Systems
3DX (PLM) Program Leader,contract,hourly,1,senior_level,188240.0,5.0,University,Other / Miscellaneous
Technology Product Owner,fulltime,yearly,1,mid_level,92828.5,2.0,Online/Courses,General IT / Other IT Role
Senior Space Acquisition SME,fulltime,yearly,1,senior_level,220000.0,20.0,University,General IT / Other IT Role
US LBM Lead - Business Engagement - Area,fulltime,yearly,1,mid_level,63549.5,4.0,University,Other / Miscellaneous
US LBM Lead - Applications,fulltime,yearly,1,mid_level,98905.0,4.0,University,Other / Miscellaneous
Consulting Systems Engineer,fulltime,yearly,1,mid_level,138009.5,3.0,University,Network & Systems
Office Manager,fulltime,yearly,0,senior_level,62500.0,2.0,University,IT Management / Director
Anthropologie Assistant Department Manager,fulltime,hourly,0,senior_level,41600.0,1.0,University,IT Management / Director
"Collections/ Recoveries Account Coordinator, WFH",fulltime,hourly,0,senior_level,37440.0,1.0,University,Other / Miscellaneous
Board Certified Behavior Analyst,fulltime,yearly,0,senior_level,117500.0,2.0,University,Other / Miscellaneous
Cloud Security Engineer,fulltime,yearly,0,mid_level,107500.0,4.0,University,Cybersecurity
Associate Director of Data Products - Shared Data Platform,parttime,yearly,0,mid_level,155000.0,3.0,University,Data & Analytics
People Experience Generalist,internship,yearly,0,senior_level,69375.0,2.0,University,Other / Miscellaneous
"Supervisor, Paid Social Media",internship,hourly,1,senior_level,166400.0,4.0,University,Data & Analytics
GSC Lean/Continuous Improvement Project Manager III,internship,yearly,0,senior_level,145950.0,6.0,University,Project / Program Management
Travel CT Tech - $2081.88 / Week,contract,weekly,1,senior_level,2081.0,2.0,Online/Courses,General IT / Other IT Role
IT Support Technician,fulltime,hourly,1,senior_level,55120.0,2.0,University,IT Support / Helpdesk
ER Nurse Manager,fulltime,hourly,0,mid_level,134160.0,3.0,High School,IT Management / Director
"Service Desk Technician, Tier 1",internship,yearly,1,executive_level,74000.0,3.0,Online/Courses,IT Support / Helpdesk
Telecom Field Engineer - Utility Pole Analysis,fulltime,yearly,0,senior_level,100000.0,3.0,University,General IT / Other IT Role
DENTAL OFFICE MANAGER,fulltime,hourly,0,senior_level,68640.0,5.0,University,IT Management / Director
Service Technician - KAUAI,fulltime,hourly,0,senior_level,41600.0,3.0,University,IT Support / Helpdesk
Facilities and Maintenance Coordinator II,fulltime,hourly,0,senior_level,45760.0,1.0,High School,Data & Analytics
Relationship Banker,internship,hourly,0,senior_level,46800.0,2.0,High School,Other / Miscellaneous
"Float Service Representative 1, 2, or 3 (Float Teller) - Spokane and Spokane Valley Branches",contract,hourly,0,senior_level,54080.0,2.0,High School,Other / Miscellaneous
Logistics Coordinator,contract,hourly,0,senior_level,47840.0,1.0,University,Other / Miscellaneous
Experienced Snow Cat Operator,fulltime,hourly,0,senior_level,47840.0,2.0,University,Other / Miscellaneous
Dishwasher / Lavaplatos - Ball Arena,internship,hourly,0,senior_level,39520.0,0.0,University,Other / Miscellaneous
Senior Administrative Assistant,contract,hourly,0,entry_level,60320.0,20.0,University,Other / Miscellaneous
Lead Stylist,internship,hourly,1,senior_level,69680.0,2.0,University,Other / Miscellaneous
Skilled Caregiver for Weekdays,parttime,hourly,0,senior_level,35360.0,18.0,University,Other / Miscellaneous
Housekeeping Room Attendant / Housekeeper,fulltime,hourly,0,entry_level,33280.0,0.0,University,Other / Miscellaneous
Expeditor,fulltime,hourly,0,senior_level,35360.0,1.0,University,General IT / Other IT Role
Senior Operations Manager,fulltime,yearly,0,senior_level,67500.0,3.0,University,IT Management / Director
Children's Library Trainee- Harlem Library,fulltime,yearly,0,senior_level,53830.5,5.0,Online/Courses,Data & Analytics
Bilingual Sales Consultant,fulltime,yearly,0,senior_level,82500.0,1.0,High School,Consulting / Specialist
Territory Sales Manager - Inland Empire - Roofing,fulltime,yearly,0,senior_level,77500.0,3.0,University,IT Management / Director
Operations Field Analyst,internship,yearly,1,executive_level,70000.0,2.0,University,Other / Miscellaneous
Complex Associate Director of Sales,internship,yearly,0,mid_level,70000.0,5.0,University,IT Management / Director
"Account Executive, SMB (IT Staffing)",fulltime,yearly,1,senior_level,200000.0,3.0,University,General IT / Other IT Role
Assistant General Manager - Gjelina LV,internship,yearly,0,senior_level,85000.0,5.0,University,IT Management / Director
(USA) Store Lead (Non-Complex) - Wm,fulltime,yearly,0,mid_level,90000.0,1.0,High School,Other / Miscellaneous
Service Manager,fulltime,yearly,0,senior_level,102500.0,10.0,University,IT Management / Director
RN Cath - EP Lab,fulltime,hourly,0,mid_level,75920.0,2.0,University,Other / Miscellaneous
"Outside Sales Representative - Spokane, WA",internship,monthly,0,mid_level,55000.0,15.0,High School,Other / Miscellaneous
Business Analyst,internship,yearly,0,senior_level,76639.5,2.0,University,Data & Analytics
Temporary Regional Coordinator,fulltime,yearly,0,senior_level,86361.0,4.0,University,Other / Miscellaneous
Legal - Corporate Counsel,contract,yearly,1,senior_level,185000.0,6.0,University,Other / Miscellaneous
Development & Campaign Director,fulltime,yearly,0,senior_level,125652.0,10.0,University,Data & Analytics
Server,fulltime,hourly,0,mid_level,37440.0,2.0,University,Other / Miscellaneous
Continuity Program Manager,fulltime,hourly,0,senior_level,132080.0,2.0,University,Project / Program Management
Lead Systems Administration,fulltime,yearly,0,mid_level,125000.0,13.0,University,General IT / Other IT Role
"Risk Specialist Merchant Services - SME, RCSA & KRI's",fulltime,yearly,1,senior_level,140795.0,6.0,University,Consulting / Specialist
Project Manager ( Non-Technical ),fulltime,yearly,0,mid_level,68111.5,1.0,University,Project / Program Management
"Technology & Security Risk Business Specialist - SME, RCSA & KRIs",fulltime,yearly,1,senior_level,140795.0,6.0,University,Cybersecurity
Technical Project Manager - Supply Chain -FTE,fulltime,yearly,0,senior_level,125000.0,10.0,University,Project / Program Management
Enterprise Product Manager,fulltime,yearly,1,executive_level,132500.0,5.0,University,IT Management / Director
Security Architect,fulltime,yearly,0,senior_level,152104.0,8.0,University,Cybersecurity
Senior DevSecOps Engineer,fulltime,yearly,1,senior_level,131000.0,9.0,University,Cybersecurity
IT Support Specialist,"fulltime, contract",yearly,1,mid_level,48617.5,2.0,University,IT Support / Helpdesk
Identity and Access Management Engineer,fulltime,yearly,0,senior_level,91648.0,5.0,University,General IT / Other IT Role
Cyber Threat Intelligence Analyst,fulltime,yearly,1,senior_level,161250.0,4.0,University,General IT / Other IT Role
Help Desk Analyst,contract,hourly,0,executive_level,57200.0,5.0,University,IT Support / Helpdesk
WMS Super User,fulltime,yearly,0,mid_level,66926.0,3.0,University,Other / Miscellaneous
"Group Product Manager, Intuit Academy Learning and Development",internship,yearly,0,senior_level,182880.5,8.0,University,IT Management / Director
Senior EQD Trading Applications Support Engineer,"fulltime, contract",yearly,1,senior_level,225000.0,5.0,University,IT Support / Helpdesk
IT Project Manager,contract,hourly,0,senior_level,93600.0,5.0,University,Project / Program Management
Security Assessor,contract,yearly,0,senior_level,85000.0,7.0,High School,Cybersecurity
Senior Technical Consulting Manager - Oracle and OFMW,contract,yearly,0,senior_level,172500.0,3.0,University,IT Management / Director
Technical Deputy Director,contract,yearly,0,senior_level,135000.0,7.0,University,IT Management / Director
Unix & Linux Administrator,contract,yearly,0,senior_level,75000.0,7.0,High School,Other / Miscellaneous
Microsoft 365 Senior Engineer - Systems,contract,yearly,0,entry_level,114790.0,5.0,Online/Courses,General IT / Other IT Role
Systems Engineer/Administrator - Lead - Networking,fulltime,yearly,1,mid_level,90000.0,4.0,High School,Network & Systems
Vice President; Infrastructure Engineer Lead,fulltime,yearly,1,mid_level,153350.0,5.0,Online/Courses,Network & Systems
Technical Associate,fulltime,yearly,0,mid_level,42500.0,2.0,University,General IT / Other IT Role
Endpoint Solutions Architect,contract,yearly,1,mid_level,125884.5,5.0,University,Consulting / Specialist
IT Helpdesk Engineer,fulltime,yearly,1,executive_level,62500.0,4.0,High School,General IT / Other IT Role
Security Identity Architect,contract,hourly,1,senior_level,182000.0,3.0,University,Cybersecurity
IFS ERP Solution Architect - Supply Chain,contract,yearly,0,senior_level,164689.0,5.0,University,Data & Analytics
DevSecOps Engineer,contract,yearly,0,entry_level,123500.0,12.0,High School,Cybersecurity
"Head of ETX Governance, Reporting & Administration",internship,yearly,0,senior_level,214200.0,10.0,University,IT Management / Director
Business Systems Technical Analyst,fulltime,yearly,0,senior_level,110000.0,8.0,Online/Courses,General IT / Other IT Role
"Director, Customer Experience (IT Solutions - QNXT & Salesforce) - REMOTE",fulltime,yearly,1,senior_level,152515.0,7.0,University,IT Management / Director
Project Manager - 340B Program,fulltime,yearly,0,senior_level,121000.0,2.0,University,Project / Program Management
Senior PTC Systems Engineer-UP,fulltime,yearly,1,senior_level,105715.0,8.0,Online/Courses,Network & Systems
"Senior Associate Director, Computer Science PhD Program",internship,yearly,1,mid_level,89269.5,5.0,Online/Courses,IT Management / Director
Manhattan Associates MAWM Project Manager,contract,yearly,0,mid_level,98117.5,5.0,University,Project / Program Management
Senior System Engineering,fulltime,yearly,0,senior_level,156400.0,3.0,University,General IT / Other IT Role
Assoc Director-Cybersecurity Vulnerability Management,fulltime,yearly,0,mid_level,208250.0,3.0,University,Cybersecurity
Associate Director – Web Platform Services,fulltime,yearly,0,entry_level,217600.0,10.0,Online/Courses,IT Management / Director
Principal Performance Engineer,fulltime,yearly,0,entry_level,197800.0,8.0,Online/Courses,General IT / Other IT Role
Lead Product Management & Develop,fulltime,yearly,0,mid_level,179800.0,6.0,University,Other / Miscellaneous
Information System Security Engineer (IAT II) (Government),fulltime,yearly,0,mid_level,119050.0,10.0,University,Cybersecurity
Cyber Security Operator (On-Site & TS/SCI),fulltime,yearly,0,senior_level,113818.5,5.0,University,Cybersecurity
IT Systems Technician,fulltime,yearly,0,senior_level,55340.5,4.0,High School,IT Support / Helpdesk
IT Manager,fulltime,yearly,0,senior_level,119821.0,5.0,High School,IT Management / Director
Sr. Systems Administrator,fulltime,yearly,1,executive_level,85000.0,5.0,University,Network & Systems
Dimensional Engineer,internship,yearly,0,mid_level,81841.5,3.0,University,General IT / Other IT Role
IT Lead Auditor - Integrated Technology (Hybrid),fulltime,yearly,0,senior_level,113472.0,5.0,University,General IT / Other IT Role
Network Administrator,fulltime,yearly,0,senior_level,104705.5,5.0,University,Network & Systems
Cybersecurity Project Engineering Team Lead (ADV0009GD) A,fulltime,yearly,1,mid_level,125500.0,8.0,University,Cybersecurity
Cloud Security Operations Specialist Lead - USDS,internship,yearly,0,senior_level,201000.0,4.0,University,Cybersecurity
Cloud Technical Manager,fulltime,yearly,0,mid_level,130000.0,5.0,University,IT Management / Director
IT Network Administrator,fulltime,yearly,1,mid_level,95000.0,5.0,High School,Network & Systems
Integration Developer,fulltime,yearly,0,senior_level,112500.0,3.0,University,Software Development
Director of Healthcare Technology Management,fulltime,yearly,0,senior_level,120000.0,5.0,University,IT Management / Director
Platform Engineer (Staff/Senior),fulltime,yearly,1,senior_level,225000.0,5.0,University,General IT / Other IT Role
Senior Segmentation ML Lead - Immediate Start,fulltime,yearly,0,entry_level,185974.5,7.0,University,Other / Miscellaneous
"Senior Engineering Manager, Platform",fulltime,yearly,1,senior_level,250000.0,7.0,University,IT Management / Director
Senior Network and Security Operations Center (NSOC) Systems Engineer,fulltime,yearly,0,mid_level,152387.5,15.0,University,Network & Systems
IT Compliance,fulltime,yearly,0,senior_level,108231.5,5.0,University,General IT / Other IT Role
DOAS Systems Analyst,contract,hourly,0,executive_level,78000.0,5.0,University,General IT / Other IT Role
Tier 1 SOC Analyst,fulltime,yearly,0,senior_level,66500.0,2.0,University,Other / Miscellaneous
ServiceNow SME,fulltime,yearly,1,senior_level,190000.0,16.0,University,Other / Miscellaneous
Business Systems Analyst,fulltime,yearly,1,senior_level,86000.0,5.0,University,General IT / Other IT Role
Jr Cyber Security SecOps Administrator,fulltime,yearly,0,senior_level,96220.5,7.0,University,Cybersecurity
Mainframe zOS RACF Engineer,fulltime,yearly,0,senior_level,146150.0,10.0,University,Data & Analytics
Senior Director Test Development,fulltime,yearly,1,senior_level,152500.0,5.0,University,IT Management / Director
"Penetration Tester, Senior",fulltime,yearly,1,mid_level,138800.0,3.0,University,Other / Miscellaneous
"Scrum Master, Mid",fulltime,yearly,1,senior_level,98650.0,3.0,University,Project / Program Management
"Government Travel Desk Specialist, Mid",fulltime,yearly,1,senior_level,98700.0,3.0,University,Consulting / Specialist
Identity & Access Management (IAM) Administrator,fulltime,yearly,0,senior_level,123500.0,4.0,University,General IT / Other IT Role
IT System Engineer,fulltime,yearly,0,mid_level,104000.0,4.0,University,General IT / Other IT Role
Product Support Analyst,fulltime,yearly,1,senior_level,76000.5,3.0,University,IT Support / Helpdesk
Lead Salesforce Developer,fulltime,yearly,0,senior_level,163804.0,8.0,University,Software Development
Senior Agile Project Manager,fulltime,yearly,1,senior_level,112945.0,2.0,University,Project / Program Management
Sr. IT Analyst,fulltime,yearly,1,senior_level,68407.0,2.0,University,General IT / Other IT Role
Technical Customer Support Specialist (Remote),fulltime,yearly,1,senior_level,61310.5,2.0,University,IT Support / Helpdesk
Telecom Analyst,fulltime,yearly,0,senior_level,90000.0,5.0,University,Other / Miscellaneous
IT Telecommunications Engineering Senior Specialist or Consultant,internship,yearly,0,mid_level,97243.0,5.0,Online/Courses,Consulting / Specialist
Security Control Assessor,fulltime,yearly,0,mid_level,159311.0,6.0,University,Cybersecurity
Model and Simulation Engineer,fulltime,yearly,0,mid_level,137558.5,9.0,University,General IT / Other IT Role
Desktop Support Technician,fulltime,yearly,0,mid_level,57144.0,2.0,High School,IT Support / Helpdesk
Training Specialist,fulltime,yearly,1,senior_level,66000.0,20.0,Online/Courses,Data & Analytics
Engineering Manager,fulltime,yearly,1,senior_level,113400.0,5.0,University,IT Management / Director
"Systems Analyst, Workforce Management",fulltime,yearly,0,senior_level,80392.5,3.0,Online/Courses,General IT / Other IT Role
Chief Information Officer,fulltime,yearly,0,senior_level,375000.0,15.0,University,IT Management / Director
Student Trainee (Information Technology),fulltime,yearly,0,mid_level,40740.5,1.0,High School,Data & Analytics
IT Support Technician,fulltime,hourly,1,mid_level,48880.0,1.0,High School,IT Support / Helpdesk
Information Technology Engineer II - Epic ODBA,fulltime,yearly,0,mid_level,90014.5,5.0,University,General IT / Other IT Role
Director of Enterprise Architecture - Technical Architect,internship,yearly,0,senior_level,208149.0,12.0,University,IT Management / Director
"Senior Director, Global Deal & Contracting",fulltime,yearly,0,mid_level,148586.0,10.0,University,IT Management / Director
"Manager, L1 Triage",internship,yearly,1,senior_level,97500.0,3.0,University,IT Management / Director
Senior Salesforce Administrator,internship,yearly,1,entry_level,105495.0,5.0,University,Other / Miscellaneous
"Program Manager III, Security, Google Cloud",fulltime,yearly,0,senior_level,195000.0,10.0,Online/Courses,Cybersecurity
"Program Manager II, Data Center Operations, Technical Infrastructure",fulltime,yearly,0,senior_level,144500.0,2.0,Online/Courses,Network & Systems
"Program Manager II, Software Engineering, Search",fulltime,yearly,0,mid_level,144500.0,2.0,University,Software Development
"Technical Program Manager III, Data Analytics, Google Cloud",fulltime,yearly,0,senior_level,176500.0,5.0,University,Project / Program Management
Network Administrator,fulltime,yearly,0,mid_level,84817.0,5.0,Online/Courses,Network & Systems
Product Line Manager,internship,yearly,0,senior_level,175000.0,5.0,University,IT Management / Director
Manager Technology-Java,fulltime,yearly,0,senior_level,149000.0,7.0,University,Software Development
"Manager, Implementation- Internal Only",internship,yearly,1,senior_level,138000.0,7.0,University,IT Management / Director
Director Client Implementations,fulltime,yearly,0,mid_level,155190.0,10.0,University,IT Management / Director
Principal Technical Program Manager,fulltime,yearly,1,senior_level,161081.0,8.0,Online/Courses,Project / Program Management
"EASE Product Manager, Shopping (Remote-Eligible)",fulltime,yearly,1,mid_level,148250.0,3.0,University,IT Management / Director
"Capital One Software, Product Manager- User Experience (Remote)",fulltime,yearly,1,entry_level,148250.0,3.0,University,IT Management / Director
"Senior Associate, Product Manager - Marketing Adtech",fulltime,yearly,0,mid_level,122800.0,2.0,University,IT Management / Director
"Senior Manager, Product Management (Premium Products & Experiences)",fulltime,yearly,0,mid_level,213150.0,5.0,University,IT Management / Director
Distinguished Engineer,fulltime,yearly,0,mid_level,294200.0,7.0,University,General IT / Other IT Role
"Senior Product Manager, Delivery Pipelines",fulltime,yearly,0,mid_level,213150.0,5.0,Online/Courses,IT Management / Director
Applications Engineer Synthesis & Physical Design,internship,yearly,0,senior_level,167000.0,5.0,University,General IT / Other IT Role
Sr Cybersecurity IAM Specialist,fulltime,yearly,0,senior_level,113200.0,4.0,University,Cybersecurity
GRC/IRM Technology Solutions Consultant – Sr Associate,internship,yearly,0,entry_level,143000.0,3.0,University,Consulting / Specialist
Global Threat Intelligence Technical Analyst - Manager,internship,yearly,0,entry_level,166000.0,5.0,University,IT Management / Director
Systems Network Engineer (UAS),fulltime,yearly,0,mid_level,124487.0,8.0,University,Network & Systems
Cyber Security Engineer / ISSO,fulltime,yearly,0,entry_level,124357.0,7.0,University,Cybersecurity
Director of Business Solutions,fulltime,yearly,0,senior_level,139719.5,5.0,University,IT Management / Director
CADD and Engineering Technology Analyst,internship,yearly,0,mid_level,123801.5,10.0,University,General IT / Other IT Role
Clinical Systems & Analytical Reporting Manager,internship,yearly,1,mid_level,137709.5,3.0,High School,IT Management / Director
Omen Gaming and premium support agent,internship,hourly,1,senior_level,72800.0,8.0,High School,IT Support / Helpdesk
Principal Technology Program Manager,internship,yearly,0,mid_level,174000.0,10.0,University,Project / Program Management
Print Security & Manageability Product Manager,internship,yearly,1,senior_level,116900.0,5.0,University,Cybersecurity
Senior Cloud Security Engineer - Remote,fulltime,yearly,1,entry_level,130600.0,2.0,University,Cybersecurity
"Senior Specialist, Info Sec Sys Engineer - Remote",internship,yearly,1,senior_level,140289.5,4.0,University,Consulting / Specialist
Internal until 10/18/24 PART-TIME IT Help Desk Specialist,parttime,hourly,1,senior_level,45760.0,4.0,High School,IT Support / Helpdesk
IT Service Tech,fulltime,yearly,1,mid_level,47155.0,1.0,University,General IT / Other IT Role
Technical Support Analyst,internship,yearly,0,executive_level,81501.0,5.0,University,IT Support / Helpdesk
Senior IT Systems Engineer,fulltime,yearly,0,senior_level,105000.0,7.0,Online/Courses,Network & Systems
Manufacturing Execution System Engineer,fulltime,yearly,1,senior_level,100227.0,2.0,University,General IT / Other IT Role
Operational Risk Senior (Hybrid – 3 Days in Office – VA or TX),fulltime,yearly,0,senior_level,118000.0,5.0,University,Other / Miscellaneous
IT Support Specialist,fulltime,yearly,0,senior_level,59014.5,3.0,High School,IT Support / Helpdesk
Administrative and Academic Information Systems Consultant,fulltime,yearly,1,senior_level,85612.5,5.0,University,Consulting / Specialist
MDA Cyber Security Engineer/ Information Systems Security Officer (ISSO),fulltime,yearly,0,entry_level,118708.5,7.0,University,Cybersecurity
Support Desk Engineer I,fulltime,hourly,1,mid_level,41600.0,1.0,University,IT Support / Helpdesk
System Administrator I,fulltime,yearly,1,mid_level,62500.0,3.0,University,Network & Systems
Field Services Technician,fulltime,hourly,1,senior_level,56160.0,3.0,High School,IT Support / Helpdesk
Help Desk Support Engineer,fulltime,hourly,1,mid_level,57200.0,3.0,High School,IT Support / Helpdesk
Client Success Director (Chicago),fulltime,yearly,0,senior_level,158211.5,5.0,University,IT Management / Director
Senior Product Manager - Digital Loyalty Experiences,fulltime,yearly,1,mid_level,141450.0,7.0,University,IT Management / Director
"Senior Manager, Transformation",fulltime,yearly,0,senior_level,125750.0,7.0,University,IT Management / Director
"Application Analyst IV - Epic ASAP, ClinDoc, or Stork",fulltime,hourly,1,senior_level,150800.0,4.0,University,Other / Miscellaneous
Application Analyst III - Epic ClinDoc and Stork,fulltime,hourly,1,senior_level,124800.0,2.0,University,Other / Miscellaneous
Cybersecurity Architect,internship,yearly,1,mid_level,151246.5,6.0,University,Cybersecurity
Information Technology Support Technician,fulltime,yearly,1,mid_level,52500.0,1.0,University,IT Support / Helpdesk
Staff Product Manager - Device Certification,fulltime,yearly,0,senior_level,128700.0,8.0,University,IT Management / Director
Senior Product Manager,fulltime,yearly,0,senior_level,121725.0,5.0,University,IT Management / Director
Product Support Tech II (Remote),fulltime,yearly,1,senior_level,62205.0,3.0,University,IT Support / Helpdesk
IT Remote Support Specialist I,fulltime,hourly,1,senior_level,41600.0,2.0,Bootcamp,IT Support / Helpdesk
IT Support,fulltime,hourly,0,mid_level,55120.0,3.0,Online/Courses,IT Support / Helpdesk
Senior Product Manager,fulltime,yearly,1,senior_level,139350.0,5.0,University,IT Management / Director
SME Computer User Support Specialist,fulltime,hourly,0,mid_level,104000.0,9.0,University,IT Support / Helpdesk
Sr. Systems Engineer I (Automation),fulltime,yearly,0,senior_level,134000.0,4.0,University,Network & Systems
Sr. Systems Engineer I - Unix Team Lead,fulltime,yearly,1,mid_level,134000.0,4.0,University,Network & Systems
System Administrator 5 (Cloud Architect) - Network and Desktop Computing - FT - Day - Hybrid,fulltime,yearly,1,mid_level,170100.0,7.0,University,Network & Systems
Cash Application Analyst,fulltime,yearly,0,mid_level,69752.5,3.0,University,Other / Miscellaneous
Localization Technical Program Manager,fulltime,yearly,0,entry_level,92850.0,7.0,University,Project / Program Management
End User Computing Analyst,fulltime,hourly,1,entry_level,53040.0,2.0,University,Other / Miscellaneous
Identity Access Administrator 2,fulltime,yearly,0,executive_level,93988.5,2.0,University,General IT / Other IT Role
IT Security Manager,fulltime,yearly,0,mid_level,140000.0,10.0,University,Cybersecurity
Proofpoint Engineer,fulltime,yearly,1,senior_level,126331.0,5.0,Online/Courses,General IT / Other IT Role
SDA Data Systems Acquisition Program Manager,fulltime,yearly,1,senior_level,155000.0,8.0,University,Project / Program Management
SDA BCC Software Acquisition Program Manager,fulltime,yearly,1,senior_level,155000.0,12.0,University,Project / Program Management
"Cybersecurity Specialist, Senior",fulltime,yearly,0,mid_level,94199.5,12.0,University,Cybersecurity
"Program Representative - IT Project Manager (Sr., Specialist, Principal)",fulltime,yearly,0,senior_level,115410.0,4.0,University,Project / Program Management
"IT Infrastructure Engineer (II, Sr., Specialist, Principal)",fulltime,yearly,0,mid_level,113516.5,2.0,University,Network & Systems
Network Engineer,fulltime,yearly,0,senior_level,96725.0,4.0,University,Network & Systems
"Senior Help Desk Administrator - Houston, TX",fulltime,yearly,0,senior_level,78072.5,5.0,University,IT Support / Helpdesk
"Senior Network Architect - Houston, TX",fulltime,yearly,0,mid_level,148170.0,10.0,University,Network & Systems
"Director, Data Engineering - Houston, TX",fulltime,yearly,1,senior_level,157295.0,10.0,University,Data & Analytics
"Senior Cyber Security Analyst - Houston, TX",fulltime,yearly,1,senior_level,122243.5,5.0,University,Cybersecurity
Systems Analyst II,fulltime,yearly,1,entry_level,82248.5,4.0,High School,General IT / Other IT Role
Senior Cyber Defense Forensic Analyst,fulltime,yearly,0,entry_level,111474.5,8.0,University,General IT / Other IT Role
Network Engineer,fulltime,yearly,1,senior_level,89009.0,4.0,High School,Network & Systems
Senior Service Desk Specialist - active Top Secret clearance,fulltime,yearly,1,mid_level,135640.5,4.0,University,IT Support / Helpdesk
Navy ERP Strategic Advisor (SME),fulltime,yearly,1,senior_level,232500.0,20.0,University,Other / Miscellaneous
Senior Configuration Manager,fulltime,yearly,0,senior_level,124912.0,10.0,University,IT Management / Director
"Manager, Digital Products, Madison Ave, New York City, NY",contract,yearly,0,senior_level,114140.5,5.0,University,IT Management / Director
"Director, Product Management",fulltime,yearly,1,mid_level,195650.0,5.0,University,IT Management / Director
Senior Business Systems Analyst,fulltime,yearly,1,entry_level,93650.0,5.0,University,General IT / Other IT Role
Lead Product Owner,fulltime,yearly,1,mid_level,133650.0,5.0,University,Other / Miscellaneous
"Sr. Program Manager, Air Cargo, Amazon Air",fulltime,yearly,0,senior_level,144550.0,5.0,University,Project / Program Management
"Worldwide Containers Specialist, AWS Solutions & GTM Programs",fulltime,yearly,0,senior_level,130450.0,3.0,Online/Courses,Data & Analytics
Senior iBuyEfficient Implementation Specialist & LMS Administrator,internship,yearly,0,mid_level,86556.0,3.0,Online/Courses,Consulting / Specialist
Senior Oracle Business Systems Engineer,fulltime,yearly,1,mid_level,115569.0,4.0,University,Network & Systems
Technical Solution Engineer II,fulltime,yearly,0,senior_level,92250.0,2.0,University,General IT / Other IT Role
Sr. Product Manager,fulltime,yearly,0,mid_level,175761.5,5.0,University,IT Management / Director
Sr Security Engineer,fulltime,yearly,0,senior_level,105876.0,8.0,Online/Courses,Cybersecurity
Project Manager Construction - PMP Preferred,fulltime,yearly,1,senior_level,105000.0,5.0,High School,Project / Program Management
"Project Manager – P&C Insurance, Guidewire/OnBase Systems",fulltime,yearly,0,senior_level,111191.0,5.0,University,Project / Program Management
Product Manager,fulltime,yearly,1,senior_level,141714.5,10.0,University,IT Management / Director
Chief Technology Officer - CTO,fulltime,yearly,1,senior_level,167648.0,15.0,University,IT Management / Director
Technical Project Manager,fulltime,yearly,0,senior_level,127500.0,5.0,University,Project / Program Management
Integration Specialist,fulltime,yearly,0,mid_level,47500.0,1.0,High School,Consulting / Specialist
INFORMATION TECHNOLOGY TECHNICIAN,internship,monthly,1,entry_level,5216.5,5.0,Online/Courses,IT Support / Helpdesk
Director of Product Management | Outdoor Power Equipment,fulltime,yearly,0,senior_level,159815.0,5.0,University,IT Management / Director
Associate Product Manager,fulltime,yearly,0,mid_level,80000.0,1.0,University,IT Management / Director
SharePoint Administrator - SECRET Security Clearance,fulltime,yearly,0,executive_level,81582.0,3.0,University,Cybersecurity
Cybersecurity Analyst - NASA NCAPS,fulltime,yearly,1,senior_level,122289.0,12.0,University,Cybersecurity
Niagara Framework SME,fulltime,yearly,0,executive_level,124854.5,10.0,University,Other / Miscellaneous
Technical Analyst II,fulltime,yearly,0,senior_level,90872.5,5.0,University,General IT / Other IT Role
Workday Integration and Extend Solution Architect,fulltime,yearly,0,mid_level,162972.0,5.0,University,General IT / Other IT Role
IT-VTC Technician,fulltime,yearly,0,mid_level,70048.0,5.0,University,IT Support / Helpdesk
Product Owner,fulltime,yearly,1,senior_level,129599.0,5.0,University,Other / Miscellaneous
"Director, Information Technology",fulltime,yearly,0,senior_level,168671.5,10.0,University,IT Management / Director
ASSOCIATE PRODUCT MANAGER,fulltime,yearly,0,mid_level,74351.5,2.0,University,IT Management / Director
Salesforce LWC Developer,fulltime,yearly,1,senior_level,123282.5,5.0,University,Software Development
Cyber Security Engineer/Information Systems Security Officer,fulltime,yearly,0,entry_level,111271.5,7.0,University,Cybersecurity
Cyber Security Identity & Access Specialist,fulltime,yearly,0,mid_level,81078.0,1.0,University,Cybersecurity
Pressure Systems Engineer,fulltime,yearly,0,mid_level,111150.5,5.0,University,Network & Systems
Business Systems Analyst,fulltime,yearly,0,mid_level,96918.5,5.0,University,General IT / Other IT Role
Help Desk Technician,fulltime,hourly,0,mid_level,66560.0,1.0,University,IT Support / Helpdesk
"Director, Segment Collections & Strategy",fulltime,yearly,0,senior_level,152698.5,10.0,University,IT Management / Director
US Product Manager - Automation Solutions,fulltime,yearly,0,senior_level,130600.0,5.0,Online/Courses,IT Management / Director
"Director, Design",fulltime,yearly,1,senior_level,160000.0,7.0,Online/Courses,IT Management / Director
Help Desk Administrator,internship,yearly,1,mid_level,47546.5,2.0,University,IT Support / Helpdesk
Apps Dev Tech Lead Analyst - C13 - TAMPA,fulltime,yearly,0,mid_level,142300.0,6.0,University,General IT / Other IT Role
Digital S/W Eng Lead Analyst - VP (contractor conversion),"fulltime, contract",yearly,0,senior_level,157000.0,8.0,University,IT Management / Director
Apps Support Analyst (HYBRID),fulltime,yearly,0,senior_level,109100.0,5.0,University,IT Support / Helpdesk
"Sr. Quantitative Model Developer – Economic Forecasting, SVP",fulltime,yearly,0,entry_level,220900.0,0.0,University,Software Development
Technical Project Management Lead,fulltime,yearly,0,senior_level,157200.0,6.0,University,General IT / Other IT Role
Technical Director - Flight Controls Systems,fulltime,yearly,1,senior_level,198850.0,12.0,University,IT Management / Director
Cyber Security Systems Engineer (SME)- ISSE,fulltime,yearly,1,senior_level,189915.0,16.0,University,Network & Systems
"Associate, IM Sponsorships & Operations",fulltime,yearly,0,mid_level,157500.0,6.0,University,Other / Miscellaneous
"Senior Manager, Enterprise Security Programs",fulltime,yearly,0,senior_level,340000.0,10.0,University,Cybersecurity
Cybersecurity Principal Specialist #5387,fulltime,yearly,0,senior_level,151120.0,7.0,High School,Cybersecurity
"Product Manager, Warehouse Management Systems",internship,yearly,1,senior_level,205000.0,6.0,Online/Courses,IT Management / Director
Digital Platform Tooling Analyst,fulltime,yearly,0,senior_level,100249.5,5.0,University,General IT / Other IT Role
Associate HRIS Analyst,fulltime,yearly,0,mid_level,70209.0,2.0,University,Other / Miscellaneous
Security Operations Analyst,fulltime,yearly,0,senior_level,97500.0,2.0,University,Cybersecurity
Remote - Senior Technical Project Manager,internship,yearly,1,senior_level,120100.0,8.0,University,Project / Program Management
Operations Technical Support I,internship,yearly,1,senior_level,48484.5,1.0,University,IT Support / Helpdesk
North America's Renewal Manager,fulltime,yearly,1,senior_level,160000.0,8.0,University,IT Management / Director
ISSM,fulltime,yearly,1,senior_level,110467.0,3.0,University,Other / Miscellaneous
Technical Alignment Technician,fulltime,yearly,1,executive_level,50000.0,3.0,University,IT Support / Helpdesk
"VP/ Director of Information Technology (Hybrid - Tacoma, WA)",fulltime,yearly,1,senior_level,105000.0,10.0,University,IT Management / Director
System Administrator / Training and Support Specialist Contractor,"fulltime, contract",yearly,1,senior_level,72858.0,5.0,University,IT Support / Helpdesk
System Administrator / Training and Support Specialist,fulltime,yearly,1,senior_level,61304.5,5.0,University,IT Support / Helpdesk
Communications Engineer w/ TS/SCI,fulltime,yearly,0,entry_level,77500.0,4.0,High School,General IT / Other IT Role
IT System Administrator-FT-IT-Provo,fulltime,yearly,0,mid_level,97049.5,3.0,University,Network & Systems
NAS Planning Enterprise Architect,fulltime,yearly,0,senior_level,137899.5,10.0,University,Consulting / Specialist
MS Dynamic 365 Consultant (Power Platform),contract,hourly,0,mid_level,156000.0,6.0,University,Consulting / Specialist
"Sr. Manager, Operations Program",fulltime,yearly,0,senior_level,199603.0,10.0,University,IT Management / Director
Associate Cybersecurity Threat Analyst - Remote,fulltime,yearly,1,mid_level,106050.0,3.0,University,Cybersecurity
"Senior Product Manager, Legal Technology",fulltime,yearly,1,senior_level,195000.0,8.0,University,IT Management / Director
IT Manager,parttime,yearly,1,senior_level,25000.0,7.0,University,IT Management / Director
Desktop Support Engineer,"parttime, contract",hourly,1,executive_level,54080.0,2.0,University,IT Support / Helpdesk
Product Manager - Loyalty & Wallet,fulltime,yearly,0,mid_level,109200.0,2.0,University,IT Management / Director
Program Manager (Hybrid) - 21076,fulltime,yearly,0,senior_level,162915.5,6.0,High School,Project / Program Management
Field Support Technician Assoc.,fulltime,yearly,0,mid_level,56083.5,2.0,High School,IT Support / Helpdesk
Director of Portfolio Strategy - Data Center,internship,yearly,0,senior_level,204297.5,10.0,University,Data & Analytics
IT Director,fulltime,yearly,0,senior_level,129111.5,10.0,University,IT Management / Director
Product Manager,contract,hourly,0,senior_level,118560.0,3.0,University,IT Management / Director
Senior SAP Security Administrator,contract,hourly,0,senior_level,163280.0,7.0,University,Cybersecurity
Technical Delivery Manager,contract,hourly,0,senior_level,109200.0,5.0,University,IT Management / Director
Systems Engineer with ACTIVE DoD Secret Security Clearance,contract,hourly,0,senior_level,114400.0,4.0,University,Network & Systems
Principle Systems Engineer,contract,hourly,0,mid_level,198640.0,8.0,University,Network & Systems
Configuration Manager,fulltime,yearly,0,senior_level,101222.0,5.0,University,IT Management / Director
Network/Systems Administrator I (Monitoring),fulltime,yearly,1,senior_level,57500.0,0.0,University,Network & Systems
IT Support Technician I/II,fulltime,hourly,0,entry_level,59280.0,0.0,High School,IT Support / Helpdesk
Sales Enablement CRM Product Owner,fulltime,yearly,0,senior_level,132519.0,6.0,University,Other / Miscellaneous
Sr Product Manager,fulltime,yearly,0,senior_level,92800.0,6.0,Online/Courses,IT Management / Director
Network Implementation Engineer (Build Engineer),fulltime,hourly,1,senior_level,109200.0,5.0,University,Network & Systems
"Technical Support Analyst I, Technology Services",fulltime,hourly,0,mid_level,57200.0,0.0,University,IT Support / Helpdesk
"Product Owner, CLM & Procurement",fulltime,yearly,0,senior_level,128674.0,10.0,University,Other / Miscellaneous
Lead SAP Security Architect,fulltime,yearly,0,senior_level,143906.0,7.0,University,Cybersecurity
MS Dynamics 365 and Power Platform,fulltime,hourly,0,mid_level,156000.0,4.0,University,Other / Miscellaneous
Project Manager I - Digital Production Program Management,fulltime,yearly,1,senior_level,69301.0,2.0,University,Project / Program Management
Network Infrastructure Security Engineer,fulltime,yearly,0,mid_level,91300.0,3.0,University,Network & Systems
IT Project Manager,internship,yearly,0,senior_level,109237.0,5.0,University,Project / Program Management
"Deputy Program Manager, AEGIS",fulltime,yearly,0,senior_level,202575.0,10.0,University,Project / Program Management
SharePoint Developer,fulltime,yearly,0,senior_level,122275.0,6.0,University,Software Development
Product Configuration Manager,fulltime,yearly,0,mid_level,142350.0,8.0,University,IT Management / Director
Cybersecurity Director,fulltime,yearly,0,senior_level,202575.0,15.0,University,Cybersecurity
"Domain Consultant Network Security Transformation, SASE",fulltime,yearly,0,senior_level,235500.0,3.0,University,Network & Systems
"Lead Specialist, Telecom",fulltime,yearly,0,mid_level,125000.0,10.0,University,Consulting / Specialist
AWS Cloud Engineer,fulltime,yearly,0,senior_level,105000.0,3.0,Online/Courses,Network & Systems
IT Service Manager,fulltime,yearly,0,senior_level,98679.5,5.0,University,IT Management / Director
Senior Systems Administrator,internship,yearly,0,senior_level,129500.0,15.0,University,Network & Systems
Product Line Manager,contract,yearly,0,senior_level,139178.0,3.0,University,IT Management / Director
Desktop Support Service Technician,fulltime,yearly,1,executive_level,41128.5,1.0,University,IT Support / Helpdesk
Information Technology/Assurance Specialist II,fulltime,yearly,0,mid_level,91811.5,5.0,University,Consulting / Specialist
Production Support Analyst,fulltime,yearly,1,mid_level,64632.5,1.0,Bootcamp,IT Support / Helpdesk
PRINCIPAL- TECHNOLOGY TRANSFORMATION,fulltime,yearly,1,senior_level,170317.0,10.0,University,General IT / Other IT Role
Engineering Manager,fulltime,yearly,1,entry_level,179234.0,10.0,University,IT Management / Director
IT Systems Engineer,fulltime,yearly,0,senior_level,85000.0,3.0,University,Network & Systems
Senior Cyber Operations Analyst,fulltime,yearly,0,senior_level,138036.5,5.0,Online/Courses,General IT / Other IT Role
IT Field Support Technician,contract,hourly,1,senior_level,78000.0,1.0,University,IT Support / Helpdesk
Strategic Acct Project Manager,fulltime,yearly,0,senior_level,143336.0,3.0,University,Project / Program Management
SunNet AWS Auto Engineer,fulltime,yearly,1,senior_level,129914.5,10.0,University,General IT / Other IT Role
Feed Ingredients Product Manager,internship,yearly,1,senior_level,139556.5,4.0,University,IT Management / Director
Senior Product Manager,fulltime,yearly,0,senior_level,183700.0,5.0,University,IT Management / Director
Enterprise Solution Architect,fulltime,yearly,0,senior_level,173200.0,8.0,University,General IT / Other IT Role
Senior Product Manager,fulltime,hourly,1,senior_level,139360.0,5.0,University,IT Management / Director
Level 1 Junior Systems Administrator,fulltime,hourly,1,entry_level,47840.0,2.0,University,Network & Systems
Senior Network Engineer (Houston Remote),internship,yearly,1,entry_level,128682.5,5.0,University,Network & Systems
"13+ Years Project Manager Senior - Washington, DC (Onsite)",contract,hourly,0,senior_level,119600.0,5.0,University,Project / Program Management
"11+ Years -Business Process Consultant Senior - Washington, DC (Onsite)",contract,hourly,0,senior_level,119600.0,3.0,University,Consulting / Specialist
Cyber Strategy Consultant,fulltime,yearly,0,mid_level,91060.0,2.0,University,Consulting / Specialist
Cyber Incident Responder,fulltime,yearly,0,mid_level,135500.0,5.0,University,General IT / Other IT Role
Oracle Specialist Master,fulltime,yearly,0,mid_level,174900.0,7.0,University,Consulting / Specialist
Workday Adaptive Planning Consultant,fulltime,yearly,0,senior_level,117242.0,2.0,University,Consulting / Specialist
Cybersecurity PMO Support Senior Consultant,fulltime,yearly,0,mid_level,135500.0,4.0,University,IT Support / Helpdesk
Confidentiality & Privacy Risk Manager - Technology Assessments,fulltime,yearly,0,mid_level,135250.0,5.0,University,IT Management / Director
SailPoint IDN and NERM Senior Consultant,fulltime,yearly,0,mid_level,135500.0,5.0,University,Data & Analytics
Cross Consulting Group Consultant,fulltime,yearly,0,mid_level,102300.0,1.0,University,Consulting / Specialist
Cloud Business Analayst,fulltime,yearly,0,senior_level,161000.0,2.0,University,General IT / Other IT Role
SAP Functional Project Delivery Analyst,fulltime,yearly,0,mid_level,102300.0,2.0,University,Other / Miscellaneous
SAP TM Senior Consultant,fulltime,yearly,0,mid_level,174900.0,5.0,University,Consulting / Specialist
Oracle Cloud Finance Senior Consultant,fulltime,yearly,0,entry_level,151100.0,6.0,University,Consulting / Specialist
Salesforce Commerce Cloud Functional Senior Consultant,fulltime,yearly,1,mid_level,174900.0,5.0,Online/Courses,Consulting / Specialist
Manager - GPS BISO,fulltime,yearly,1,mid_level,164450.0,6.0,University,IT Management / Director
Senior Financial Engineer,internship,yearly,1,mid_level,200000.0,7.0,University,General IT / Other IT Role
"PTC System Integrator-New York City, NY",contract,yearly,0,senior_level,199040.0,10.0,University,General IT / Other IT Role
Cyber / Infrastructure Specialist,fulltime,yearly,0,mid_level,165000.0,5.0,University,Network & Systems
Program Leads - IT Support Services (Top Secret clearance required),fulltime,yearly,0,senior_level,99768.5,7.0,University,IT Support / Helpdesk
Program Manager - IT Support Services (Top Secret clearance required),fulltime,yearly,0,senior_level,131278.5,10.0,University,IT Support / Helpdesk
Senior ServiceNow Engineer,fulltime,yearly,1,senior_level,175500.0,12.0,University,General IT / Other IT Role
"Systems Engineering, Senior Associate",fulltime,yearly,0,mid_level,86000.0,2.0,University,Network & Systems
ServiceNow Architect SME,fulltime,yearly,1,entry_level,190000.0,16.0,University,General IT / Other IT Role
ServiceNow Solutioning Architect SME,fulltime,yearly,1,senior_level,190000.0,16.0,University,General IT / Other IT Role
IT Service Desk Analyst II,fulltime,yearly,0,senior_level,66500.0,3.0,High School,IT Support / Helpdesk
Senior AWS Cloud Architect,fulltime,yearly,1,mid_level,175500.0,12.0,University,General IT / Other IT Role
ITCC Vulnerability Management Lead,fulltime,yearly,0,senior_level,104000.0,6.0,University,General IT / Other IT Role
ITCC Cyber Engineering Lead,fulltime,yearly,0,senior_level,145500.0,10.0,University,General IT / Other IT Role
ISSO,fulltime,yearly,0,senior_level,175500.0,8.0,University,Other / Miscellaneous
Enterprise Security Subject Matter Expert,fulltime,yearly,1,senior_level,86000.0,5.0,University,Cybersecurity
"Business Systems Analysis, Lead Associate",fulltime,yearly,0,senior_level,86000.0,5.0,High School,General IT / Other IT Role
Cyber Threat Analyst,fulltime,yearly,0,senior_level,145500.0,8.0,University,General IT / Other IT Role
AWS Cloud Infrastructure Architect SME,fulltime,yearly,1,entry_level,190000.0,16.0,University,Network & Systems
DevSecOps Administrator,fulltime,yearly,1,senior_level,110000.0,5.0,University,Cybersecurity
Senior Researcher -Advanced Batteries,fulltime,yearly,0,entry_level,160300.0,3.0,University,Other / Miscellaneous
Information Assurance Specialist,fulltime,yearly,0,mid_level,67553.5,1.0,University,Consulting / Specialist
"Engineer, End-User Compute (EUC)",internship,yearly,1,executive_level,77873.0,3.0,University,General IT / Other IT Role
Sr Systems Engineer,fulltime,yearly,0,mid_level,124293.5,7.0,Online/Courses,Network & Systems
Systems Support Analyst,fulltime,yearly,0,mid_level,114900.0,5.0,Online/Courses,IT Support / Helpdesk
Apps Solution Analyst III,fulltime,hourly,0,senior_level,88400.0,7.0,University,Other / Miscellaneous
"Engineer II, Operations Technology",fulltime,yearly,0,mid_level,77064.0,6.0,University,General IT / Other IT Role
Sr. Appian Technology Consultant,fulltime,yearly,1,entry_level,123540.5,5.0,University,Consulting / Specialist
Quality and Accreditation Consultant,fulltime,yearly,1,senior_level,77529.5,3.0,University,Consulting / Specialist
Cloud Computer Engineer,fulltime,yearly,0,executive_level,129994.0,10.0,University,General IT / Other IT Role
Database Product Support Manager - High Availability,fulltime,yearly,0,senior_level,124332.0,10.0,University,IT Support / Helpdesk
"Security Manager, Data Center Security Operations",fulltime,yearly,0,senior_level,146621.5,5.0,University,Cybersecurity
Senior Member of Technical Staff,fulltime,yearly,0,entry_level,159966.0,5.0,University,General IT / Other IT Role
Principal Technical Support Engineer - Exadata,fulltime,yearly,0,senior_level,120795.5,7.0,University,IT Support / Helpdesk
Cloud Hospitality Software Engineer,fulltime,yearly,0,senior_level,127920.5,2.0,University,Software Development
Senior Governance Insider Threat (InTh) Policy SME - Clearance Required,fulltime,yearly,0,senior_level,145544.0,9.0,High School,Other / Miscellaneous
SharePoint Developer,parttime,yearly,1,senior_level,114867.0,3.0,Online/Courses,Software Development
Product Manager - Public API,fulltime,yearly,0,senior_level,116250.0,5.0,University,IT Management / Director
Sr. Business Systems Analyst - SAP SD,fulltime,yearly,0,mid_level,119578.0,5.0,University,General IT / Other IT Role
Systems Administrator (PITD),fulltime,yearly,0,senior_level,96323.5,3.0,University,Network & Systems
"IT Manager, Health Data Platforms",fulltime,yearly,0,senior_level,127263.5,5.0,University,Data & Analytics
Sr Cyber Threat Intelligence Analyst,fulltime,yearly,1,senior_level,94873.0,1.0,High School,General IT / Other IT Role
Digital Engineer,fulltime,yearly,0,senior_level,97931.0,1.0,University,General IT / Other IT Role
Service Desk Technician,contract,hourly,1,mid_level,47840.0,1.0,University,IT Support / Helpdesk
Desktop Support Technician - ONSITE,fulltime,hourly,1,mid_level,46800.0,2.0,University,IT Support / Helpdesk
Technical Partnership Lead,internship,yearly,1,senior_level,130000.0,4.0,Online/Courses,General IT / Other IT Role
PowerBI Developer,fulltime,yearly,1,mid_level,119375.0,20.0,University,Software Development
"Regional Director, IT Outpatient Services",fulltime,yearly,0,senior_level,122500.0,10.0,University,IT Management / Director
Senior Product Manager - RHEL in Public Cloud,fulltime,yearly,1,mid_level,169535.0,5.0,Online/Courses,IT Management / Director
Technical Hardware Quality Program Manager,fulltime,yearly,1,senior_level,160533.5,10.0,University,Project / Program Management
Franchisee Developer,fulltime,yearly,0,mid_level,55789.0,0.0,High School,Software Development
Network Administrator,fulltime,yearly,0,mid_level,84104.0,4.0,University,Network & Systems
Project Manager,internship,yearly,0,senior_level,85299.5,5.0,University,Project / Program Management
Senior Product Manager - Data and AI Platform Team (Hybrid - Seattle),fulltime,yearly,0,senior_level,170500.0,5.0,University,Data & Analytics
Director of Data Analytics and Business Intelligence CH,fulltime,yearly,1,senior_level,165275.5,8.0,High School,Data & Analytics
"Jr. Project Manager, IT",fulltime,yearly,0,senior_level,88930.0,1.0,University,Project / Program Management
Project Manager,fulltime,yearly,0,senior_level,157458.0,5.0,University,Project / Program Management
IT Store Support Supervisor,fulltime,yearly,0,senior_level,61502.0,5.0,University,IT Support / Helpdesk
Sr. Ivanti Neurons Service Manager Implementation Specialist,"fulltime, contract",hourly,0,senior_level,168480.0,3.0,University,IT Management / Director
Technical Support Specialist,fulltime,yearly,0,mid_level,55442.5,2.0,University,IT Support / Helpdesk
IT Service Desk Technician I,fulltime,yearly,1,mid_level,56781.5,2.0,University,IT Support / Helpdesk
"Area Director, Advisory Services",fulltime,yearly,0,senior_level,199500.0,7.0,University,IT Management / Director
Technology Support Technician,fulltime,yearly,0,mid_level,59895.0,5.0,Online/Courses,IT Support / Helpdesk
KPBS Sr. Director of IT and Digital,fulltime,monthly,1,senior_level,14691.5,8.0,University,IT Management / Director
"Sr. Manager, Information Security Operations",fulltime,yearly,0,senior_level,154472.5,8.0,University,Cybersecurity
IT Infrastructure Director,fulltime,yearly,0,senior_level,133178.0,8.0,University,Network & Systems
Sr. IT Manager - Middleware Application Administration,fulltime,yearly,0,senior_level,133705.0,6.0,University,IT Management / Director
IT Program Manager,fulltime,yearly,0,senior_level,118188.0,12.0,Online/Courses,Project / Program Management
Technical Support Specialist,internship,yearly,0,mid_level,69831.5,5.0,University,IT Support / Helpdesk
Lead Product Owner,fulltime,yearly,1,senior_level,143344.0,2.0,University,Other / Miscellaneous
IT - IT Support Specialist-FT-GLOW,fulltime,hourly,1,senior_level,44720.0,1.0,Online/Courses,IT Support / Helpdesk
Security Manager,fulltime,yearly,0,mid_level,56864.5,3.0,High School,Cybersecurity
Intern - Project Management,fulltime,yearly,0,mid_level,56943.5,15.0,University,Intern / Entry Level
IT Support Specialist,fulltime,hourly,1,senior_level,50960.0,2.0,University,IT Support / Helpdesk
IT Program Manager (Reserved for City Employees),fulltime,hourly,1,mid_level,118560.0,4.0,University,Project / Program Management
"Product Manager, Population Health",fulltime,yearly,1,senior_level,72413.0,2.0,University,IT Management / Director
Senior Project Manager,contract,yearly,0,senior_level,115442.5,5.0,University,Project / Program Management
Server Hardware Technician,fulltime,yearly,0,mid_level,69377.5,4.0,University,IT Support / Helpdesk
Community Technology Support C,fulltime,hourly,0,mid_level,54080.0,1.0,University,IT Support / Helpdesk
Technical Support Specialist,parttime,hourly,1,senior_level,55120.0,1.0,University,IT Support / Helpdesk
Customer Support Specialist,fulltime,yearly,0,senior_level,55999.5,3.0,University,IT Support / Helpdesk
Product Manager,fulltime,yearly,0,senior_level,160150.0,8.0,University,IT Management / Director
Senior Director of Software Engineering,fulltime,yearly,0,senior_level,207732.0,5.0,Online/Courses,Software Development
"Vice President, Solution Architecture",fulltime,yearly,1,senior_level,215000.0,15.0,University,IT Management / Director
Project Manager - Hybrid-Remote,fulltime,yearly,1,senior_level,97500.0,6.0,High School,Project / Program Management
Senior Computer Systems Analyst,fulltime,yearly,1,senior_level,110075.0,9.0,High School,General IT / Other IT Role
Lead Customer Success Manager - Managed IT Services,fulltime,yearly,1,senior_level,94282.0,8.0,Online/Courses,IT Management / Director
Senior Project Manager - Operational Technologies,fulltime,yearly,0,mid_level,178006.5,10.0,University,Project / Program Management
Telecommunications Administrator,fulltime,yearly,1,senior_level,96250.0,3.0,University,Other / Miscellaneous
Senior Project Manager,internship,yearly,1,entry_level,115617.0,7.0,University,Project / Program Management
Senior Systems Administrator,fulltime,yearly,0,mid_level,109386.5,10.0,University,Network & Systems
Technical Support Specialist,fulltime,yearly,1,mid_level,75384.0,3.0,Online/Courses,IT Support / Helpdesk
Operations Specialist,fulltime,yearly,0,mid_level,73083.5,3.0,University,Consulting / Specialist
Technical Services Site Manager,fulltime,yearly,1,mid_level,96408.5,5.0,Online/Courses,IT Management / Director
Intel Federal Program Specialist,fulltime,yearly,0,senior_level,120601.0,3.0,University,Consulting / Specialist
Applications Analyst III: Deposit Platform Implementations,fulltime,yearly,1,mid_level,55000.0,5.0,University,General IT / Other IT Role
"Sr Business Operations Manager, AWS Field Experiences",fulltime,yearly,0,senior_level,159900.0,5.0,University,IT Management / Director
Integration Architect,internship,yearly,0,senior_level,189293.5,10.0,University,General IT / Other IT Role
Technology Consulting - Non-Financial Risk - Senior Consultant - ServiceNow/Archer,internship,yearly,0,senior_level,145350.0,6.0,Online/Courses,Consulting / Specialist
"Director Product Management, XR Technology",internship,yearly,0,senior_level,245000.0,8.0,University,IT Management / Director
Deskside Technician II,fulltime,yearly,0,mid_level,48724.0,1.0,High School,IT Support / Helpdesk
"Senior Enterprise Service Manager, ProServe WWPS",fulltime,yearly,1,senior_level,183696.5,7.0,University,IT Management / Director
"Sr. Product manager, GS S&O - Operational Excellence",fulltime,yearly,0,senior_level,165250.0,5.0,University,IT Management / Director
Systems Programmer/Analyst - Search Re-opened,fulltime,yearly,1,mid_level,52025.0,3.0,Online/Courses,Software Development
"Senior Program Manager, Amazon Ads",fulltime,yearly,0,senior_level,144550.0,5.0,University,Project / Program Management
"Program Manager, AWS Industry Enablement, WWFE - AWSI Enablement",fulltime,yearly,0,senior_level,104800.0,3.0,University,Project / Program Management
"Senior Technical Program Manager, Amazon Product Catalog, Amazon",fulltime,yearly,0,senior_level,182650.0,7.0,Online/Courses,Project / Program Management
"Operations Program Manager, WWFE - Enablement Innovation Center",fulltime,yearly,0,senior_level,78650.0,2.0,University,Project / Program Management
Senior Applications Engineer,fulltime,yearly,0,senior_level,201000.0,5.0,University,General IT / Other IT Role
"Sr Technical Program Manager, Alexa Ads",fulltime,yearly,1,senior_level,182650.0,5.0,Online/Courses,Project / Program Management
"System Development Engineer, GCNA",fulltime,yearly,0,senior_level,158750.0,6.0,University,General IT / Other IT Role
Network Administrator - Senior,fulltime,yearly,0,mid_level,102500.0,10.0,University,Network & Systems
IT Systems Analyst V (Performance Management) Task Area Team Lead,fulltime,yearly,0,mid_level,108777.5,10.0,University,General IT / Other IT Role
"Principal TPM, OPD Hardware",fulltime,yearly,0,senior_level,239050.0,10.0,University,General IT / Other IT Role
"Senior Product Manager, Strategic Planning & Engineering",fulltime,yearly,0,mid_level,165250.0,5.0,University,IT Management / Director
Technical Customer Support Analyst Tier 2,contract,yearly,0,senior_level,68420.5,2.0,University,IT Support / Helpdesk
IT Help Desk Specialist,fulltime,yearly,1,mid_level,57931.0,1.0,University,IT Support / Helpdesk
Virtualization / Cloud Computing Senior SME,fulltime,yearly,0,mid_level,135452.5,12.0,University,General IT / Other IT Role
Systems Administrator - Intermediate,fulltime,yearly,0,executive_level,60000.0,3.0,University,Network & Systems
IT Program Manager,fulltime,yearly,1,senior_level,125000.0,4.0,University,Project / Program Management
Naval Surface Maintenance Consultant,fulltime,yearly,0,mid_level,114845.5,15.0,University,Data & Analytics
Software Product Owner,fulltime,yearly,0,senior_level,155500.0,7.0,University,General IT / Other IT Role
IT Compliance(GRC) Analyst,fulltime,yearly,0,senior_level,98776.5,5.0,University,General IT / Other IT Role
Lead Integration Engineer,fulltime,yearly,1,senior_level,160000.0,5.0,University,General IT / Other IT Role
Math Systems Specialist,fulltime,yearly,1,senior_level,72500.0,5.0,Online/Courses,Consulting / Specialist
Industrial Project Manager,fulltime,yearly,1,senior_level,106267.0,5.0,University,Project / Program Management
C2 Technical Agent Support SME,fulltime,yearly,0,senior_level,195000.0,10.0,University,IT Support / Helpdesk
Product Development Manager,contract,yearly,0,senior_level,120970.0,5.0,University,IT Management / Director
"Director, WHS AMZL, WHS",fulltime,yearly,0,mid_level,219000.0,10.0,University,IT Management / Director
IT Infrastructure Engineering Manager,fulltime,yearly,0,senior_level,135137.5,15.0,University,Network & Systems
"IT Development, Release, and Change Enablement Service Manager",fulltime,yearly,0,senior_level,152868.5,15.0,University,IT Management / Director
IT Infrastructure Architect,fulltime,yearly,0,senior_level,133408.0,15.0,University,Network & Systems
IT Infrastructure Network Manager,fulltime,yearly,1,senior_level,120580.0,15.0,University,Network & Systems
IT Infrastructure Platform Services Manager,fulltime,yearly,0,senior_level,132916.0,10.0,University,Network & Systems
Video Teleconference Administrator III,fulltime,yearly,0,mid_level,80000.0,1.0,University,Other / Miscellaneous
Storage and Virtualization Administrator – Junior,fulltime,yearly,1,entry_level,66015.0,0.0,University,Intern / Entry Level
"Program Manager, NAST ACES Benchmarking",fulltime,yearly,0,senior_level,104800.0,3.0,University,Project / Program Management
Sr Solution Designer- (Procure to Pay SAP/ARIBA),internship,yearly,0,senior_level,129112.5,4.0,University,Other / Miscellaneous
Network Operations Center Technician I – Monitoring Cell (SENSOR),fulltime,yearly,0,mid_level,60397.0,0.0,University,IT Support / Helpdesk
AFCAT Program Manager,fulltime,yearly,0,senior_level,110929.5,5.0,University,Project / Program Management
Product Owner,internship,yearly,1,senior_level,113800.0,2.0,University,Other / Miscellaneous
Computer User Support Specialist Intermediate,fulltime,yearly,1,executive_level,65000.0,5.0,University,IT Support / Helpdesk
SCA - Computer Systems Analyst I -ANCC,fulltime,hourly,0,mid_level,76960.0,2.0,University,General IT / Other IT Role
TTP CONOPS Product Developer,contract,yearly,0,senior_level,115651.5,5.0,University,Software Development
Project Manager/Planning Lead,contract,yearly,0,senior_level,118986.0,5.0,University,Project / Program Management
Operations Research Systems Analyst (ORSA),contract,yearly,0,senior_level,110490.5,5.0,University,General IT / Other IT Role
"Senior Product Manager, Managed Streaming for Apache Kafka (MSK), Managed Streaming for Kafka (MSK)",fulltime,yearly,1,senior_level,186900.0,5.0,University,IT Management / Director
Territory Sales Representative - HVAC & Plumbing Parts & Equipment,fulltime,yearly,0,mid_level,100000.0,4.0,University,General IT / Other IT Role
Desktop Support Technician,fulltime,yearly,1,executive_level,43500.0,3.0,University,IT Support / Helpdesk
IT Field Support Technician,fulltime,hourly,1,mid_level,60320.0,3.0,University,IT Support / Helpdesk
Administrative Coordinator,contract,hourly,0,senior_level,35360.0,1.0,High School,Other / Miscellaneous
Management Consultant,internship,yearly,0,entry_level,55000.0,1.0,University,Consulting / Specialist
Staff Tax Associate,fulltime,yearly,0,mid_level,82500.0,1.0,University,Other / Miscellaneous
"Residential Therapist (Portland, OR) - 4644",fulltime,yearly,0,mid_level,81000.0,0.0,University,Other / Miscellaneous
"Warehouse Selector - Hiring Event - Phoenix, AZ",fulltime,weekly,0,mid_level,1067.5,2.0,University,IT Management / Director
Electrician- Commercial Construction,temporary,hourly,0,senior_level,66560.0,4.0,High School,Other / Miscellaneous
Customer Service - Entry Level,fulltime,yearly,0,entry_level,48000.0,0.0,University,Intern / Entry Level
"Physician Services – Lead Coding, Billing & Appeals",fulltime,hourly,0,mid_level,45760.0,0.0,High School,Other / Miscellaneous
Business Development Manager,internship,yearly,0,mid_level,87500.0,3.0,Online/Courses,IT Management / Director
Marketing and Communications Manager,fulltime,yearly,0,senior_level,70000.0,5.0,University,IT Management / Director
Licensed Plumber and Pipefitter $43 p/hr,fulltime,hourly,0,mid_level,89440.0,5.0,University,General IT / Other IT Role
Salesforce Administrator,fulltime,hourly,0,entry_level,89440.0,2.0,University,Other / Miscellaneous
Welder/Fabricator - Manufacturing,fulltime,hourly,0,senior_level,47840.0,2.0,University,Other / Miscellaneous
Systems Administrator III,fulltime,yearly,1,entry_level,95000.0,5.0,Online/Courses,Network & Systems
"SVP, Finance",fulltime,yearly,0,senior_level,225000.0,10.0,University,IT Management / Director
Care Coordinator - Adult Health Home,fulltime,hourly,0,mid_level,50960.0,2.0,University,Other / Miscellaneous
Part Time Kitchen Crew Member,parttime,hourly,0,senior_level,39520.0,18.0,University,General IT / Other IT Role
"Admin, Customer Experience Systems - Level 2",fulltime,hourly,0,senior_level,47840.0,3.0,Online/Courses,General IT / Other IT Role
"Visitor Experience Representative, On Call",parttime,hourly,0,senior_level,41600.0,1.0,High School,General IT / Other IT Role
Shipper (Full-time Temp),fulltime,hourly,0,executive_level,34320.0,0.0,Online/Courses,Other / Miscellaneous
Manager,internship,hourly,0,senior_level,49920.0,1.0,University,IT Management / Director
Energy Conservation Home Auditor/Inspector,fulltime,hourly,1,senior_level,48880.0,2.0,Online/Courses,IT Management / Director
Accounts Payable Specialist (NetSuite Experience),fulltime,hourly,0,senior_level,54080.0,2.0,High School,Consulting / Specialist
County Director,fulltime,yearly,0,senior_level,146606.5,3.0,University,IT Management / Director
Maintenance Technician,internship,yearly,0,senior_level,47500.0,2.0,High School,IT Support / Helpdesk
Entry-Level Management Consultant,fulltime,yearly,0,entry_level,54000.0,1.0,University,Consulting / Specialist
Entry Level Sales and Customer Service,fulltime,yearly,0,entry_level,55000.0,1.0,University,Intern / Entry Level
Client Support Representative,fulltime,yearly,0,senior_level,48000.0,2.0,University,IT Support / Helpdesk
Junior Account Executive,fulltime,yearly,0,entry_level,80000.0,2.0,University,Intern / Entry Level
Experienced Service Advisor / Assistant Service Manager - Easton Chevy GMC,fulltime,yearly,0,senior_level,67500.0,2.0,High School,IT Management / Director
General Manager,fulltime,yearly,0,senior_level,55000.0,1.0,University,IT Management / Director
Auto Mechanic,fulltime,yearly,0,senior_level,75000.0,2.0,University,Other / Miscellaneous
Retail Store Manager,fulltime,yearly,0,mid_level,67500.0,3.0,High School,Data & Analytics
Chief Information Officer,fulltime,yearly,0,senior_level,375000.0,15.0,University,IT Management / Director
Small Business Account Executive,internship,monthly,0,senior_level,18000.0,5.0,High School,Other / Miscellaneous
Ultrasound Technologist,fulltime,hourly,0,senior_level,83200.0,1.0,University,General IT / Other IT Role
Auto Technician - Automotive Mechanic,fulltime,yearly,0,senior_level,85000.0,3.0,University,IT Support / Helpdesk
"Director of Maintenance - San Jose, CA",internship,yearly,0,senior_level,80000.0,5.0,University,Data & Analytics
"Behavior Therapist, Autism (ABA) - Spanish Speaker Needed!",fulltime,hourly,0,entry_level,37440.0,20.0,University,Other / Miscellaneous
Manager of Litigation and Recovery,fulltime,yearly,1,mid_level,90500.0,7.0,University,IT Management / Director
Field Project Supervisor,fulltime,yearly,0,senior_level,47000.0,1.0,University,Other / Miscellaneous
Land Development Civil Engineer,fulltime,yearly,0,senior_level,95000.0,5.0,University,General IT / Other IT Role
Manufacturing Engineer (Machining/Programming),fulltime,yearly,1,senior_level,100000.0,7.0,University,General IT / Other IT Role
Sales & Research Director,fulltime,yearly,1,senior_level,100000.0,4.0,University,IT Management / Director
Quality Control Attendant,fulltime,hourly,0,mid_level,32240.0,2.0,High School,General IT / Other IT Role
The NOW - Massage Therapist,fulltime,hourly,0,mid_level,109200.0,15.0,University,Other / Miscellaneous
Senior Property Manager,fulltime,yearly,0,senior_level,102445.0,6.0,University,IT Management / Director
Senior Security Consultant - Southern California,internship,yearly,1,mid_level,198000.0,5.0,University,Cybersecurity
Director of Information Systems,fulltime,yearly,0,senior_level,114015.0,5.0,University,IT Management / Director
Sr. Program Manager,contract,yearly,0,senior_level,165000.0,8.0,University,Project / Program Management
"Associate, HR Service Support",internship,yearly,1,mid_level,58900.0,1.0,Online/Courses,IT Support / Helpdesk
"Travel Nurse RN - Med Surg - $1,894 per week",contract,weekly,0,senior_level,1894.0,2.0,University,Other / Miscellaneous
Controller,fulltime,yearly,0,senior_level,133151.0,5.0,University,Other / Miscellaneous
Safety and Maintenance Manager,parttime,yearly,0,senior_level,80000.0,5.0,University,Data & Analytics
Lead Technician,fulltime,hourly,0,senior_level,62400.0,3.0,University,IT Support / Helpdesk
"Travel Nurse RN - PCU - Progressive Care Unit - COVID19 - $2,267 per week",contract,weekly,0,senior_level,2267.0,5.0,Online/Courses,General IT / Other IT Role
Senior Maintenance Technician,internship,hourly,0,senior_level,64480.0,4.0,University,IT Support / Helpdesk
Lead Technician,fulltime,hourly,0,senior_level,62400.0,3.0,University,IT Support / Helpdesk
Dietitian-Clinical - WCMC Nutrition Services - Per Diem - 8 Hour - Days,internship,hourly,0,senior_level,114400.0,1.0,University,General IT / Other IT Role
Real Estate Showing Agent,fulltime,yearly,0,senior_level,72500.0,0.0,Online/Courses,Other / Miscellaneous
"Store Manager, Northstar",fulltime,yearly,0,senior_level,68750.0,3.0,High School,IT Management / Director
"Account Executive, Client Leadership",internship,yearly,0,senior_level,67187.5,3.0,University,Other / Miscellaneous
Network Engineer,fulltime,yearly,0,mid_level,68000.0,3.0,University,Network & Systems
Windows Support Analyst,internship,hourly,1,executive_level,81120.0,3.0,University,IT Support / Helpdesk
Senior Restaurant Manager,fulltime,yearly,0,senior_level,83400.0,3.0,University,IT Management / Director
Project Engineer - Heavy Civil Construction,fulltime,yearly,1,senior_level,90000.0,2.0,University,General IT / Other IT Role
Trust and Estates & Probate Litigation Attorney,fulltime,yearly,0,senior_level,190000.0,3.0,University,General IT / Other IT Role
Executive Chef,fulltime,yearly,0,mid_level,100000.0,5.0,University,Other / Miscellaneous
Software Administrator,fulltime,hourly,0,senior_level,208000.0,3.0,University,General IT / Other IT Role
"Manager, Staff Counsel",internship,yearly,0,senior_level,172500.0,3.0,University,IT Management / Director
HRIS Analyst,fulltime,yearly,0,senior_level,85000.0,2.0,University,Other / Miscellaneous
IT Support Specialist,fulltime,yearly,1,mid_level,55000.0,3.0,University,IT Support / Helpdesk
Staff Accountant,fulltime,yearly,0,mid_level,57500.0,3.0,University,Other / Miscellaneous
Clinical Director/ Board Certified Behavior Analyst,fulltime,hourly,0,senior_level,93600.0,5.0,University,IT Management / Director
Regional Plant IT Manager,fulltime,yearly,1,mid_level,130000.0,10.0,University,IT Management / Director
IT Manager (3+ yrs networking + M365 admin exp. req.),fulltime,yearly,0,senior_level,120000.0,3.0,University,Network & Systems
Technical Writer,contract,hourly,0,senior_level,69680.0,1.0,University,General IT / Other IT Role
Accounts Receivable Lead,fulltime,hourly,0,senior_level,48880.0,1.0,High School,Other / Miscellaneous
Clerical Customer Service,fulltime,hourly,0,mid_level,35360.0,20.0,University,Other / Miscellaneous
Time & Billing Accountant I,fulltime,hourly,0,senior_level,56160.0,1.0,High School,Other / Miscellaneous
Physician (MD/DO) (Telemedicine),parttime,hourly,1,senior_level,265200.0,8.0,University,Other / Miscellaneous
Grants Specialist,fulltime,hourly,0,senior_level,81120.0,3.0,University,Consulting / Specialist
Robotics Maintenance Tech III,fulltime,yearly,1,senior_level,75020.0,3.0,High School,Data & Analytics
Financial Advisor ( Sales ) $60k salary + commission & full benefits,fulltime,yearly,0,senior_level,155000.0,3.0,Online/Courses,General IT / Other IT Role
HR Generalist,fulltime,yearly,0,senior_level,76000.0,8.0,University,Other / Miscellaneous
Customer Support Team Lead,fulltime,yearly,0,senior_level,58750.0,12.0,University,IT Support / Helpdesk
Maintenance Manager,fulltime,yearly,0,senior_level,72500.0,5.0,High School,Data & Analytics
Controller,fulltime,yearly,0,senior_level,85000.0,4.0,University,Other / Miscellaneous
Corporate Business Development Manager - Roofing,fulltime,yearly,0,senior_level,110000.0,4.0,University,IT Management / Director
Weekend Event Staff,temporary,hourly,0,senior_level,22880.0,18.0,University,Other / Miscellaneous
Senior Collector,contract,hourly,0,senior_level,57200.0,3.0,University,IT Management / Director
Senior Business Analyst (Business Engagement  Specialist),contract,hourly,0,mid_level,136240.0,5.0,University,Data & Analytics
Construction Project Engineer,fulltime,yearly,0,senior_level,105000.0,2.0,University,General IT / Other IT Role
Service Desk Analyst,internship,hourly,1,mid_level,60320.0,2.0,University,IT Support / Helpdesk
HelpDesk Specialist,fulltime,hourly,1,senior_level,61360.0,4.0,University,Consulting / Specialist
ServiceNow Administrator,fulltime,yearly,0,mid_level,140000.0,5.0,University,Other / Miscellaneous
Content & Learning Design Specialist,contract,hourly,1,executive_level,143520.0,5.0,Online/Courses,Consulting / Specialist
Entry Level Management / Assistant Manager,fulltime,yearly,0,entry_level,61000.0,0.0,University,IT Management / Director
Quality Control Attendant,fulltime,hourly,0,mid_level,35360.0,2.0,High School,General IT / Other IT Role
Janitorial Zone Manager,fulltime,yearly,0,senior_level,70000.0,3.0,University,IT Management / Director
Solar Installer Renewables - Rocking R Project,fulltime,hourly,0,senior_level,41600.0,4.0,High School,Other / Miscellaneous
Certified California Residential Electrician (On-site),fulltime,hourly,0,mid_level,95680.0,13.0,University,General IT / Other IT Role
"Business Analyst, Strategic Planning",fulltime,yearly,0,senior_level,80500.0,5.0,Online/Courses,Data & Analytics
Lead Artisan (Salumi Formaggi /Deli) - Eataly Silicon Valley,internship,hourly,0,senior_level,46800.0,2.0,University,Other / Miscellaneous
Longo Toyota Collision Center Paint Prepper,fulltime,hourly,0,entry_level,38480.0,9.0,High School,Data & Analytics
Optometrist (Brookside Optometric Group),fulltime,yearly,0,senior_level,158340.0,1.0,University,Other / Miscellaneous
Field Operator,fulltime,hourly,1,senior_level,54080.0,1.0,High School,Other / Miscellaneous
Youth Sports Certified Official,parttime,hourly,0,senior_level,52000.0,3.0,High School,Other / Miscellaneous
Lead MES Engineer,internship,yearly,0,mid_level,122500.0,8.0,University,General IT / Other IT Role
Immigration Assistant,internship,yearly,0,mid_level,55700.0,2.0,High School,Other / Miscellaneous
Dining Services Manager,internship,yearly,1,mid_level,58500.0,2.0,University,IT Management / Director
Estimator,fulltime,yearly,0,senior_level,67724.0,3.0,Online/Courses,Other / Miscellaneous
Senior Project Manager - Transportation Infrastructure,contract,yearly,0,mid_level,253300.0,4.0,University,Network & Systems
Sourcing Specialist,internship,yearly,0,senior_level,77500.0,2.0,Online/Courses,Consulting / Specialist
"Account Manager, North Central",fulltime,yearly,1,senior_level,77000.0,2.0,University,IT Management / Director
Events & Communications Manager,internship,yearly,0,mid_level,90000.0,3.0,High School,IT Management / Director
Principal Engineer Software (UI Developer),fulltime,yearly,1,entry_level,192250.0,5.0,University,Software Development
Manufacturing Systems Engineer,internship,yearly,0,entry_level,95000.0,6.0,University,Network & Systems
Technical Program Manager IV,fulltime,yearly,1,senior_level,163000.0,7.0,University,Project / Program Management
"Command Center Support Technician (Help Desk) Level I , II- Part Time",fulltime,yearly,0,senior_level,40087.5,2.0,High School,IT Support / Helpdesk
Tier 1 Technical Support,fulltime,hourly,1,executive_level,43680.0,2.0,High School,IT Support / Helpdesk
ARB Coordinator,fulltime,yearly,1,senior_level,120000.0,5.0,Online/Courses,Other / Miscellaneous
Infrastructure Engineer - Firewall,internship,yearly,1,mid_level,83422.0,2.0,University,Network & Systems
"Product Owner, Remarketing",internship,yearly,0,senior_level,131800.0,4.0,University,Other / Miscellaneous
Senior Product Manager,fulltime,yearly,0,senior_level,150000.0,2.0,University,IT Management / Director
IT Systems Analyst IV (AMAC IV),fulltime,monthly,0,senior_level,1900.0,3.0,University,General IT / Other IT Role
Program Manager,fulltime,yearly,0,senior_level,117874.0,10.0,University,Project / Program Management
IT Administrator,contract,yearly,0,mid_level,119437.5,8.0,University,General IT / Other IT Role
IT Systems Engineer (on-site M-F),fulltime,yearly,0,mid_level,115000.0,4.0,University,Network & Systems
Network Engineer,fulltime,yearly,1,senior_level,114642.5,11.0,University,Network & Systems
Critical Infrastructure Analyst,fulltime,yearly,0,mid_level,103725.5,5.0,University,Network & Systems
Sr. Systems Application Engineer,fulltime,yearly,1,senior_level,147295.5,10.0,University,General IT / Other IT Role
ON-SITE Help Desk Support Technician,fulltime,yearly,0,mid_level,44057.0,2.0,University,IT Support / Helpdesk
SECURITY ARCHITECT,fulltime,yearly,0,senior_level,119059.5,4.0,University,Cybersecurity
PLM Solutions Architect,internship,yearly,0,senior_level,165508.0,5.0,University,Consulting / Specialist
Project Manager,fulltime,yearly,1,senior_level,117013.0,8.0,University,Project / Program Management
HRIS Manager,fulltime,yearly,1,senior_level,124230.0,5.0,University,IT Management / Director
Mgr IT,fulltime,yearly,0,senior_level,129900.0,7.0,University,General IT / Other IT Role
Application Administrator,fulltime,yearly,0,senior_level,86676.5,3.0,University,Other / Miscellaneous
Project Manager,internship,yearly,1,mid_level,117337.5,3.0,University,Project / Program Management
Network Deployment Project Manager,internship,yearly,1,mid_level,145000.0,3.0,University,Network & Systems
Director of Product Management,internship,yearly,0,senior_level,162500.0,7.0,University,IT Management / Director
Computer User Support Specialist (Remote),fulltime,yearly,1,mid_level,51546.0,2.0,University,IT Support / Helpdesk
Implementation Analyst,contract,yearly,0,mid_level,85825.0,2.0,University,Other / Miscellaneous
"Head of Product, Hardware",fulltime,yearly,1,senior_level,257000.0,7.0,University,IT Management / Director
"Engineering Manager, Architecture",internship,yearly,0,senior_level,222000.0,2.0,University,IT Management / Director
Benefits Plan Configuration Specialist,fulltime,yearly,1,mid_level,64000.0,3.0,University,Consulting / Specialist
Director of Engineering – East,internship,yearly,0,senior_level,174021.5,15.0,University,IT Management / Director
Cloud Systems Administrator,fulltime,yearly,0,mid_level,78164.5,5.0,University,Network & Systems
Product Operations Lead,fulltime,yearly,1,senior_level,172500.0,12.0,University,Other / Miscellaneous
Project Manager - Oracle Fusion HCM/Payroll,contract,hourly,1,senior_level,188240.0,5.0,University,Project / Program Management
Lead Cybersecurity Developer,fulltime,yearly,0,senior_level,124172.5,5.0,University,Cybersecurity
"Principal Product Manager, Data Platform",internship,yearly,0,entry_level,287500.0,5.0,University,Data & Analytics
Sap Consultant Iii,internship,yearly,0,senior_level,140901.5,8.0,University,Consulting / Specialist
Desktop Support Level 1,fulltime,hourly,1,mid_level,46800.0,1.0,University,IT Support / Helpdesk
Cybersecurity Engineer,contract,yearly,1,senior_level,116705.0,3.0,University,Cybersecurity
Printer/Mail Operator,contract,hourly,0,executive_level,49920.0,3.0,High School,Data & Analytics
Future Threat Analyst,contract,yearly,0,executive_level,101853.0,12.0,University,Other / Miscellaneous
Project Manager - Operations,fulltime,yearly,0,senior_level,122275.0,8.0,High School,Project / Program Management
Endpoint Device Management Engineer,fulltime,yearly,0,entry_level,86687.5,4.0,Online/Courses,General IT / Other IT Role
Systems Administrator,fulltime,yearly,1,senior_level,122275.0,5.0,University,Network & Systems
InfoSec Systems Engineer,fulltime,yearly,0,senior_level,171550.0,12.0,University,Network & Systems
ASI Manager,fulltime,yearly,0,senior_level,77562.5,2.0,Online/Courses,IT Management / Director
COMSEC Manager,fulltime,yearly,0,mid_level,137787.5,12.0,University,IT Management / Director
"Senior BrandConnect Product Manager, YouTube",fulltime,yearly,0,senior_level,210000.0,8.0,University,IT Management / Director
"Technical Program Manager II, Data and Analytics, Google Ads",fulltime,yearly,0,senior_level,150000.0,2.0,University,Project / Program Management
"Staff Software Engineer, Site Reliability Engineering, Google Cloud",fulltime,yearly,1,senior_level,236500.0,5.0,Online/Courses,Software Development
"Program Manager III, New Product Introduction, Google Cloud",fulltime,yearly,0,senior_level,173000.0,5.0,Online/Courses,Project / Program Management
"Software Engineer, Cloud Threat Intelligence",fulltime,yearly,0,senior_level,168000.0,2.0,University,Software Development
"Software Engineer III, Security/Privacy, Google Cloud Security and Privacy",fulltime,yearly,0,senior_level,168000.0,2.0,University,Cybersecurity
Sr. Configuration Manager,fulltime,yearly,0,mid_level,152387.5,12.0,High School,IT Management / Director
Security Controls Assessor,fulltime,yearly,0,senior_level,142350.0,8.0,University,Cybersecurity
Portfolio Analysis and Integration Specialist,fulltime,yearly,0,mid_level,171550.0,15.0,University,Consulting / Specialist
Service Delivery Lead,fulltime,yearly,0,senior_level,96725.0,4.0,University,Other / Miscellaneous
Linux Systems Administrator,fulltime,yearly,0,mid_level,77562.5,4.0,University,Network & Systems
O&M Systems Engineer,fulltime,yearly,0,senior_level,142350.0,6.0,University,Network & Systems
Project Manager,fulltime,yearly,1,senior_level,115000.0,7.0,University,Project / Program Management
Systems Engineer,fulltime,yearly,0,mid_level,127000.0,20.0,University,Network & Systems
Senior Network Engineer,fulltime,yearly,1,senior_level,111687.0,8.0,University,Network & Systems
Workday Student Lead,contract,yearly,0,entry_level,159000.0,4.0,University,Other / Miscellaneous
"Senior Consultant, Strategic Analytics",internship,yearly,0,entry_level,122250.0,3.0,University,Data & Analytics
"Consulting, Consultant",fulltime,yearly,1,entry_level,107439.5,1.0,University,Consulting / Specialist
Cable Product Manager,fulltime,yearly,0,senior_level,110786.5,5.0,University,IT Management / Director
"Analyst II, Engineering Data and Workflow",internship,yearly,1,mid_level,89889.5,2.0,University,Data & Analytics
Learning Program Delivery Manager,fulltime,yearly,0,senior_level,122880.5,5.0,University,IT Management / Director
IT DATABASE ADMINISTRATOR,fulltime,yearly,0,senior_level,78923.5,3.0,University,Data & Analytics
Network Support Technician,fulltime,yearly,1,mid_level,73876.5,1.0,University,IT Support / Helpdesk
Senior Infra Engineer (Network Engineer),contract,yearly,1,senior_level,129562.0,7.0,University,Network & Systems
System Administrator,fulltime,yearly,1,senior_level,77760.0,3.0,University,Network & Systems
Ping (Heritage ForgeRock) Cloud Architect- Identity and Access Management,fulltime,yearly,1,senior_level,137500.0,10.0,University,General IT / Other IT Role
Benefitfocus Technical Implementation Consultant,fulltime,yearly,1,mid_level,84635.0,5.0,University,Consulting / Specialist
Systems Engineer,contract,yearly,0,executive_level,127005.5,4.0,University,Network & Systems
Cybersecurity Engineer,fulltime,yearly,0,mid_level,127747.5,10.0,University,Cybersecurity
Digital Agile Product Owner,fulltime,yearly,1,mid_level,105800.0,2.0,Online/Courses,Project / Program Management
Agile Coach,"fulltime, contract",hourly,0,senior_level,140400.0,5.0,University,Project / Program Management
Customer Service Technical Representative,internship,yearly,0,senior_level,52418.5,3.0,University,General IT / Other IT Role
Program Security Representative III,fulltime,yearly,0,senior_level,125480.0,10.0,University,Cybersecurity
Security Operation Center (SOC) Analyst II,internship,yearly,1,senior_level,95725.5,5.0,University,Cybersecurity
Temporary Employee,temporary,hourly,1,senior_level,130000.0,2.0,High School,Other / Miscellaneous
Live Virtual Constructive Training Environment Support Specialist,fulltime,yearly,0,entry_level,77500.0,1.0,University,IT Support / Helpdesk
IT Support Technician,internship,hourly,1,mid_level,49920.0,1.0,High School,IT Support / Helpdesk
Supervisor IT Service Desk,fulltime,yearly,0,senior_level,90171.0,5.0,University,IT Support / Helpdesk
AWS Engineer,fulltime,yearly,1,mid_level,129615.5,5.0,University,General IT / Other IT Role
Information Technology Support Analyst,fulltime,hourly,0,senior_level,62400.0,2.0,University,IT Support / Helpdesk
Senior Systems/Network Engineer,fulltime,yearly,1,mid_level,112500.0,5.0,University,Network & Systems
Senior Project Manager,fulltime,yearly,0,senior_level,147741.0,6.0,University,Project / Program Management
IT Support Specialist,fulltime,yearly,1,executive_level,62891.0,1.0,High School,IT Support / Helpdesk
Product Manager,fulltime,yearly,1,senior_level,68483.0,2.0,University,IT Management / Director
IT Procurement Specialist,"fulltime, contract",hourly,0,senior_level,74880.0,2.0,University,Consulting / Specialist
Desktop Support Technician - Temp to Perm,internship,yearly,1,senior_level,60499.5,3.0,Online/Courses,IT Support / Helpdesk
Network Engineer III,fulltime,yearly,1,mid_level,142500.0,7.0,University,Network & Systems
Senior Technical Support Specialist,fulltime,yearly,0,mid_level,64584.0,3.0,University,IT Support / Helpdesk
Sr. Systems Administrator,fulltime,yearly,1,entry_level,89705.0,7.0,University,Network & Systems
"Integration Engineer II | Cleared | Colorado Springs, CO",fulltime,yearly,0,senior_level,145000.0,5.0,University,General IT / Other IT Role
Senior Analyst - Cyber Intelligence (Remote),fulltime,yearly,1,senior_level,124505.0,4.0,University,General IT / Other IT Role
Security Operation Center Analyst III,internship,yearly,1,mid_level,112440.0,10.0,University,Cybersecurity
Consultant,fulltime,yearly,0,senior_level,100435.5,5.0,University,Consulting / Specialist
IT - Lead Process & Solutions Supply Chain Analyst - Production Planning,internship,yearly,1,senior_level,139558.5,5.0,University,Data & Analytics
Senior Applications Engineer,fulltime,yearly,0,senior_level,117880.0,15.0,University,General IT / Other IT Role
Systems Administrator/Support,fulltime,yearly,1,senior_level,92500.0,5.0,High School,IT Support / Helpdesk
Sr. Consultant Special Projects,fulltime,yearly,1,senior_level,123554.5,10.0,University,Consulting / Specialist
Service Desk Support - Junior,fulltime,yearly,0,entry_level,61807.0,3.0,University,IT Support / Helpdesk
"Vice President, Client Implementations I",internship,yearly,0,mid_level,107810.0,7.0,University,IT Management / Director
Senior Solution Architect - SAP Finance,internship,yearly,0,senior_level,147650.0,8.0,University,General IT / Other IT Role
"Manager, PMO and Deployment",fulltime,yearly,0,senior_level,126275.0,5.0,University,Project / Program Management
SharePoint Developer,"fulltime, contract",hourly,1,senior_level,124800.0,3.0,Online/Courses,Software Development
Sr. Network Engineer,fulltime,yearly,1,entry_level,109180.0,5.0,University,Network & Systems
IT Project Manager,"fulltime, contract",yearly,1,senior_level,103205.0,5.0,University,Project / Program Management
Corporate Transformation Director,fulltime,yearly,1,senior_level,148382.0,10.0,University,IT Management / Director
"Principal Technical Program Manager, Supply Chain",fulltime,yearly,1,senior_level,215800.0,6.0,University,Project / Program Management
Member of Technical Staff - Platform Engineer,fulltime,yearly,0,senior_level,215800.0,6.0,University,General IT / Other IT Role
Member of Technical Staff - Engineering Manager,fulltime,yearly,0,senior_level,215800.0,6.0,University,IT Management / Director
Data Center Program Manager - Business Operations,fulltime,yearly,0,senior_level,161400.0,2.0,High School,Project / Program Management
Principal Engineering Manager,fulltime,yearly,0,senior_level,215800.0,6.0,Online/Courses,IT Management / Director
Principal Technical Program Manager Manager,fulltime,yearly,0,senior_level,215800.0,3.0,University,Project / Program Management
Federal Strategic Technology Advisor,fulltime,yearly,1,senior_level,195000.0,15.0,University,General IT / Other IT Role
"Manager, IT Quality Management",fulltime,yearly,0,senior_level,147750.0,8.0,University,IT Management / Director
Director of Modern Workplace,internship,yearly,0,mid_level,154467.0,10.0,University,IT Management / Director
IT QA Test Consultant,fulltime,yearly,1,mid_level,120105.5,5.0,University,Consulting / Specialist
Task Leader - Project Manager II,fulltime,yearly,1,mid_level,97692.5,10.0,University,Project / Program Management
Project Manager - Experian Health - Remote,fulltime,yearly,1,senior_level,130537.5,5.0,University,Project / Program Management
IT00004 Information Technology Systems Administrator (FT),fulltime,yearly,0,executive_level,84862.0,2.0,University,Network & Systems
Project Manager (Cyber),fulltime,yearly,0,senior_level,82500.0,6.0,University,Project / Program Management
Project Manager - EPMO,fulltime,yearly,0,senior_level,91641.5,10.0,University,Project / Program Management
"Technician, Campus Technology",internship,yearly,0,mid_level,48935.5,4.0,University,IT Support / Helpdesk
Sr. Manager - Product Management,fulltime,yearly,1,senior_level,165800.0,5.0,High School,IT Management / Director
Technical Associate 1,fulltime,hourly,0,mid_level,42640.0,2.0,High School,General IT / Other IT Role
Systems Engineer,fulltime,yearly,0,entry_level,175500.0,18.0,University,Network & Systems
Senior Information Assurance/Security Engineer (ISSE),fulltime,yearly,0,senior_level,175500.0,8.0,University,Cybersecurity
SITEC-LINUX Systems Engineer,fulltime,yearly,0,mid_level,135000.0,10.0,University,Network & Systems
Junior Systems Engineer - Sensor Integration,fulltime,yearly,0,entry_level,104000.0,0.0,University,Network & Systems
Lead Systems Administrator,fulltime,yearly,0,senior_level,190000.0,10.0,University,Network & Systems
Linux Systems Administrator,fulltime,yearly,0,senior_level,175500.0,10.0,University,Network & Systems
Project Manager,fulltime,yearly,1,senior_level,86000.0,5.0,University,Project / Program Management
Network Engineer,fulltime,yearly,0,senior_level,86000.0,2.0,University,Network & Systems
SITEC- AV/VTC Facilitator,fulltime,yearly,0,mid_level,86000.0,2.0,University,General IT / Other IT Role
GCCS Systems Administrator,fulltime,yearly,0,senior_level,175500.0,8.0,University,Network & Systems
Cyber Systems Engineer,fulltime,yearly,0,senior_level,104000.0,2.0,University,Network & Systems
"Customer Technical Support, Associate",fulltime,yearly,0,mid_level,66500.0,0.0,University,IT Support / Helpdesk
Computer Network Engineer,fulltime,yearly,1,mid_level,190000.0,12.0,High School,Network & Systems
"Business Systems Analysis, Advisor",fulltime,yearly,0,mid_level,104000.0,8.0,University,General IT / Other IT Role
Product Owner,fulltime,yearly,0,senior_level,115541.0,3.0,University,Other / Miscellaneous
IT Audit Manager,fulltime,yearly,0,senior_level,124219.5,3.0,University,IT Management / Director
Network/Systems Administrator I (Monitoring),fulltime,yearly,1,senior_level,57500.0,0.0,University,Network & Systems
IT Systems Analyst IV (AFCAT),fulltime,yearly,0,mid_level,93946.5,5.0,University,General IT / Other IT Role
Network Administrator - Senior,fulltime,yearly,0,mid_level,103162.0,10.0,University,Network & Systems
"CNB Bank, IT Service Associate",fulltime,yearly,1,mid_level,60242.0,2.0,University,General IT / Other IT Role
SERVICE DESK ANALYST,fulltime,yearly,1,mid_level,46744.5,2.0,University,IT Support / Helpdesk
Network Administrator - Intermediate,fulltime,yearly,0,mid_level,60000.0,10.0,University,Network & Systems
Technical Product Owner,fulltime,yearly,1,senior_level,123470.0,7.0,University,General IT / Other IT Role
Desktop Support,fulltime,yearly,0,mid_level,53883.0,3.0,University,IT Support / Helpdesk
ERP Integration Manager,fulltime,yearly,0,senior_level,104643.0,5.0,University,IT Management / Director
Systems Programmer/Admin IV – PAM Engineer,"parttime, fulltime",yearly,0,senior_level,146331.0,3.0,University,Software Development
Staff Attorney,fulltime,yearly,1,executive_level,67485.0,1.0,Online/Courses,Other / Miscellaneous
Warehouse Associate (7am-3:30pm),contract,hourly,0,mid_level,39520.0,1.0,University,Other / Miscellaneous
Associate - Asset Management,fulltime,hourly,0,mid_level,48880.0,1.0,University,Other / Miscellaneous
"Exp. Sales Rep w/ Paid Training, Benefits & $1k Quick Start Bonus",fulltime,yearly,0,senior_level,76000.0,20.0,University,Data & Analytics
IT Support Technician - $45-50/hr - MANUFACTURING (JM2024),contract,hourly,1,executive_level,98800.0,1.0,University,IT Support / Helpdesk
ASSEMBLY OPERATOR III,internship,yearly,0,senior_level,34320.0,1.0,High School,Other / Miscellaneous
Law Clerk / Paralegal - Title Department,fulltime,hourly,1,mid_level,57200.0,2.0,University,General IT / Other IT Role
IT Support,fulltime,hourly,0,mid_level,49920.0,3.0,Online/Courses,IT Support / Helpdesk
Warehouse Associate/Technician,fulltime,hourly,0,mid_level,41600.0,3.0,High School,IT Support / Helpdesk
Security Guard,fulltime,hourly,0,senior_level,40560.0,1.0,High School,Cybersecurity
Administrative Assistant,contract,hourly,0,mid_level,43680.0,1.0,University,Other / Miscellaneous
"Project Manager (Cybersecurity domain, need AZ locals only)",fulltime,hourly,1,senior_level,85280.0,3.0,University,Cybersecurity
Assembler C,internship,hourly,1,mid_level,44720.0,3.0,High School,Other / Miscellaneous
Front Desk Representative,fulltime,hourly,0,mid_level,47840.0,7.0,University,Other / Miscellaneous
Payroll Administrator (ADP required),fulltime,hourly,0,mid_level,76960.0,8.0,University,Other / Miscellaneous
Electrical Design Engineer,fulltime,yearly,0,senior_level,90000.0,4.0,University,General IT / Other IT Role
Veterinary Assistant - Inpatient Equine (Swing Shift),fulltime,yearly,0,mid_level,39550.0,2.0,High School,Other / Miscellaneous
Amazon Warehouse Worker - Earn Up To $20.75,fulltime,hourly,0,mid_level,41600.0,18.0,University,Other / Miscellaneous
Procurement Specialist/Contract Management,contract,hourly,1,senior_level,81120.0,2.0,University,Consulting / Specialist
IT Manager,fulltime,yearly,0,senior_level,115000.0,5.0,University,IT Management / Director
Membership Specialist (Customer Service): Contract,contract,hourly,0,senior_level,41600.0,2.0,University,Consulting / Specialist
Control Systems Technician - East Coast Fulfillment Center,fulltime,yearly,0,mid_level,60000.0,3.0,University,IT Support / Helpdesk
Quality Inspector II,internship,hourly,0,mid_level,61360.0,2.0,High School,IT Management / Director
IT Help Desk Professional,internship,hourly,0,mid_level,48880.0,2.0,High School,IT Support / Helpdesk
Construction Superintendent - Multi Family,fulltime,yearly,0,mid_level,100000.0,10.0,University,Other / Miscellaneous
Vocational Training Program Attendee,internship,hourly,0,senior_level,33280.0,0.0,High School,Data & Analytics
Night Order Puller,fulltime,hourly,0,executive_level,41600.0,1.0,University,Other / Miscellaneous
QC Specialist I,contract,hourly,0,mid_level,70720.0,0.0,University,Consulting / Specialist
Entry Level Lumber Yard Associate,fulltime,hourly,0,entry_level,41600.0,1.0,University,Intern / Entry Level
Production Associate,fulltime,hourly,0,senior_level,35360.0,2.0,High School,Other / Miscellaneous
Driver / Warehouse Associate,fulltime,hourly,0,mid_level,40560.0,1.0,University,Other / Miscellaneous
Assistant Manager,fulltime,hourly,0,senior_level,37440.0,1.0,High School,IT Management / Director
Part-time Leasing Agent,parttime,hourly,0,entry_level,41600.0,1.0,University,Other / Miscellaneous
Ferndale Teen Coordinator,parttime,hourly,0,senior_level,40560.0,1.0,University,Other / Miscellaneous
Shift Leader,parttime,hourly,0,senior_level,42640.0,1.0,High School,Other / Miscellaneous
Sales Associate,fulltime,yearly,0,mid_level,50000.0,1.0,University,Other / Miscellaneous
"Outside Sales Representative - Gardnerville, NV",contract,yearly,1,senior_level,45000.0,1.0,Online/Courses,Other / Miscellaneous
Construction Handyman / Maintenance Technician - Nationwide Travel,fulltime,yearly,0,senior_level,47500.0,5.0,High School,IT Support / Helpdesk
Professional Development Coordinator,internship,hourly,0,senior_level,58240.0,2.0,University,Other / Miscellaneous
Principal Snowflake Data Architect,fulltime,yearly,1,entry_level,150000.0,7.0,University,Data & Analytics
Resident Experience Director,fulltime,hourly,0,mid_level,62400.0,3.0,High School,IT Management / Director
Assistant Storekeeper,fulltime,yearly,0,mid_level,45396.0,0.0,Online/Courses,Other / Miscellaneous
Armed Security Guard,parttime,hourly,0,senior_level,48880.0,1.0,High School,Cybersecurity
Structural Drafter,fulltime,yearly,0,executive_level,62500.0,4.0,University,Other / Miscellaneous
Certified Coach / Lead Coach,parttime,hourly,0,senior_level,48880.0,0.0,University,Other / Miscellaneous
Office Project Coordinator,fulltime,yearly,0,executive_level,58000.0,2.0,University,Project / Program Management
IT Support Technician I/II,fulltime,hourly,0,entry_level,65520.0,0.0,High School,IT Support / Helpdesk
Tax Manager (Remote),fulltime,yearly,1,entry_level,149000.0,6.0,University,IT Management / Director
Sr. Business System Analyst,fulltime,hourly,0,senior_level,100880.0,1.0,University,Other / Miscellaneous
"Windows Server Consultant - VM, Azure - WFH, C2C ok",contract,yearly,1,mid_level,133699.5,6.0,Online/Courses,Consulting / Specialist
Network Engineer,fulltime,yearly,1,mid_level,110000.0,10.0,University,Network & Systems
IT Delivery Manager,fulltime,yearly,0,senior_level,118215.5,8.0,University,IT Management / Director
"Senior Specialist, Technical Trainer",fulltime,yearly,0,senior_level,74623.5,2.0,University,Data & Analytics
Intrusion Analyst 3,fulltime,yearly,0,mid_level,139660.5,6.0,Online/Courses,Other / Miscellaneous
System Engineer,fulltime,yearly,0,executive_level,104854.5,5.0,University,General IT / Other IT Role
Functional Analyst,fulltime,yearly,0,senior_level,93911.0,2.0,University,Other / Miscellaneous
Systems Administrator,fulltime,yearly,0,mid_level,100610.0,5.0,University,Network & Systems
Systems Administrator,fulltime,yearly,1,mid_level,75000.0,0.0,University,Network & Systems
IT Help Desk,fulltime,hourly,1,mid_level,54080.0,1.0,University,IT Support / Helpdesk
Solution Specialist,internship,yearly,1,senior_level,181000.0,3.0,University,Consulting / Specialist
"Sr. Manager, Transformation",internship,yearly,0,mid_level,146381.5,2.0,University,IT Management / Director
AWS Cloud SysOps/DevOps Engineer - Senior Cloud Engineer,fulltime,yearly,0,mid_level,130000.0,5.0,Online/Courses,Network & Systems
Project Manager,fulltime,yearly,1,senior_level,122643.0,5.0,University,Project / Program Management
"Team Lead, HRIS",fulltime,yearly,0,senior_level,110230.5,3.0,University,Other / Miscellaneous
VANGUARD CENTER OF HPC FACILITY INFORMATION SYSTEMS SECURITY MANAGER – ID# 224743,fulltime,monthly,1,senior_level,13500.0,1.0,Online/Courses,Cybersecurity
"Manager, Software Support",fulltime,yearly,0,senior_level,106010.5,5.0,University,IT Support / Helpdesk
Platform Engineer,fulltime,yearly,0,executive_level,160000.0,5.0,University,General IT / Other IT Role
"Capital Project Procurement Specialist, Sr Staff (IT Strategic Procurement/Sourcing Professional)",contract,yearly,0,mid_level,114838.5,12.0,Online/Courses,Consulting / Specialist
TIBCO Solutions Architect,internship,yearly,0,mid_level,114467.0,5.0,Online/Courses,Consulting / Specialist
Information Systems Security Officer (ISSO),fulltime,yearly,0,mid_level,160000.0,9.0,University,Cybersecurity
Emergency Communications Senior Engineer 2,fulltime,hourly,0,senior_level,254800.0,12.0,University,General IT / Other IT Role
Desktop Support Technician_Phoenix,fulltime,hourly,0,mid_level,36400.0,3.0,University,IT Support / Helpdesk
Project Manager - Mid-Level - TGS,fulltime,yearly,0,mid_level,99951.0,3.0,University,Project / Program Management
Systems Engineer,fulltime,yearly,0,senior_level,109934.5,5.0,University,Network & Systems
"IT Manager, Desktop Support",fulltime,yearly,1,mid_level,102000.0,8.0,University,IT Support / Helpdesk
Cloud Senior Solutions Architect,fulltime,yearly,0,senior_level,175000.0,8.0,University,Consulting / Specialist
Lead Engineer (FBIQ),fulltime,yearly,1,mid_level,121309.0,5.0,High School,General IT / Other IT Role
Configuration Management Analyst,fulltime,yearly,0,mid_level,80000.0,1.0,Online/Courses,Other / Miscellaneous
Group Leader–Inertial Sensor Integration & Test,fulltime,yearly,0,senior_level,124526.5,5.0,University,Other / Miscellaneous
Senior Security and IT Analyst,fulltime,yearly,0,senior_level,133225.5,8.0,University,Cybersecurity
Level 3 MSP Network Technician,fulltime,yearly,0,entry_level,67500.0,3.0,University,IT Support / Helpdesk
Windows Engineer Virtualization || remote || USC GC Only,contract,hourly,1,senior_level,107120.0,5.0,University,General IT / Other IT Role
Associate Software Support (.NET),fulltime,yearly,0,mid_level,53805.5,0.0,University,IT Support / Helpdesk
Senior Product Manager,fulltime,yearly,0,senior_level,127879.5,3.0,University,IT Management / Director
Oracle ERP Lead,internship,yearly,0,senior_level,155524.0,12.0,University,Other / Miscellaneous
"Director, Prime Brokerage, Business Management",fulltime,yearly,1,mid_level,157500.0,10.0,University,IT Management / Director
Penetration Tester,"fulltime, contract",hourly,0,senior_level,109200.0,5.0,University,Other / Miscellaneous
Cloud Security Engineer (Azure),contract,hourly,0,mid_level,140400.0,5.0,University,Cybersecurity
Project Coordinator,contract,hourly,1,senior_level,52000.0,2.0,Online/Courses,Project / Program Management
"Sr. IT Purchasing Specialist - (Hardware, Software, Infrastructure)",fulltime,yearly,1,senior_level,114500.0,10.0,University,Network & Systems
Condition Monitoring Engineer,fulltime,yearly,0,mid_level,82009.5,2.0,University,General IT / Other IT Role
Senior Human Resources Information System Analyst,fulltime,yearly,0,senior_level,81301.0,5.0,University,Other / Miscellaneous
Desktop Support Engineer (Level 2),fulltime,yearly,0,mid_level,64715.5,5.0,University,IT Support / Helpdesk
Project Manager,contract,yearly,1,senior_level,138283.5,5.0,University,Project / Program Management
Cybersecurity Administrator,fulltime,yearly,1,senior_level,101778.0,3.0,High School,Cybersecurity
Cyber and IT Risk Advisory Intern - Tampa - Campus June 2025,parttime,yearly,0,mid_level,52927.5,0.0,University,Intern / Entry Level
SAP FICO Consultant (US Citizen or Perm Resident req),internship,yearly,0,mid_level,82010.0,2.0,University,Consulting / Specialist
SAP Senior Cloud Engineer (US Citizen or Perm Res req),internship,yearly,1,mid_level,118826.0,3.0,University,Network & Systems
IT Manager,fulltime,yearly,0,senior_level,80000.0,5.0,University,IT Management / Director
SYSTEMS ANALYST III,fulltime,yearly,0,senior_level,64584.0,3.0,University,General IT / Other IT Role
Information Security Analyst - New Jersey Area,fulltime,yearly,1,mid_level,98205.5,6.0,University,Cybersecurity
Senior Cybersecurity Risk Analyst,internship,yearly,1,senior_level,121000.0,1.0,University,Cybersecurity
DISTRIBUTED COMPUTER SYSTEMS SPECIALIST,internship,yearly,1,mid_level,47727.0,2.0,Online/Courses,Consulting / Specialist
Senior Support Engineer,fulltime,hourly,1,senior_level,160160.0,8.0,University,IT Support / Helpdesk
Spectrum Manager,contract,hourly,0,mid_level,64480.0,1.0,University,IT Management / Director
Cloud Administrator,fulltime,yearly,0,mid_level,101469.0,2.0,University,General IT / Other IT Role
IT | Network Administrator,fulltime,yearly,0,mid_level,96135.0,4.0,High School,Network & Systems
Systems Engineer - Security Support,fulltime,yearly,1,senior_level,106404.5,9.0,University,IT Support / Helpdesk
"Platform, Applications and Web Services (PAWS) Manager",fulltime,yearly,1,senior_level,107376.0,10.0,High School,IT Management / Director
Alternative Information System Security Officer (A-ISSO) III,contract,yearly,1,senior_level,128834.5,5.0,University,Cybersecurity
GCCS-M Systems Support Specialist,fulltime,yearly,0,mid_level,78500.0,4.0,University,IT Support / Helpdesk
Product Manager,fulltime,yearly,0,senior_level,96770.0,2.0,University,IT Management / Director
System Technologist (Radio Expertise),contract,hourly,0,mid_level,59280.0,1.0,University,General IT / Other IT Role
Training Specialist,contract,hourly,0,entry_level,98800.0,4.0,Online/Courses,Data & Analytics
PowerBI Platform Administrator - 5503699,fulltime,hourly,1,senior_level,105040.0,4.0,High School,Other / Miscellaneous
Appian Architect (DoS),fulltime,yearly,1,entry_level,112000.0,2.0,University,General IT / Other IT Role
Technical Support Engineering,fulltime,yearly,0,mid_level,107550.0,3.0,University,IT Support / Helpdesk
"Vice President, HIN for HCPs Lead & HIN Strategy & Operations",fulltime,yearly,0,senior_level,319100.0,10.0,University,IT Management / Director
"Director, C4 Menace FoS Business Development, C2 Systems",fulltime,yearly,0,mid_level,210000.0,10.0,University,IT Management / Director
Senior Director of Customer Success,fulltime,yearly,1,senior_level,97397.5,6.0,University,IT Management / Director
Sr. Consultant- Natural Resources,internship,yearly,0,senior_level,140400.0,8.0,Online/Courses,Consulting / Specialist
System Engineer- DoD,internship,yearly,0,mid_level,140400.0,8.0,Online/Courses,General IT / Other IT Role
"Sr Governance, Risk and Compliance (GRC) Analyst",internship,yearly,0,mid_level,104278.0,3.0,University,Other / Miscellaneous
Technical Support,contract,hourly,0,executive_level,63440.0,5.0,High School,IT Support / Helpdesk
Senior Application Administrator (Sr. Jira Administrator),contract,hourly,1,senior_level,85280.0,2.0,University,Other / Miscellaneous
Tier 1 Help Desk Analyst,fulltime,yearly,1,mid_level,68897.5,2.0,University,IT Support / Helpdesk
Aero Alliance Repair Development Product Manager,internship,yearly,0,senior_level,149003.0,5.0,University,Data & Analytics
"Staff, NetSuite Consultant (EPM)",internship,yearly,1,entry_level,105000.0,3.0,University,Consulting / Specialist
Identity Access Management Engineer,fulltime,yearly,0,senior_level,109028.5,3.0,University,General IT / Other IT Role
Senior IT Financial/Budget Analyst,fulltime,yearly,0,entry_level,111404.0,7.0,University,General IT / Other IT Role
"Global Group Product Manager - Converse, TX",internship,yearly,0,senior_level,127264.5,5.0,Online/Courses,IT Management / Director
Information Systems Auditor II,fulltime,yearly,0,mid_level,76450.0,4.0,University,General IT / Other IT Role
Project Manager,internship,yearly,0,senior_level,91015.0,3.0,University,Project / Program Management
Helpdesk Technician,internship,yearly,0,senior_level,55000.0,4.0,University,IT Support / Helpdesk
Network Engineer Consultant(W2 Only),contract,hourly,1,senior_level,135200.0,5.0,University,Network & Systems
Network Security Administrator,fulltime,yearly,1,mid_level,107500.0,10.0,University,Network & Systems
"Software Product Owner (Northridge, CA)",fulltime,yearly,0,senior_level,113000.0,2.0,University,General IT / Other IT Role
Information Assurance/Security Analyst,fulltime,yearly,0,mid_level,104336.0,5.0,University,Cybersecurity
"Sr. Director, Creative",internship,yearly,0,senior_level,227500.0,12.0,University,IT Management / Director
"Director, Data Engineering",fulltime,yearly,1,senior_level,227724.5,12.0,University,Data & Analytics
Senior Engineering Program Manager,fulltime,yearly,0,senior_level,152750.0,5.0,University,Project / Program Management
System Administrator,internship,yearly,1,senior_level,91995.0,3.0,University,Network & Systems
Systems Engineering Associate,fulltime,yearly,1,mid_level,83548.0,1.0,University,Network & Systems
"Deskside Technician - Broomfield, CO","temporary, fulltime",hourly,1,senior_level,53040.0,5.0,University,IT Support / Helpdesk
"Senior Manager, Data & Information Technology",fulltime,yearly,1,mid_level,94700.5,5.0,University,Data & Analytics
Engineering Analyst,internship,yearly,0,senior_level,79320.0,2.0,University,General IT / Other IT Role
"Systems Analyst, Hardware & Supply Chain",internship,yearly,1,senior_level,99000.0,3.0,University,Data & Analytics
"Principal Product Manager, Hardware & Supply Chain",internship,yearly,1,senior_level,187000.0,6.0,University,Data & Analytics
Senior Infrastructure Reliability Engineer,internship,yearly,1,senior_level,178786.0,7.0,University,Network & Systems
Lead Project Manager,fulltime,yearly,0,mid_level,87465.0,3.0,University,Project / Program Management
Progress ERP Programmer,fulltime,yearly,1,entry_level,119476.0,5.0,University,Software Development
Cleared Network Engineer (Journeyman-Top Secret),fulltime,yearly,0,entry_level,105586.0,6.0,University,Network & Systems
Cleared PC Technician (Journeyman-Top Secret),fulltime,yearly,0,mid_level,54881.0,6.0,University,IT Support / Helpdesk
Cleared Senior Network Administrator (Top Secret),fulltime,yearly,1,mid_level,99365.0,8.0,University,Network & Systems
Vice President of IT,fulltime,yearly,0,senior_level,221500.0,10.0,University,IT Management / Director
Salesforce Developer,fulltime,yearly,0,senior_level,101978.0,8.0,University,Software Development
Program Manager,fulltime,yearly,0,senior_level,186000.0,8.0,University,Project / Program Management
Sr. SAP Program Manager for S/4 roll-out,fulltime,yearly,1,senior_level,163100.0,10.0,Online/Courses,Project / Program Management
Informatics Site Success Lead,fulltime,yearly,0,senior_level,199900.0,10.0,University,General IT / Other IT Role
Lead Product Manager for Planning Solutions,internship,yearly,0,mid_level,149535.5,3.0,Online/Courses,IT Management / Director
Wireless & Network Technical Analyst II,contract,hourly,0,mid_level,49920.0,5.0,University,Network & Systems
"Sr. Program Manager, Digital Customer Experience LCS",fulltime,yearly,0,senior_level,147501.5,5.0,University,Project / Program Management
Tempest Certification Manager and Inspector,fulltime,yearly,0,senior_level,120272.0,3.0,University,IT Management / Director
IT Support & Applications Specialist II,fulltime,yearly,0,senior_level,65470.0,0.0,Online/Courses,IT Support / Helpdesk
Service Desk Administrator I,fulltime,yearly,0,mid_level,55101.0,2.0,High School,IT Support / Helpdesk
Technical Operations Analyst,fulltime,yearly,0,senior_level,72500.0,1.0,University,General IT / Other IT Role
Epic Certified (preferred) Willow IT EMR Analyst,fulltime,yearly,0,mid_level,64324.5,2.0,University,General IT / Other IT Role
SAP Technical Services Lead,fulltime,yearly,1,senior_level,133576.5,7.0,University,General IT / Other IT Role
"Lead, Business Systems Analysis - SAP Warehouse",fulltime,yearly,0,mid_level,143419.5,12.0,University,General IT / Other IT Role
Principal Model Based Systems Engineer / Technical Lead,fulltime,yearly,0,senior_level,182726.0,10.0,University,Network & Systems
Network Security and Compliance Specialist,fulltime,hourly,0,senior_level,256880.0,3.0,University,Network & Systems
IT Project Manager,"fulltime, contract",yearly,1,mid_level,180000.0,5.0,University,Project / Program Management
Business Systems Analyst,contract,hourly,0,mid_level,69680.0,2.0,University,General IT / Other IT Role
IT Analyst,contract,hourly,0,senior_level,47840.0,1.0,University,General IT / Other IT Role
Director of Software Design Quality Engineering (Medical Device or IVD Experience Required),fulltime,yearly,1,senior_level,210000.0,4.0,University,IT Management / Director
Senior IT Specialist (Data Loss Prevention Security Engineer),fulltime,yearly,0,mid_level,149589.0,2.0,Online/Courses,Cybersecurity
SAP Project & Engagement Management Lead,fulltime,yearly,0,mid_level,133003.5,10.0,University,Other / Miscellaneous
Security Control Assessor,fulltime,yearly,0,senior_level,180000.0,10.0,University,Cybersecurity
Windows Engineer Virtualization,"temporary, contract",hourly,1,senior_level,119600.0,5.0,University,General IT / Other IT Role
StarRez Systems Manager,fulltime,yearly,0,senior_level,65675.0,0.0,Online/Courses,IT Management / Director
Project Manager,fulltime,yearly,0,senior_level,118096.0,10.0,University,Project / Program Management
Network Specialist / System Administrator,fulltime,yearly,0,mid_level,81929.0,3.0,University,Network & Systems
MANAGEMENT AND PROGRAM ANALYST,fulltime,yearly,0,mid_level,149589.0,5.0,Online/Courses,Other / Miscellaneous
Information Technology Specialist (InfoSec),fulltime,yearly,0,mid_level,87063.0,1.0,Online/Courses,Cybersecurity
Senior Infrastructure Architect,fulltime,yearly,0,senior_level,112450.0,5.0,Online/Courses,Network & Systems
Principal Infrastructure Architect,fulltime,yearly,0,senior_level,153900.0,6.0,Online/Courses,Network & Systems
Service Desk Technician -1946,internship,hourly,0,mid_level,50960.0,3.0,High School,IT Support / Helpdesk
Senior Cloud Engineer,contract,hourly,1,senior_level,130000.0,10.0,University,Network & Systems
Project Manager Healthcare IT,contract,yearly,1,senior_level,106578.0,3.0,University,Project / Program Management
IT Manager,fulltime,yearly,1,senior_level,110000.0,5.0,University,IT Management / Director
Junior Security Analyst,contract,yearly,1,entry_level,65907.5,3.0,University,Cybersecurity
Principal System Engineer / Technical Lead,fulltime,yearly,0,senior_level,170645.5,3.0,University,General IT / Other IT Role
Senior Network Architect,fulltime,yearly,1,entry_level,147621.5,7.0,University,Network & Systems
Product Owner II,fulltime,yearly,0,senior_level,154271.0,6.0,University,Other / Miscellaneous
IT PROJECT MANAGER 2,fulltime,yearly,0,senior_level,82500.0,10.0,University,Project / Program Management
Product Manager - In Person Payments (remote),fulltime,yearly,0,senior_level,110000.0,3.0,University,IT Management / Director
"HRIS Specialist, UKG Experience Required",fulltime,yearly,0,senior_level,67417.5,2.0,University,Consulting / Specialist
IT Support Technician II - Fully On-Site,fulltime,yearly,1,senior_level,70000.0,2.0,University,IT Support / Helpdesk
IT Support Specialist,"fulltime, contract",hourly,1,mid_level,39520.0,3.0,University,IT Support / Helpdesk
Senior Program Manager,fulltime,yearly,0,senior_level,132922.0,12.0,University,Project / Program Management
Portable Plant Product Manager,fulltime,yearly,1,senior_level,133922.0,10.0,University,IT Management / Director
Senior Information System Security Officer (Onsite ONLY),fulltime,yearly,0,senior_level,170000.0,7.0,University,Cybersecurity
GRC Analyst,internship,yearly,0,mid_level,94653.5,2.0,University,Other / Miscellaneous
Program Manager III,contract,yearly,0,senior_level,133240.5,4.0,University,Project / Program Management
Desktop Support Specialist,fulltime,yearly,1,senior_level,54500.0,2.0,University,IT Support / Helpdesk
Product Owner Sr - TM Payments,fulltime,yearly,1,mid_level,122225.0,8.0,University,Other / Miscellaneous
Technology Solution Center Analyst Lead,fulltime,yearly,1,mid_level,68536.5,4.0,University,General IT / Other IT Role
Project Leads (SETA/Cyber/ServiceNow),fulltime,yearly,1,senior_level,160000.0,7.0,University,General IT / Other IT Role
Customer Service/Technical Support,fulltime,hourly,0,senior_level,44720.0,3.0,High School,IT Support / Helpdesk
IT Tech Support I-Entry Level,"parttime, fulltime",hourly,0,entry_level,44720.0,0.0,University,IT Support / Helpdesk
Senior Product Engineering Manager,fulltime,yearly,0,senior_level,163781.0,5.0,University,IT Management / Director
Chief Network Design Engineer,fulltime,yearly,0,senior_level,160604.0,15.0,University,Network & Systems
Technical Support Associate,internship,yearly,0,mid_level,43058.5,1.0,High School,IT Support / Helpdesk
EHR Software Trainer - eDerm Systems - Remote,fulltime,yearly,1,senior_level,73418.0,3.0,University,Data & Analytics
IT Manager,fulltime,yearly,1,senior_level,92500.0,3.0,University,IT Management / Director
Product Owner,fulltime,yearly,1,senior_level,105000.0,8.0,University,Other / Miscellaneous
"Depot Services Technician – End User Computing - New York, New York",fulltime,hourly,0,senior_level,54080.0,3.0,University,IT Support / Helpdesk
Principal Programmer Analyst,contract,hourly,1,senior_level,98800.0,8.0,University,Software Development
Linux System Administrator,contract,hourly,0,senior_level,109200.0,6.0,University,Network & Systems
IT Help Desk Technician,"fulltime, contract",hourly,0,executive_level,35360.0,3.0,University,IT Support / Helpdesk
IT/Desktop Support/ Help Desk/ Field Support/ IT Consultant (Freelancer) (Denver),parttime,yearly,0,mid_level,66122.0,1.0,University,IT Support / Helpdesk
Cloud Engineer,"temporary, fulltime",yearly,1,mid_level,117064.5,5.0,University,Network & Systems
Mainframe Developer,contract,hourly,0,senior_level,149760.0,8.0,University,Software Development
VP of Capital Markets,fulltime,yearly,0,senior_level,131808.5,10.0,University,IT Management / Director
ServiceNow Architect,contract,hourly,0,senior_level,208000.0,8.0,University,General IT / Other IT Role
Product Analyst,fulltime,yearly,1,senior_level,95000.0,4.0,University,Other / Miscellaneous
IT Technician,contract,hourly,1,executive_level,35360.0,3.0,University,IT Support / Helpdesk
Technology Services Systems Administrator,fulltime,yearly,1,senior_level,63998.0,2.0,University,Network & Systems
"Senior Manager, IT Program Management Office (PMO)",contract,yearly,0,mid_level,156877.0,10.0,University,Project / Program Management
Project Manager/ Lead Tech Control 4 Certifcation REQUIRED! 4 DAY WORK WEEK!,fulltime,yearly,0,senior_level,65000.0,2.0,University,Project / Program Management
Implementation Specialist,fulltime,yearly,0,senior_level,77000.0,2.0,University,Consulting / Specialist
Help Desk Technician 1,fulltime,hourly,0,executive_level,52000.0,2.0,University,IT Support / Helpdesk
Project Manager - NGA,internship,yearly,0,senior_level,112580.0,5.0,University,Project / Program Management
Technical Consultant - NGA,internship,yearly,0,senior_level,112580.0,5.0,Online/Courses,Consulting / Specialist
NOC Technician - Tower,"temporary, fulltime",hourly,1,executive_level,44720.0,2.0,High School,IT Support / Helpdesk
Systems/Network Administrator,fulltime,yearly,1,executive_level,92500.0,5.0,University,Network & Systems
Enterprise Customer Strategist,contract,yearly,1,senior_level,147500.0,10.0,University,Other / Miscellaneous
Technical Support Specialist,contract,hourly,1,senior_level,59280.0,6.0,University,IT Support / Helpdesk
Business Systems Analyst,"fulltime, contract",hourly,0,senior_level,116480.0,1.0,University,General IT / Other IT Role
SR. Active directory and Azure Engineer,contract,hourly,1,executive_level,115440.0,5.0,University,IT Management / Director
SAP GTS Consultant - Global Trade Services (GTS),fulltime,yearly,0,senior_level,144440.0,0.0,University,Consulting / Specialist
Information Technology Systems Administrator,fulltime,yearly,1,mid_level,55000.0,2.0,University,Network & Systems
Advisory Information Technology Auditor - Senior Consultant,internship,yearly,0,entry_level,112098.5,4.0,University,Consulting / Specialist
"Product Excellence Manager, Apps, gTech Ads Enablement",fulltime,yearly,0,executive_level,142000.0,4.0,Online/Courses,IT Management / Director
"Technical Program Manager III, Software Development and Databases, Cloud Networking",fulltime,yearly,0,senior_level,176500.0,5.0,Online/Courses,Network & Systems
Network Fabric Routing Lead,fulltime,yearly,0,senior_level,287000.0,8.0,University,Network & Systems
"Technical Program Manager, Operational Technology, Network",fulltime,yearly,0,senior_level,150000.0,2.0,University,Network & Systems
Salesforce Administrator,internship,yearly,0,senior_level,78094.0,5.0,University,Other / Miscellaneous
Desktop Support Technician,contract,hourly,1,mid_level,45760.0,4.0,University,IT Support / Helpdesk
Senior SAP Basis Consultant / Remote / Citizen,contract,yearly,1,senior_level,175000.0,15.0,University,Consulting / Specialist
Project Manager,fulltime,yearly,1,senior_level,98323.5,5.0,University,Project / Program Management
Desktop Support Technician,contract,hourly,1,mid_level,45760.0,4.0,University,IT Support / Helpdesk
.NET Azure Enterprise Architect,contract,hourly,1,senior_level,156000.0,4.0,University,Consulting / Specialist
Application Engineer,fulltime,yearly,0,senior_level,97000.0,3.0,University,General IT / Other IT Role
IT Network/System Administrator,fulltime,yearly,1,mid_level,67360.0,5.0,Online/Courses,Network & Systems
Service Help Desk Low Voltage Technician,fulltime,hourly,0,senior_level,67600.0,5.0,University,IT Support / Helpdesk
EDI Operations Associate II,"fulltime, contract",hourly,0,mid_level,42640.0,2.0,University,Other / Miscellaneous
"Director for Evangelical Mission, Minneapolis Area Synod","fulltime, contract",yearly,0,senior_level,92714.5,5.0,University,IT Management / Director
IT Applications & Support Manager,fulltime,yearly,1,senior_level,69399.0,3.0,Online/Courses,IT Support / Helpdesk
IT Help Desk Technician II,fulltime,yearly,1,mid_level,55000.0,2.0,University,IT Support / Helpdesk
Service Delivery Manager,fulltime,yearly,1,senior_level,108555.5,5.0,University,IT Management / Director
Senior HRIS/Workday Systems Analyst,fulltime,yearly,0,senior_level,113005.0,5.0,University,General IT / Other IT Role
4694 - VDOT Project Coordinator 3,contract,hourly,1,senior_level,72800.0,2.0,Online/Courses,Project / Program Management
Professional Services Consultant,fulltime,yearly,1,senior_level,102140.0,3.0,University,Consulting / Specialist
TS-SCI Systems Administrator,fulltime,yearly,1,executive_level,180000.0,8.0,University,Network & Systems
Product Manager/ Firco Payments/Banking,contract,hourly,1,senior_level,176800.0,5.0,University,IT Management / Director
SAP TM - Transportation Management,contract,hourly,1,senior_level,161200.0,5.0,University,Other / Miscellaneous
Director of Enterprise Applications (Immediate Opening),fulltime,yearly,0,senior_level,103538.5,4.0,Online/Courses,IT Management / Director
SAP Program Leader (SCM and FICO),contract,hourly,1,senior_level,218400.0,20.0,University,Other / Miscellaneous
"Director, Information Security",fulltime,yearly,0,mid_level,228446.0,13.0,University,Cybersecurity
"Technical Application Specialist, Sr | Kinetic",fulltime,yearly,0,mid_level,100692.5,5.0,University,Consulting / Specialist
Finance System Administrator -OnSIte,"fulltime, contract",hourly,0,senior_level,83200.0,3.0,University,Network & Systems
IT Field Technician,contract,hourly,1,senior_level,67600.0,1.0,University,IT Support / Helpdesk
Technology Consultant,fulltime,yearly,1,senior_level,85918.0,3.0,High School,Consulting / Specialist
Principal Product Manager | eCommerce Solutions,fulltime,yearly,0,senior_level,153907.0,8.0,University,IT Management / Director
"Senior Procurement Consultant | IT, Product Development",fulltime,yearly,0,senior_level,87816.0,3.0,University,Consulting / Specialist
Senior Professional Services Consultant | Kinetic,fulltime,yearly,1,senior_level,126894.0,7.0,University,Consulting / Specialist
LabWare LIMS Consultant,contract,yearly,0,senior_level,115583.0,5.0,University,Consulting / Specialist
IT Sales Consultant,"parttime, fulltime, contract",yearly,1,senior_level,84000.0,5.0,University,Consulting / Specialist
Salesforce Manufacturing Cloud Developer - 100% Remote,fulltime,yearly,1,senior_level,118996.0,1.0,University,Software Development
EDI Administrator,fulltime,yearly,0,senior_level,59008.0,5.0,University,Other / Miscellaneous
Sr Group Product Manager,fulltime,yearly,1,senior_level,154638.0,7.0,University,IT Management / Director
IT Strategy & Project Management Lead (Part-Time),parttime,yearly,0,senior_level,125800.5,6.0,University,General IT / Other IT Role
Site Support Engineer,contract,hourly,1,mid_level,54080.0,5.0,University,IT Support / Helpdesk
Vice President of Operations,fulltime,yearly,0,senior_level,200920.0,15.0,University,IT Management / Director
Network Engineer,fulltime,yearly,1,entry_level,101000.0,5.0,University,Network & Systems
Network Engineer,fulltime,yearly,0,senior_level,135000.0,8.0,University,Network & Systems
Senior Cyber Threat and Defense Analyst,fulltime,yearly,1,mid_level,108789.0,7.0,University,General IT / Other IT Role
Senior Project Manager,fulltime,yearly,1,senior_level,125000.0,5.0,University,Project / Program Management
Senior Product Security Engineer,internship,yearly,0,mid_level,122485.0,5.0,University,Cybersecurity
Home Automation Consultant,fulltime,yearly,1,senior_level,70000.0,20.0,University,Consulting / Specialist
IT Operations Support,contract,yearly,0,senior_level,77270.5,3.0,University,IT Support / Helpdesk
Technology Analyst - ETF Services,fulltime,yearly,0,senior_level,106250.0,6.0,University,General IT / Other IT Role
Senior Systems Engineer,fulltime,yearly,0,mid_level,131138.5,10.0,University,Network & Systems
Client Technical Support Associate,internship,yearly,0,mid_level,53500.0,2.0,Online/Courses,IT Support / Helpdesk
"Specialist, Production Support Engineer",internship,yearly,0,senior_level,91850.0,10.0,University,IT Support / Helpdesk
IT Coordinator,fulltime,yearly,0,senior_level,72725.0,5.0,University,General IT / Other IT Role
Lead Product Manager,internship,yearly,0,entry_level,159068.5,7.0,University,IT Management / Director
Product Manager,internship,yearly,0,senior_level,129108.0,3.0,Online/Courses,IT Management / Director
"Systems Engineer, Mid",fulltime,yearly,1,senior_level,98700.0,5.0,University,Network & Systems
AWS Cloud Migration SME,fulltime,yearly,1,senior_level,180050.0,7.0,University,General IT / Other IT Role
Operations Engineer,fulltime,yearly,1,entry_level,110800.0,2.0,University,General IT / Other IT Role
"Cloud Developer, Senior",fulltime,yearly,1,senior_level,138800.0,8.0,University,Software Development
Cloud Computing Infrastructure Architect,fulltime,yearly,1,senior_level,110850.0,3.0,University,Network & Systems
"Manager, Country IT, USA & Canada",internship,yearly,0,senior_level,125443.0,10.0,University,IT Management / Director
Finance System Administrator / Accounts Executive,contract,hourly,0,senior_level,130000.0,3.0,University,Network & Systems
Application Engineer,fulltime,yearly,0,mid_level,82500.0,5.0,University,General IT / Other IT Role
Senior Software Escalation Engineer,fulltime,yearly,1,senior_level,153393.0,6.0,University,General IT / Other IT Role
Emergency Communications Senior Engineer,"parttime, fulltime",hourly,0,senior_level,191360.0,12.0,University,General IT / Other IT Role
Software Engineer- Networking,fulltime,yearly,1,senior_level,154726.5,5.0,University,Network & Systems
ERP Engineer,fulltime,yearly,0,senior_level,89811.5,3.0,University,General IT / Other IT Role
Office 365 Administrator,contract,hourly,1,senior_level,112320.0,8.0,University,Other / Miscellaneous
Senior Technical Consultant,fulltime,yearly,1,senior_level,105000.0,15.0,University,Consulting / Specialist
Sales Specialist (B2B IT Services),"fulltime, contract",yearly,1,senior_level,75000.0,5.0,University,Consulting / Specialist
SAP NS2 Fieldglass Support Engineer,fulltime,yearly,0,senior_level,96550.0,2.0,University,IT Support / Helpdesk
Senior Technical Project Manager - SAP Business AI,fulltime,yearly,0,senior_level,195700.0,3.0,University,Project / Program Management
Senior Cloud Systems Integration Engineer - Observability Specialist,fulltime,yearly,1,senior_level,181850.0,4.0,University,Consulting / Specialist
SAP NS2 Development Architect,fulltime,yearly,0,senior_level,263450.0,10.0,University,General IT / Other IT Role
"SAP Program Manager, Cloud Success Services",fulltime,yearly,1,mid_level,236050.0,7.0,University,Project / Program Management
Senior Director of DDR/HBM PHY Architecture,internship,yearly,0,senior_level,262557.5,18.0,University,IT Management / Director
IT Support Apprentice,fulltime,hourly,0,entry_level,48880.0,3.0,University,IT Support / Helpdesk
Associate Director for Technical Implementation,fulltime,yearly,1,mid_level,150000.0,10.0,Online/Courses,IT Management / Director
Senior Support Engineer,fulltime,yearly,0,entry_level,64308.5,4.0,University,IT Support / Helpdesk
Developer Relations,fulltime,yearly,1,senior_level,104848.0,3.0,Online/Courses,Software Development
Systems Analyst,contract,hourly,0,executive_level,62400.0,5.0,University,General IT / Other IT Role
Senior Technical Consultant,fulltime,yearly,1,senior_level,105000.0,15.0,University,Consulting / Specialist
Information System Security Manager (ISSM) II,fulltime,yearly,0,senior_level,143361.5,7.0,University,Cybersecurity
Program Security Representative,fulltime,yearly,0,senior_level,142555.5,7.0,University,Cybersecurity
Network / System Administrator,fulltime,yearly,0,mid_level,80000.0,5.0,University,Network & Systems
Security Control Assessor (SCA),fulltime,yearly,0,senior_level,150346.0,5.0,University,Cybersecurity
Information System Security Officer (ISSO),fulltime,yearly,0,senior_level,146610.5,4.0,University,Cybersecurity
Information System Security Engineer (ISSE) III,fulltime,yearly,0,senior_level,145368.0,12.0,University,Cybersecurity
COMPUTER SYSTEM VALIDATION,"temporary, contract",yearly,0,senior_level,104380.0,5.0,University,General IT / Other IT Role
"Program Manager, Clinical Vendors",fulltime,yearly,0,senior_level,94699.5,3.0,University,Project / Program Management
IT Manager,fulltime,yearly,1,senior_level,110000.0,5.0,University,IT Management / Director
Junior Security Assessment and Authorization Specialist,fulltime,yearly,0,entry_level,90000.0,1.0,University,Cybersecurity
Assistant Vice President - East,contract,yearly,1,senior_level,226500.0,3.0,University,IT Management / Director
Service Desk Analyst,"fulltime, contract",yearly,0,executive_level,56500.0,1.0,University,IT Support / Helpdesk
Field Support Technician,fulltime,yearly,0,senior_level,37500.0,1.0,University,IT Support / Helpdesk
Principal Member of Technical Staff,fulltime,yearly,0,senior_level,215650.0,8.0,University,General IT / Other IT Role
Information System Security Engineer (ISSE) Mid-Level (Government),fulltime,yearly,0,mid_level,125000.0,6.0,High School,Cybersecurity
Senior Program Manager,internship,yearly,0,mid_level,127495.5,8.0,Online/Courses,Project / Program Management
"Compliance & Risk Consultant, Expert",fulltime,yearly,1,mid_level,150000.0,7.0,University,Consulting / Specialist
"Sr Associate, Network Control (IP NOS)",internship,yearly,1,mid_level,100091.5,2.0,University,Network & Systems
Lead Systems Engineer 5,internship,yearly,0,senior_level,155853.5,7.0,University,Network & Systems
Director Network Engineering,internship,yearly,1,senior_level,163200.0,5.0,University,Network & Systems
Solution Support Associate - College Connect,internship,yearly,1,entry_level,56641.0,2.0,University,IT Support / Helpdesk
"Privacy Program Manager (PPM) - TikTok Product, PDPO, Los Angeles",internship,yearly,0,senior_level,198075.0,5.0,University,Project / Program Management
Sr. Appian Technology Consultant,fulltime,yearly,1,entry_level,124078.0,5.0,University,Consulting / Specialist
Government Security Compliance Analyst,fulltime,yearly,0,senior_level,140451.0,6.0,University,Cybersecurity
Principal Cyber Security Engineer,fulltime,yearly,0,senior_level,127687.0,7.0,University,Cybersecurity
Network Engineer,fulltime,yearly,1,senior_level,70275.5,2.0,University,Network & Systems
Computer Network Defense Analyst - Experienced Level (Utah),fulltime,yearly,0,mid_level,158450.5,6.0,University,Network & Systems
IT SPECIALIST (CUSTSPT)-Title 5,fulltime,yearly,0,mid_level,84278.0,3.0,Online/Courses,Consulting / Specialist
Liquidity & Account Solutions-Payments- Senior Product Associate,fulltime,yearly,0,mid_level,124875.0,3.0,University,General IT / Other IT Role
Liquidity & Account Solutions- Payments- Product Associate,fulltime,yearly,0,mid_level,102825.0,2.0,University,General IT / Other IT Role
Principal Technical Program Manager- Business Enablement & Transformation,fulltime,yearly,0,senior_level,225000.0,7.0,University,Project / Program Management
Principal Technical Program Manager- Chief of Staff,fulltime,yearly,0,senior_level,225000.0,7.0,University,Project / Program Management
Merchant Experience Senior Product Associate - Chase Media Solutions,fulltime,yearly,0,mid_level,124875.0,3.0,University,Other / Miscellaneous
Product Manager – Digital Markets CRM for Sales and Research - Vice President,fulltime,yearly,0,mid_level,171250.0,0.0,University,IT Management / Director
Digital Technical Product Manager Senior,internship,yearly,0,mid_level,152780.0,2.0,University,IT Management / Director
Director Security Architecture - AI Technologies,fulltime,yearly,1,mid_level,179400.0,8.0,University,Cybersecurity
Software Development Director,fulltime,yearly,0,entry_level,215358.0,5.0,University,IT Management / Director
"RCM Applications Trainer, USPI",fulltime,yearly,1,senior_level,85827.5,3.0,Online/Courses,Data & Analytics
Senior Network Engineer,fulltime,yearly,0,mid_level,122012.0,5.0,University,Network & Systems
Technical Professional Services - Advisor I,fulltime,yearly,0,mid_level,89698.5,5.0,University,General IT / Other IT Role
Senior Business Infrastructure Analyst,fulltime,yearly,0,mid_level,104885.5,5.0,University,Network & Systems
Information Security Professional,fulltime,yearly,0,mid_level,63295.5,2.0,High School,Cybersecurity
IT Product Owner,fulltime,yearly,0,mid_level,92395.5,3.0,University,General IT / Other IT Role
"Sr. Associate, Product Management - Fraud Servicing and Product Strategy",fulltime,yearly,0,mid_level,122800.0,1.0,University,Other / Miscellaneous
"Senior Director, Technical Program Management (Enterprise Data and Machine Learning)",fulltime,yearly,0,mid_level,291900.0,9.0,University,Data & Analytics
"Senior Associate, Project Management - Card Terms Platform Operations (Hybrid)",fulltime,yearly,0,mid_level,99350.0,3.0,University,Other / Miscellaneous
Project Manager (F-35) - Hybrid - Active Secret Required,internship,yearly,0,mid_level,107698.5,8.0,University,Project / Program Management
Systems Engineer,"fulltime, contract",yearly,0,mid_level,110000.0,12.0,High School,Network & Systems
University Relations - Data Science Product Manager Intern,fulltime,hourly,0,senior_level,63440.0,1.0,University,Data & Analytics
Senior Network Engineer,fulltime,yearly,0,mid_level,129197.5,6.0,University,Network & Systems
Threat Systems Analyst,fulltime,yearly,0,mid_level,126130.0,12.0,University,General IT / Other IT Role
Senior Systems Administrator,fulltime,yearly,0,senior_level,116729.0,5.0,University,Network & Systems
Systems Engineer,fulltime,yearly,0,senior_level,110606.5,3.0,University,Network & Systems
ITSM & Agile Process Coordinator,fulltime,yearly,1,mid_level,112902.0,4.0,University,Project / Program Management
Manager - IT Technology,fulltime,yearly,1,mid_level,157383.0,6.0,University,IT Management / Director
"IT Security Analyst - Governance, Risk and Compliance",fulltime,yearly,0,executive_level,85533.0,3.0,University,Cybersecurity
Charging Technology Evaluation Engineer,fulltime,yearly,0,senior_level,116154.0,5.0,University,General IT / Other IT Role
Professional Services Systems Engineer (L3),fulltime,yearly,0,senior_level,75000.0,5.0,University,Network & Systems
Manager of Project Management (US Remote),internship,yearly,1,senior_level,95000.0,7.0,University,IT Management / Director
"Product Manager, Data Platform (Beeswax)",fulltime,yearly,0,senior_level,166590.0,7.0,University,Data & Analytics
"Cybersecurity Project/Program Manager, Senior",fulltime,yearly,1,senior_level,165000.0,5.0,University,Cybersecurity
"Sr. Manager, Web and Mobile Product - Hybrid, Eden Prairie, MN",fulltime,yearly,1,senior_level,130600.0,5.0,University,Data & Analytics
"Director, InterQual Interoperability - Remote",fulltime,yearly,1,senior_level,178400.0,5.0,University,IT Management / Director
"Lead Digital Product Manager - Hybrid, Eden Prairie, MN",fulltime,yearly,1,senior_level,148386.5,2.0,University,Data & Analytics
Network Support Specialist - National remote,fulltime,hourly,1,senior_level,49920.0,1.0,High School,IT Support / Helpdesk
ML Ops Engineer,fulltime,yearly,0,senior_level,112668.5,7.0,University,General IT / Other IT Role
"Senior Associate, Cyber Intelligence",internship,yearly,0,senior_level,108318.5,2.0,University,General IT / Other IT Role
Manhattan Active Implementation Specialist,fulltime,yearly,0,senior_level,131059.5,8.0,Online/Courses,Consulting / Specialist
Junior Project Manager,internship,yearly,1,entry_level,142500.0,4.0,University,Project / Program Management
Security Engineer,fulltime,yearly,0,mid_level,118677.5,6.0,University,Cybersecurity
Senior Helpdesk Team Lead,fulltime,yearly,0,senior_level,108580.5,6.0,University,Other / Miscellaneous
HVAC Control Systems Engineer (Job number: 1123),fulltime,yearly,0,mid_level,105961.5,5.0,University,Network & Systems
Nexthink Digital Employee Experience Management,internship,yearly,1,senior_level,140328.0,5.0,University,General IT / Other IT Role
DevSecOps Manager,fulltime,yearly,0,senior_level,134583.0,7.0,University,Cybersecurity
Sr. IT Systems Engineer,fulltime,yearly,0,senior_level,90000.0,3.0,University,Network & Systems
Cyber Analyst,fulltime,yearly,0,mid_level,101006.0,8.0,University,General IT / Other IT Role
MDA Systems Engineer,fulltime,yearly,1,senior_level,84801.0,3.0,University,Network & Systems
VOIP System Administrator Junior,fulltime,yearly,0,entry_level,85500.0,3.0,University,Network & Systems
System Administrator Senior (CCRN),fulltime,yearly,0,entry_level,95000.0,5.0,University,Network & Systems
Senior Network Architect and Lead Systems Engineer,fulltime,yearly,0,mid_level,160000.0,7.0,University,Network & Systems
IT Business Expansion Manager,fulltime,yearly,1,mid_level,137500.0,7.0,University,IT Management / Director
A&A Validator / Information System Security Engineer (ISSE),fulltime,yearly,0,mid_level,107500.0,5.0,University,Cybersecurity
Cyber Security Engineer (HBSS/ENS),fulltime,yearly,1,mid_level,112500.0,5.0,University,Cybersecurity
Systems Administrator Intermediate,fulltime,yearly,0,mid_level,85000.0,6.0,University,Network & Systems
Information Security Specialist IV (IA Log Analyzer),fulltime,yearly,1,senior_level,92500.0,7.0,University,Cybersecurity
Help Desk Technician L2,fulltime,yearly,0,executive_level,55000.0,6.0,High School,IT Support / Helpdesk
Program Manager L3,fulltime,yearly,0,senior_level,165000.0,15.0,University,Project / Program Management
Information Systems Security Manager (ISSM) L4,fulltime,yearly,0,senior_level,130000.0,10.0,High School,Cybersecurity
Information Technology Specialist L1,fulltime,yearly,0,senior_level,77000.0,3.0,University,Consulting / Specialist
Senior Cyber Engineer Lead,fulltime,yearly,0,mid_level,160000.0,3.0,University,General IT / Other IT Role
Wireless Network Technician L3,fulltime,yearly,1,executive_level,92500.0,8.0,University,IT Support / Helpdesk
Network Specialist L4,fulltime,yearly,0,executive_level,132500.0,10.0,University,Network & Systems
Information System Security Officer (ISSO),fulltime,yearly,0,mid_level,101000.0,5.0,University,Cybersecurity
Voice Systems Engineer L4,fulltime,yearly,0,entry_level,127500.0,10.0,University,Network & Systems
Cybersecurity Information Systems Security Engineer (ISSE) L4,fulltime,yearly,0,senior_level,225000.0,15.0,University,Cybersecurity
Cyber Defense Incident Response,fulltime,yearly,1,mid_level,113563.0,5.0,University,General IT / Other IT Role
Cyber Defense Analyst,fulltime,yearly,1,mid_level,99590.0,5.0,University,General IT / Other IT Role
Epik Project Manager,internship,yearly,0,senior_level,110232.5,5.0,University,Project / Program Management
Senior Implementation Specialist - US Canada Technology,fulltime,yearly,1,mid_level,91150.0,3.0,University,Consulting / Specialist
FLEX Senior Project Manager,fulltime,hourly,1,mid_level,139360.0,7.0,University,Project / Program Management
FLEX Systems Analyst,fulltime,hourly,1,mid_level,118560.0,2.0,University,General IT / Other IT Role
Product Mgmt/Strategy Director-ProdDev,fulltime,yearly,0,senior_level,204875.5,8.0,University,IT Management / Director
Lead Solution Analyst,fulltime,yearly,0,senior_level,105709.0,4.0,University,Other / Miscellaneous
Senior Sourcing & Vendor Manager - IT,fulltime,yearly,0,senior_level,128975.5,5.0,High School,IT Management / Director
Global Senior Manager Corporate Security/Assistant FSO,fulltime,yearly,0,mid_level,171396.0,9.0,University,Cybersecurity
Senior Product Manager,fulltime,yearly,1,senior_level,176000.0,7.0,University,IT Management / Director
Computer User Support Specialist Advanced,fulltime,yearly,1,executive_level,75000.0,5.0,University,IT Support / Helpdesk
FLEX Manager - Media Platform Project Manager,fulltime,hourly,1,mid_level,96720.0,3.0,University,Project / Program Management
"Senior Systems Engineer, Database Administration",fulltime,yearly,1,mid_level,152603.5,7.0,University,Network & Systems
"Senior Product Owner, IT Collaboration Products",fulltime,yearly,1,mid_level,137654.0,7.0,University,General IT / Other IT Role
Scrum Master - Data Platforms,fulltime,yearly,1,mid_level,140900.0,7.0,University,Project / Program Management
Senior Security Engineer - SIEM and UBEA,fulltime,yearly,1,entry_level,146600.0,3.0,University,Cybersecurity
Senior Network Engineer – Global Wide Area Network,fulltime,yearly,1,mid_level,137654.0,7.0,University,Network & Systems
Senior Security Engineer - Endpoint Security,fulltime,yearly,1,entry_level,146600.0,7.0,University,Cybersecurity
Senior Product Manager - Mobile,fulltime,yearly,1,mid_level,141450.0,7.0,University,IT Management / Director
Network Specialist,fulltime,hourly,1,senior_level,85280.0,2.0,University,Network & Systems
Senior Manager - Information Security - Identity and Access Management,fulltime,yearly,1,mid_level,141400.0,7.0,University,Cybersecurity
Senior Product Manager - Digital Loyalty Experiences,fulltime,yearly,1,mid_level,141450.0,7.0,University,IT Management / Director
Senior Manager - Information Security - Applications Controls Assurance,fulltime,yearly,1,mid_level,141400.0,7.0,University,Cybersecurity
IT Manager,fulltime,yearly,1,mid_level,81088.5,3.0,University,IT Management / Director
Project Manager - Senior Application Development,fulltime,yearly,1,mid_level,152967.0,7.0,University,Project / Program Management
Senior Product Owner - Entra ID and Active Directory,fulltime,yearly,1,mid_level,152603.5,6.0,University,IT Management / Director
Senior Director – IT Change and Release Management,fulltime,yearly,1,mid_level,209250.0,10.0,University,IT Management / Director
Senior Security Engineer - Data Security Engineering,fulltime,yearly,1,entry_level,146600.0,7.0,University,Cybersecurity
"Project Manager - Los Angeles, San Jose, CA",fulltime,yearly,0,senior_level,96000.0,2.0,University,Project / Program Management
Infrastructure Engineer - IS Systems Specialist III (Open & Promotional),contract,yearly,0,senior_level,141959.5,10.0,Online/Courses,Network & Systems
"Administrator, IT Business Services",fulltime,hourly,0,senior_level,78000.0,1.0,High School,General IT / Other IT Role
Github Technical Lead/Staff Engineer,fulltime,yearly,0,senior_level,146000.0,5.0,University,General IT / Other IT Role
"Program Manager, Payments FBI",fulltime,yearly,0,senior_level,94500.0,4.0,University,Project / Program Management
Network Architect,fulltime,yearly,1,mid_level,166638.5,10.0,University,Network & Systems
Information Technology,fulltime,yearly,0,mid_level,60719.0,3.0,High School,General IT / Other IT Role
Cybersecurity Information System Security Officer (ISSO) L3,fulltime,yearly,0,senior_level,150000.0,10.0,University,Cybersecurity
"Instructor, CC (Information Technology)",fulltime,yearly,0,mid_level,49466.5,3.0,Online/Courses,IT Management / Director
Senior SharePoint Developer,"fulltime, contract",yearly,1,senior_level,117500.0,5.0,Online/Courses,Software Development
Technology Leader,fulltime,yearly,1,mid_level,166649.0,10.0,Online/Courses,General IT / Other IT Role
SharePoint Developer,fulltime,yearly,0,mid_level,137500.0,3.0,Online/Courses,Software Development
Architect / Sr. Security Engineer - Remote,fulltime,yearly,1,mid_level,130600.0,5.0,University,Cybersecurity
"Desktop Support Representative - San Juan, PR",fulltime,yearly,1,mid_level,67404.0,2.0,University,IT Support / Helpdesk
Information Assurance/Security Specialist (Mid-level),contract,yearly,1,mid_level,96918.5,3.0,Online/Courses,Cybersecurity
Business Systems Analyst,fulltime,yearly,1,senior_level,67500.0,1.0,University,General IT / Other IT Role
SAP Business Process Consultant,fulltime,yearly,0,mid_level,118155.0,5.0,University,Consulting / Specialist
Senior Failure Analysis Engineer,fulltime,yearly,0,senior_level,140451.0,2.0,University,Data & Analytics
"Infrastructure Automation Engineer (10 yrs, PMP, CSM)",fulltime,yearly,1,senior_level,155000.0,10.0,University,Network & Systems
Financial Systems Analyst,contract,hourly,0,senior_level,93600.0,12.0,University,General IT / Other IT Role
Senior Technical Program Manager - Minecraft,fulltime,yearly,0,senior_level,183700.0,4.0,Online/Courses,Project / Program Management
Director of Privacy,fulltime,yearly,0,senior_level,214300.0,8.0,University,IT Management / Director
Principal Engineering Manager,fulltime,yearly,0,senior_level,238000.0,8.0,University,IT Management / Director
"Manager, Data Processing Unit (DPU) Security",fulltime,yearly,0,senior_level,215800.0,6.0,Online/Courses,Cybersecurity
Senior Program Manager,fulltime,yearly,0,senior_level,183700.0,5.0,University,Project / Program Management
"Principal Technical Program Manager, Manager - CTJ - TS/SCI",fulltime,yearly,0,senior_level,215800.0,6.0,University,Project / Program Management
Senior Technical Program Manager - CJT - TS/SCI,fulltime,yearly,0,senior_level,183700.0,4.0,University,Project / Program Management
Cloud DevOps Engineer,fulltime,yearly,0,senior_level,150000.0,5.0,University,General IT / Other IT Role
Product Operations Manager,fulltime,yearly,0,senior_level,104898.0,1.0,University,IT Management / Director
Service Desk Analyst,fulltime,hourly,1,executive_level,65520.0,4.0,University,IT Support / Helpdesk
Systems Engineer/Administrator,fulltime,yearly,1,mid_level,95000.0,3.0,Online/Courses,Network & Systems
Senior Cybersecurity Solutions Architect,fulltime,yearly,1,entry_level,130492.0,2.0,University,Cybersecurity
Sr Salesforce Developer,fulltime,yearly,1,entry_level,147500.0,4.0,University,Software Development
Senior Network Engineer,fulltime,yearly,1,mid_level,119470.5,10.0,University,Network & Systems
Salesforce Developer,fulltime,yearly,0,entry_level,101317.0,2.0,University,Software Development
Product Development Professional,fulltime,yearly,0,senior_level,77866.0,0.0,University,Other / Miscellaneous
Developer Relations Advocate (Blockchain),fulltime,yearly,1,senior_level,80000.0,2.0,University,Software Development
Senior IT Support Specialist,fulltime,yearly,1,senior_level,92500.0,4.0,High School,IT Support / Helpdesk
Systems Engineer,fulltime,yearly,0,entry_level,117000.0,10.0,Online/Courses,Network & Systems
Risk and Controls Manager (Hybrid – 3 Days in Office – VA),fulltime,yearly,0,mid_level,155000.0,8.0,University,IT Management / Director
MSP Support Engineer,fulltime,yearly,0,mid_level,40000.0,2.0,University,IT Support / Helpdesk
Technical Support Engineer,fulltime,yearly,1,senior_level,87381.0,2.0,Online/Courses,IT Support / Helpdesk
Identity and Access Governance (IAG) Engineer,"fulltime, contract",hourly,0,executive_level,102960.0,5.0,University,General IT / Other IT Role
IT Application Engineer,fulltime,yearly,1,senior_level,96159.5,2.0,University,General IT / Other IT Role
Help Desk Support Specialist,contract,hourly,0,senior_level,46800.0,5.0,University,IT Support / Helpdesk
Help Desk Support,contract,hourly,0,senior_level,43680.0,1.0,University,IT Support / Helpdesk
"Project Manager, Service Delivery",fulltime,yearly,0,senior_level,95300.0,5.0,University,Project / Program Management
End-to-End Solutions and Special Projects,fulltime,yearly,0,senior_level,182808.0,12.0,University,Other / Miscellaneous
Senior IT Consultant,fulltime,yearly,1,mid_level,125000.0,3.0,University,Consulting / Specialist
Slate Application Administrator III,fulltime,yearly,1,senior_level,87500.0,3.0,Online/Courses,Other / Miscellaneous
"Manager, Prisma Cloud Solutions Architect - Strategics",fulltime,yearly,0,senior_level,266000.0,2.0,University,IT Management / Director
Security Operations Center (SOC) Lead,contract,hourly,0,senior_level,83200.0,3.0,University,Cybersecurity
Network Engineer,fulltime,yearly,0,senior_level,100000.0,8.0,University,Network & Systems
Sr IT Solution Analyst II,fulltime,yearly,0,senior_level,106200.0,8.0,University,General IT / Other IT Role
Network Administrator,fulltime,yearly,0,executive_level,85000.0,5.0,University,Network & Systems
Technical Support Specialist,fulltime,hourly,0,mid_level,41600.0,1.0,High School,IT Support / Helpdesk
Network Administrator,fulltime,yearly,0,executive_level,87500.0,5.0,University,Network & Systems
Sr. Network Engineer,fulltime,yearly,1,mid_level,132500.0,15.0,University,Network & Systems
Systems Engineer,fulltime,yearly,1,senior_level,115000.0,15.0,University,Network & Systems
Customer Engineer,fulltime,yearly,0,senior_level,69977.5,2.0,University,General IT / Other IT Role
Sr Director of Information Technology,fulltime,yearly,0,senior_level,160035.0,5.0,University,IT Management / Director
Top Secret/Agile Product Owner,internship,yearly,0,senior_level,152298.5,8.0,University,Project / Program Management
SAP Technical Support Engineer (BW Consultant),contract,hourly,0,mid_level,179920.0,5.0,Online/Courses,IT Support / Helpdesk
Network/Telecom Specialist / Administrative Specialist,contract,hourly,0,mid_level,89440.0,3.0,High School,Network & Systems
Service Desk Analyst,contract,hourly,1,mid_level,40560.0,3.0,University,IT Support / Helpdesk
DIR TECHNOLOGY SERVICES,fulltime,yearly,1,senior_level,132458.5,3.0,University,General IT / Other IT Role
Systems Project Manager - Mfg Operation Technology,fulltime,yearly,0,senior_level,136114.0,10.0,University,Project / Program Management
MES Systems Engineer Senior,fulltime,yearly,0,mid_level,96106.0,2.0,University,Network & Systems
Senior Manager Platform Engineering- R&D,fulltime,yearly,0,senior_level,159555.5,2.0,University,IT Management / Director
Sr BIT Engineer,internship,yearly,1,entry_level,136718.5,3.0,University,General IT / Other IT Role
Applications Systems Analyst I,fulltime,yearly,0,entry_level,70546.0,1.0,University,General IT / Other IT Role
Product Manager - Hearthstone,"parttime, fulltime",yearly,0,senior_level,103590.0,2.0,University,IT Management / Director
SharePoint Administrator,fulltime,yearly,1,executive_level,55000.0,3.0,Online/Courses,Other / Miscellaneous
Sr Scrum Master,fulltime,yearly,0,senior_level,118100.0,5.0,University,Project / Program Management
Project Manager,internship,yearly,0,senior_level,83368.5,4.0,University,Project / Program Management
Delivery Manager I-Price Sync,internship,hourly,0,senior_level,52000.0,1.0,University,IT Management / Director
Customer Support Engineer,fulltime,yearly,0,entry_level,70396.5,0.0,University,IT Support / Helpdesk
Systems Administrator,fulltime,yearly,1,senior_level,109479.0,8.0,University,Network & Systems
Microsoft Intune Administrator,fulltime,yearly,1,mid_level,55000.0,3.0,University,Other / Miscellaneous
Network Project Manager,fulltime,yearly,1,mid_level,70000.0,2.0,University,Network & Systems
Sr IT Project Leader,fulltime,yearly,0,mid_level,104484.5,8.0,University,General IT / Other IT Role
Senior Product Manager,fulltime,yearly,0,senior_level,134300.5,6.0,University,IT Management / Director
SafePoint Implementation Specialist,fulltime,yearly,1,senior_level,70000.0,5.0,University,Consulting / Specialist
IT / AV Technician,fulltime,yearly,1,mid_level,54696.0,3.0,Online/Courses,IT Support / Helpdesk
"Associate, Implementation Services",fulltime,yearly,0,mid_level,91606.5,3.0,University,Other / Miscellaneous
"Manager, Corporate Technology Support (Onsite)",fulltime,yearly,0,senior_level,112940.5,5.0,University,IT Support / Helpdesk
System Administrator,fulltime,yearly,1,mid_level,67019.0,3.0,High School,Network & Systems
Application Analyst Sr. (Corporate),internship,yearly,0,mid_level,96887.0,4.0,High School,Other / Miscellaneous
Application/Prodution Support,"fulltime, contract",hourly,1,executive_level,130000.0,3.0,University,IT Support / Helpdesk
Business Systems Analyst,fulltime,yearly,0,mid_level,82216.5,3.0,University,General IT / Other IT Role
IT System Administrator Intern,fulltime,yearly,1,senior_level,47654.5,20.0,Online/Courses,Network & Systems
Product Manager,fulltime,yearly,0,senior_level,99316.0,3.0,University,IT Management / Director
IT Desktop Support Technician L2,"fulltime, contract",hourly,1,mid_level,49920.0,2.0,University,IT Support / Helpdesk
Infrastructure Engineer,fulltime,yearly,1,senior_level,139327.5,10.0,University,Network & Systems
Senior Program Manager - Retail,contract,hourly,0,senior_level,140400.0,10.0,University,Project / Program Management
SAP HR Payroll,"fulltime, contract",hourly,0,senior_level,145600.0,5.0,University,Other / Miscellaneous
Customer Service Desk Manager,"parttime, fulltime",hourly,0,senior_level,35360.0,1.0,University,IT Support / Helpdesk
IT Project Manager,fulltime,yearly,1,senior_level,114710.5,3.0,University,Project / Program Management
Finance & Profitability Solutions Engineer,fulltime,yearly,0,senior_level,144029.0,10.0,University,General IT / Other IT Role
Senior Client Delivery Project Manager (Debit),fulltime,yearly,1,senior_level,96550.0,7.0,University,Project / Program Management
IT Specialist & System Administrator,internship,yearly,1,senior_level,75956.0,2.0,University,Network & Systems
HR Information Systems Manager,internship,yearly,0,senior_level,105000.0,2.0,University,IT Management / Director
LOGISTICS/CONFIGURATION MANAGEMENT FLEET MODERNIZATION SME (Req 24 051),fulltime,yearly,1,mid_level,107500.0,8.0,High School,Other / Miscellaneous
Cybersecurity Program Analyst,fulltime,yearly,1,senior_level,61250.0,3.0,University,Cybersecurity
Sr. Incident Response Analyst,contract,yearly,1,entry_level,172987.5,8.0,Online/Courses,Other / Miscellaneous
Sr. Product Manager - Vehicle Intelligence & Order Management,fulltime,yearly,0,senior_level,127428.5,7.0,Online/Courses,IT Management / Director
Analytics Engineer III,fulltime,yearly,0,senior_level,120811.0,5.0,Online/Courses,Data & Analytics
Sage Intacct Implementation Consultant,fulltime,yearly,1,senior_level,89505.5,3.0,University,Consulting / Specialist
Executive IT Support Specialist,fulltime,hourly,1,mid_level,43680.0,3.0,High School,IT Support / Helpdesk
IT Support Specialist,fulltime,yearly,1,senior_level,46135.5,20.0,Online/Courses,IT Support / Helpdesk
Senior Mainframe Developer,fulltime,yearly,0,senior_level,122500.0,5.0,University,Software Development
Senior Technical Manager - Web,fulltime,yearly,0,senior_level,113000.0,5.0,University,IT Management / Director
Sr Systems Engineer,fulltime,yearly,0,mid_level,131000.0,5.0,University,Network & Systems
Senior Computer and Information Research Analyst,fulltime,yearly,1,senior_level,106767.5,1.0,University,General IT / Other IT Role
"Associate Consultant, Life Cycle Assessment/Decarbonization",fulltime,yearly,0,senior_level,72809.5,1.0,University,Consulting / Specialist
IT Project Manager,contract,hourly,0,senior_level,140400.0,10.0,University,Project / Program Management
SAP Functional Specialist – S4/HANA Migration,fulltime,yearly,1,mid_level,120287.0,8.0,University,Consulting / Specialist
Technology Support Rep I,fulltime,hourly,0,mid_level,70720.0,2.0,University,IT Support / Helpdesk
Digital Infrastructure Solutions Integration Lead,fulltime,yearly,0,senior_level,208192.5,13.0,University,Network & Systems
Product Implementation Lead,fulltime,yearly,1,senior_level,100000.0,2.0,University,Other / Miscellaneous
"Product Resell Manager (Hybrid in Indianapolis, IN)",fulltime,yearly,1,senior_level,79639.5,3.0,University,IT Management / Director
Solar Hardware Product Manager - High-volume Solar Manufacturing,fulltime,yearly,0,senior_level,155000.0,3.0,University,IT Management / Director
Insider Threat Support Analyst,fulltime,yearly,0,executive_level,87483.0,2.0,University,IT Support / Helpdesk
Executive IT Support Specialist,fulltime,yearly,1,senior_level,140000.0,10.0,University,IT Support / Helpdesk
IT Engineer II,fulltime,yearly,1,senior_level,99671.0,3.0,University,General IT / Other IT Role
Senior Network Engineer (Hybrid - Annapolis),fulltime,yearly,1,senior_level,131383.0,10.0,University,Network & Systems
Systems Administrator,fulltime,yearly,0,senior_level,106377.5,5.0,University,Network & Systems
Junior Projects Operation Manager,fulltime,yearly,1,entry_level,92727.0,5.0,University,IT Management / Director
Junior Program Delivery Manager,fulltime,yearly,0,entry_level,95731.0,5.0,University,IT Management / Director
Information System Security Officer (ISSO),fulltime,yearly,0,senior_level,130602.5,10.0,University,Cybersecurity
Software / Application Support Technician,fulltime,yearly,1,mid_level,55000.0,2.0,University,IT Support / Helpdesk
Technical Support Specialist (NOT an IT Help Desk role),fulltime,yearly,0,senior_level,50000.0,5.0,University,IT Support / Helpdesk
VP of Data Platforms & Engineering,fulltime,yearly,1,senior_level,240436.0,5.0,University,Data & Analytics
Project Manager,internship,yearly,0,senior_level,91520.0,3.0,Online/Courses,Project / Program Management
Solution Architect Microsoft Dynamics 365 Finance & Operations,fulltime,yearly,0,senior_level,132479.0,3.0,University,General IT / Other IT Role
Sr. IAM Engineer,contract,yearly,1,entry_level,118889.5,8.0,University,General IT / Other IT Role
"AI Security Architect, Senior Staff",fulltime,yearly,1,senior_level,210625.0,15.0,University,Cybersecurity
Senior/Business Systems Engineer,internship,yearly,1,mid_level,86000.0,3.0,Online/Courses,Network & Systems
Help Desk Technician,contract,hourly,1,executive_level,42640.0,1.0,University,IT Support / Helpdesk
Cloud Support Expert,fulltime,yearly,0,senior_level,77352.0,3.0,University,IT Support / Helpdesk
Project Manager - Cybersecurity,contract,yearly,1,senior_level,122192.5,3.0,University,Cybersecurity
Field CTO,internship,yearly,1,mid_level,215000.0,5.0,University,IT Management / Director
Engineering Manager - Hospitality,internship,yearly,1,senior_level,193000.0,8.0,University,IT Management / Director
Cloud Engineer,fulltime,yearly,0,senior_level,110152.0,3.0,University,Network & Systems
"Consulting Manager, Migrations",fulltime,yearly,1,senior_level,150026.0,10.0,University,IT Management / Director
Network Automation Engineer,internship,yearly,0,entry_level,105000.0,4.0,University,Network & Systems
Infrastructure Automation Engineer with PMP Certification-HYBRID(Local to DMV Area),"fulltime, contract",hourly,1,senior_level,156000.0,10.0,University,Network & Systems
Risk & Compliance Manager,internship,yearly,1,entry_level,142000.0,6.0,University,IT Management / Director
"Director, Platform Systems",fulltime,yearly,0,mid_level,169035.5,10.0,University,IT Management / Director
Help Desk Coordinator II,fulltime,yearly,1,entry_level,57713.0,4.0,High School,IT Support / Helpdesk
Lead Systems Architect - Auto Lending,fulltime,yearly,0,senior_level,154000.0,5.0,University,General IT / Other IT Role
Senior Cyber Defense Incident Responder,"parttime, fulltime, contract",yearly,1,mid_level,121000.0,5.0,High School,General IT / Other IT Role
Senior Digital Project Manager - 1898 & Co.,fulltime,yearly,0,senior_level,165462.5,7.0,University,Project / Program Management
Senior Desktop Support Technician,fulltime,yearly,0,entry_level,68060.0,5.0,University,IT Support / Helpdesk
Deputy Program Manager,fulltime,yearly,0,senior_level,171550.0,8.0,University,Project / Program Management
National Security Systems Security Controls Assessor,fulltime,yearly,0,senior_level,114062.5,4.0,University,Cybersecurity
Cyber Security Engineer,fulltime,yearly,0,senior_level,142350.0,8.0,University,Cybersecurity
NG911 Integration Engineer,contract,yearly,1,mid_level,126595.5,12.0,University,General IT / Other IT Role
"Area Security Manager, Google Data Centers",fulltime,yearly,0,senior_level,180000.0,10.0,Online/Courses,Cybersecurity
"Technical Program Manager III, ML Advanced Analytics, Data Center",fulltime,yearly,0,senior_level,176500.0,5.0,University,Project / Program Management
"Technical Program Manager II, Infrastructure Software Engineering, Core",fulltime,yearly,0,senior_level,150000.0,2.0,University,Network & Systems
"Program Manager I, Infrastructure, Core",fulltime,yearly,0,senior_level,122000.0,1.0,University,Network & Systems
"Cloud Program Manager II, Professional Services, Google Cloud",fulltime,yearly,0,senior_level,160000.0,6.0,University,Project / Program Management
Advisory Information Technology Auditor - Senior Consultant,internship,yearly,0,entry_level,112098.5,4.0,University,Consulting / Specialist
Technical Support Engineer,fulltime,yearly,1,senior_level,95000.0,4.0,University,IT Support / Helpdesk
"Senior Manager, IT",fulltime,yearly,0,senior_level,125000.0,7.0,University,IT Management / Director
Insurance Services Director,internship,yearly,1,senior_level,152500.0,3.0,University,IT Management / Director
IT Help Desk Coordinator,contract,hourly,0,senior_level,36400.0,2.0,University,IT Support / Helpdesk
IT Systems Administrator,fulltime,yearly,1,executive_level,96643.5,5.0,University,Network & Systems
"Technical Lead - Energy, Plano, TX",fulltime,yearly,0,senior_level,147500.0,10.0,University,General IT / Other IT Role
Senior Technical Support Analyst,fulltime,yearly,1,senior_level,80000.0,3.0,University,IT Support / Helpdesk
Production Director,fulltime,yearly,0,senior_level,177209.5,8.0,University,IT Management / Director
Director of Pharmaceutical Product Strategy,fulltime,yearly,1,senior_level,195000.0,10.0,University,IT Management / Director
Technical Service Manager,fulltime,yearly,0,mid_level,104092.0,5.0,University,IT Management / Director
Senior Network Engineer I,fulltime,yearly,0,entry_level,167500.0,5.0,University,Network & Systems
Manager IT Security Operations,fulltime,yearly,0,mid_level,157944.5,3.0,University,Cybersecurity
Director of Wireless,fulltime,yearly,0,senior_level,135508.0,8.0,University,IT Management / Director
Field Engineer-Security,fulltime,yearly,1,executive_level,98602.0,5.0,University,Cybersecurity
Senior Systems Engineer,fulltime,yearly,0,mid_level,155000.0,10.0,University,Network & Systems
SAP Project Manager- IT PMO,fulltime,yearly,0,senior_level,87095.0,7.0,University,Project / Program Management
"Sr. Workday Analyst, HRIS",fulltime,yearly,0,senior_level,113247.5,5.0,University,Other / Miscellaneous
Security Engineer,fulltime,yearly,0,senior_level,148511.5,3.0,University,Cybersecurity
IT System Administrator,fulltime,hourly,1,mid_level,68640.0,5.0,University,Network & Systems
Senior Business Systems Analyst,fulltime,yearly,0,senior_level,99114.0,5.0,High School,General IT / Other IT Role
"Developer - SAP Convergent Mediation, Java, HANA",fulltime,yearly,1,senior_level,99485.0,5.0,University,Software Development
Technology Support Specialist,fulltime,yearly,0,mid_level,54317.0,2.0,Online/Courses,IT Support / Helpdesk
Network Engineer,fulltime,yearly,0,senior_level,98454.0,5.0,University,Network & Systems
IT Technician,fulltime,yearly,0,mid_level,55810.0,2.0,University,IT Support / Helpdesk
"ServiceNow ITOM and ITSM Engineer, VP",fulltime,yearly,1,mid_level,151000.0,5.0,University,IT Management / Director
BMD Integration Analyst,fulltime,yearly,0,mid_level,76752.5,4.0,University,Other / Miscellaneous
"Manager, Deposit Product",fulltime,yearly,0,senior_level,117269.5,7.0,University,IT Management / Director
Product Manager/Product Development Bio-Proce,fulltime,yearly,0,senior_level,103034.0,5.0,University,IT Management / Director
IT Service Delivery Manager,fulltime,yearly,0,senior_level,137500.0,8.0,Online/Courses,IT Management / Director
Systems Administrator,fulltime,yearly,0,executive_level,86197.0,2.0,University,Network & Systems
"Manager, Systems Engineering",fulltime,yearly,1,senior_level,146285.5,5.0,University,Network & Systems
SAP S/4 Basis and Security Lead,fulltime,yearly,0,senior_level,110000.0,5.0,University,Cybersecurity
"Systems Engineer - Security, Identity Access Management",fulltime,yearly,1,mid_level,97240.5,3.0,University,Network & Systems
"Vice President, Chief Information Security Officer",internship,yearly,0,senior_level,219896.0,15.0,University,Cybersecurity
SENIOR CONSULTANT (Remote),fulltime,yearly,1,mid_level,147324.5,5.0,University,Consulting / Specialist
"Product Manager, GM Energy Home",fulltime,yearly,0,senior_level,121300.0,5.0,University,IT Management / Director
Technical Project Manager,contract,yearly,1,senior_level,135589.0,5.0,University,Project / Program Management
Senior Manager - Insider Threat (Remote),fulltime,yearly,1,senior_level,155677.5,7.0,University,IT Management / Director
Desktop Support Analyst,fulltime,yearly,1,mid_level,46000.0,3.0,University,IT Support / Helpdesk
IT Agile Coach,fulltime,yearly,0,mid_level,107604.0,8.0,Online/Courses,Project / Program Management
Senior Technical Services Project Manager,fulltime,yearly,0,entry_level,119384.5,3.0,Online/Courses,Project / Program Management
IT Support Technician,contract,hourly,0,entry_level,54080.0,1.0,University,IT Support / Helpdesk
Junior System Administrator,fulltime,yearly,0,entry_level,70753.0,2.0,University,Network & Systems
Cybersecurity Architect,contract,hourly,1,senior_level,140400.0,15.0,University,Cybersecurity
Program Leader for AV Delivery Support,fulltime,yearly,0,senior_level,160500.0,6.0,University,IT Support / Helpdesk
IT Implementation Specialist,fulltime,yearly,1,mid_level,72974.5,5.0,University,Consulting / Specialist
ServiceNow System Admin & Developer,fulltime,yearly,0,entry_level,90114.5,2.0,University,Software Development
IT Support Specialist,fulltime,yearly,0,senior_level,60058.0,1.0,University,IT Support / Helpdesk
Systems Administrator,fulltime,yearly,0,senior_level,110000.0,5.0,University,Network & Systems
Operations Engineer Level II,fulltime,yearly,0,mid_level,74279.0,3.0,University,General IT / Other IT Role
"Project Manager - Medical Group - Full-Time, days",fulltime,yearly,0,senior_level,85737.0,3.0,University,Project / Program Management
Technology Specialist,fulltime,yearly,0,executive_level,55885.0,2.0,High School,Consulting / Specialist
Systems Administrator,fulltime,yearly,0,mid_level,74810.5,2.0,University,Network & Systems
Product Manager,fulltime,yearly,0,senior_level,118633.5,2.0,University,IT Management / Director
Chief Commercial Officer,fulltime,yearly,0,senior_level,150000.0,10.0,University,IT Management / Director
Workday Integrations Developer,fulltime,yearly,1,executive_level,118817.5,1.0,University,Software Development
Litigation Technology Manager,fulltime,yearly,1,senior_level,86744.5,5.0,University,IT Management / Director
Director of Infrastructure Product,fulltime,yearly,1,mid_level,164300.0,10.0,University,Network & Systems
Solutions Architect - MDR (Managed Detection and Response),fulltime,yearly,1,senior_level,144091.0,5.0,University,Consulting / Specialist
Salesforce CPQ Functional Consultant,fulltime,yearly,0,senior_level,140105.0,5.0,University,Consulting / Specialist
IT Production Technician,fulltime,yearly,0,mid_level,70813.0,5.0,University,IT Support / Helpdesk
"Systems Engineer, HLS",fulltime,yearly,1,senior_level,113792.5,8.0,University,Network & Systems
"Network Engineer, Consulting Principal",fulltime,yearly,1,senior_level,270000.0,15.0,High School,Network & Systems
Principal Customer Project Manager,fulltime,yearly,0,mid_level,141320.5,5.0,University,Project / Program Management
"Integrated Unified Communications Consulting Engineer, Principal",fulltime,yearly,0,mid_level,270000.0,15.0,High School,General IT / Other IT Role
Information Technologist,fulltime,yearly,0,executive_level,112500.0,10.0,High School,General IT / Other IT Role
SharePoint Architect,fulltime,yearly,0,senior_level,163714.0,10.0,Online/Courses,General IT / Other IT Role
Technical Support Specialist,fulltime,yearly,0,executive_level,96816.5,10.0,High School,IT Support / Helpdesk
Senior Enterprise Architect,fulltime,yearly,0,senior_level,186212.0,20.0,Online/Courses,Consulting / Specialist
Senior Cloud Architect,fulltime,yearly,0,mid_level,247000.0,16.0,University,General IT / Other IT Role
Customer Support Specialist (Technical),fulltime,yearly,1,senior_level,66500.0,2.0,High School,IT Support / Helpdesk
Chief Architect,fulltime,yearly,0,senior_level,190000.0,16.0,University,IT Management / Director
Ansible Automation & Red Hat Linux System Administrator,fulltime,yearly,0,senior_level,104000.0,4.0,University,Network & Systems
Application Analyst,fulltime,yearly,0,mid_level,64000.0,5.0,University,Other / Miscellaneous
Open Text Consultant,contract,hourly,0,senior_level,150800.0,10.0,University,Consulting / Specialist
Service Desk Analyst - IT Solutions,fulltime,yearly,1,entry_level,46839.5,0.0,High School,IT Support / Helpdesk
IT Technician,fulltime,yearly,1,executive_level,49430.0,3.0,University,IT Support / Helpdesk
IT Director,fulltime,yearly,0,senior_level,110137.5,5.0,University,IT Management / Director
Agile delivery lead,contract,hourly,1,senior_level,109200.0,8.0,University,Project / Program Management
Senior Endpoint Engineer,fulltime,yearly,0,senior_level,127500.0,8.0,University,General IT / Other IT Role
Consultant,contract,hourly,1,senior_level,150800.0,8.0,University,Consulting / Specialist
CRM/ ERP Administrator,fulltime,hourly,0,senior_level,62400.0,1.0,University,Other / Miscellaneous
"Senior Director, IT Enterprise Delivery",fulltime,yearly,0,senior_level,174519.5,10.0,University,IT Management / Director
Managed Services Oracle Delivery - Senior Manager,fulltime,yearly,1,entry_level,168250.0,7.0,University,IT Management / Director
Desktop Support Technician II,fulltime,yearly,1,senior_level,51400.0,3.0,University,IT Support / Helpdesk
Trading Application Support Analyst,internship,yearly,0,senior_level,137500.0,5.0,University,IT Support / Helpdesk
Senior SOC Analyst,internship,yearly,1,entry_level,142500.0,7.0,University,Other / Miscellaneous
Vulnerability Management Lead,internship,yearly,1,senior_level,152500.0,7.0,University,General IT / Other IT Role
Support Services Technician,internship,yearly,1,mid_level,52941.0,1.0,University,IT Support / Helpdesk
Senior ServiceNow developer,fulltime,yearly,0,entry_level,131600.0,5.0,University,Software Development
"Managing Director, Implementation / Professional Services - EDM / ADP - Charles River Development",fulltime,yearly,1,senior_level,231250.0,10.0,University,IT Management / Director
Information Technology Support Technician,fulltime,hourly,1,mid_level,57200.0,2.0,Online/Courses,IT Support / Helpdesk
IT Security Engineer,fulltime,yearly,1,senior_level,95000.0,1.0,University,Cybersecurity
Benefitfocus HCM Consultant,fulltime,yearly,1,senior_level,80000.0,5.0,University,Consulting / Specialist
System Product Manager,internship,yearly,1,senior_level,119500.0,5.0,University,IT Management / Director
Sr. Product Manager,internship,yearly,1,senior_level,168500.0,8.0,University,IT Management / Director
Sr. System Engineer,internship,yearly,0,senior_level,149000.0,8.0,University,General IT / Other IT Role
Delivery Manager (Hybrid Work Schedule),fulltime,yearly,0,senior_level,97253.5,3.0,University,IT Management / Director
Middleware Support System Admin,contract,yearly,1,senior_level,109303.0,5.0,University,IT Support / Helpdesk
IGA/Saviynt Principal Engineer - VIRTUAL USA,internship,yearly,1,senior_level,167000.0,7.0,University,General IT / Other IT Role
"Product Manager, Search Platform",contract,hourly,0,senior_level,140400.0,20.0,University,IT Management / Director
IFS Application Support Analyst,fulltime,yearly,1,mid_level,87000.0,3.0,High School,IT Support / Helpdesk
IFS Developer,fulltime,yearly,1,mid_level,111000.0,3.0,High School,Software Development
"Senior Analyst, EDI Integration",internship,yearly,1,mid_level,130000.0,5.0,University,Other / Miscellaneous
Principal Engineer- Principal Security Architect(Remote Or Hybrid),fulltime,yearly,1,senior_level,202150.0,10.0,University,Cybersecurity
SE Linux Engineer - Clearance Required,fulltime,yearly,0,mid_level,165000.0,4.0,University,General IT / Other IT Role
Director of IT,fulltime,yearly,1,senior_level,125000.0,3.0,University,IT Management / Director
"Senior Product Manager, Hardware Platforms",fulltime,yearly,0,senior_level,168997.0,5.0,University,IT Management / Director
"Help Desk Technician (onsite) - Harrisburg, PA",fulltime,yearly,1,mid_level,47435.5,2.0,University,IT Support / Helpdesk
"Business Systems Analysis, Director",fulltime,yearly,0,senior_level,190000.0,3.0,University,IT Management / Director
Program Manager,contract,yearly,0,senior_level,145698.0,10.0,University,Project / Program Management
Director of IT Central Services,fulltime,yearly,1,senior_level,138305.5,7.0,University,IT Management / Director
Sr. SW Engineer - PaaS,fulltime,yearly,1,senior_level,127675.0,3.0,University,General IT / Other IT Role
IT-OT Marine Systems Engineer,fulltime,yearly,1,senior_level,96677.0,5.0,University,Network & Systems
"Sr. Director, Infrastructure - Information Technology",fulltime,yearly,1,executive_level,207500.0,15.0,University,Network & Systems
Network and Windows Systems Administrator,fulltime,yearly,1,mid_level,74154.0,1.0,University,Network & Systems
IT Help Desk Technician FT,fulltime,hourly,1,senior_level,45760.0,2.0,University,IT Support / Helpdesk
Dotnet Developer,internship,yearly,0,executive_level,95023.0,3.0,University,Software Development
Technology Support Specialist II,fulltime,yearly,0,mid_level,47780.0,1.0,University,IT Support / Helpdesk
Navy ISNS/CANES Tech (4480),internship,hourly,0,mid_level,73840.0,5.0,High School,General IT / Other IT Role
Senior Technical Project Manager,internship,yearly,0,entry_level,125500.0,5.0,University,Project / Program Management
Cryptography Engineer - Global Information Security,fulltime,yearly,0,mid_level,127429.5,5.0,University,Cybersecurity
Technology Operations Specialist,fulltime,yearly,0,senior_level,94999.0,2.0,University,Consulting / Specialist
IT Technician,contract,hourly,1,mid_level,47840.0,4.0,University,IT Support / Helpdesk
"Manager, IT Laboratory Systems",internship,yearly,1,mid_level,115029.0,3.0,University,IT Management / Director
Regional Security Operations Center (SOC) Lead,contract,yearly,0,senior_level,88466.5,1.0,University,Cybersecurity
"Senior Manager, IT - BRIM/FICA - Bill to Cash",fulltime,yearly,1,senior_level,142355.0,10.0,University,IT Management / Director
"Sr. Director, Network Management",fulltime,yearly,1,mid_level,194178.0,12.0,University,Network & Systems
Systems Administrator,"fulltime, contract",yearly,0,senior_level,90000.0,3.0,University,Network & Systems
Project Manager,contract,hourly,1,senior_level,218400.0,5.0,University,Project / Program Management
Senior Product Manager - Wires Product Management,fulltime,yearly,0,senior_level,154500.0,8.0,University,IT Management / Director
Project Manager,internship,yearly,0,mid_level,120000.0,5.0,University,Project / Program Management
"Senior Manager, Payment Systems",fulltime,yearly,0,mid_level,148350.0,5.0,Online/Courses,IT Management / Director
Senior Product Manager,fulltime,yearly,1,senior_level,127500.0,7.0,University,IT Management / Director
"Senior Product Manager, Smart Collaboration",fulltime,yearly,0,senior_level,145370.5,5.0,University,IT Management / Director
Global System Administrator,fulltime,yearly,1,mid_level,77500.0,2.0,Online/Courses,Network & Systems
Technical Support Engineer,fulltime,yearly,0,mid_level,68418.0,3.0,University,IT Support / Helpdesk
Vendor Assessment & Controls Specialist,fulltime,yearly,1,mid_level,104857.5,7.0,University,Consulting / Specialist
Project Manager,contract,yearly,1,senior_level,114765.0,2.0,University,Project / Program Management
Head of Product Management - Retail,internship,yearly,0,senior_level,132678.5,13.0,University,Data & Analytics
Desktop Support- 2 Month Contract,contract,hourly,1,mid_level,67600.0,1.0,High School,IT Support / Helpdesk
Program Manager,fulltime,yearly,1,senior_level,136003.0,7.0,University,Project / Program Management
Workday Certified Financials Senior Consultant,contract,yearly,1,senior_level,138864.0,4.0,University,Consulting / Specialist
Workday Certified Canada Payroll Consultant,contract,yearly,1,senior_level,99600.5,2.0,University,Consulting / Specialist
Workday Reporting Consultant,fulltime,yearly,1,senior_level,110000.0,2.0,University,Consulting / Specialist
Workday Extend Certified Consultant,contract,yearly,1,senior_level,140701.0,3.0,University,Consulting / Specialist
Workday Associate Integration Consultant,contract,yearly,1,entry_level,106504.5,1.0,University,Consulting / Specialist
Project Manager - No C2C,"fulltime, contract",hourly,0,senior_level,135200.0,5.0,University,Project / Program Management
"Buyer II (Purchasing) - IT Procurement, IS Strategy, Finance and Communications",fulltime,yearly,0,senior_level,67500.0,3.0,University,General IT / Other IT Role
Senior Technical Project Manager | Kinetic,fulltime,yearly,1,senior_level,130000.0,3.0,University,Project / Program Management
Defense Sector Technical Director,fulltime,yearly,0,senior_level,183137.0,10.0,University,IT Management / Director
Lead PCG/Tools Engineer,fulltime,yearly,1,senior_level,154155.5,7.0,Online/Courses,General IT / Other IT Role
Technical Project Manager - Data Effectivity,fulltime,yearly,0,senior_level,187500.0,10.0,University,Project / Program Management
Lead Systems Engineer,fulltime,yearly,0,entry_level,187500.0,8.0,University,Network & Systems
Systems Engineer - Systems Performance Lead,fulltime,yearly,0,senior_level,192500.0,10.0,University,Network & Systems
Systems Operator,contract,yearly,0,mid_level,72335.5,3.0,University,General IT / Other IT Role
"Director, IT Service Delivery",internship,yearly,1,senior_level,177171.0,5.0,University,IT Management / Director
Specialist - Smart Hands Field Service,fulltime,hourly,0,mid_level,76960.0,2.0,High School,Consulting / Specialist
Deputy Technical Program Manager,contract,yearly,1,mid_level,175000.0,15.0,University,Project / Program Management
POS Support Specialist w/ Deskside Support- Contract ends in January,contract,hourly,1,senior_level,67600.0,3.0,University,IT Support / Helpdesk
"Senior Product Manager, Outcomes",internship,yearly,0,senior_level,175000.0,10.0,University,IT Management / Director
HIM Application Analyst,fulltime,yearly,0,senior_level,65864.5,4.0,University,Other / Miscellaneous
Sr Principal Cloud Architect,internship,yearly,1,senior_level,246500.0,10.0,University,General IT / Other IT Role
Program Manager,fulltime,yearly,0,mid_level,145917.5,12.0,University,Project / Program Management
Lead Systems Engineer,fulltime,yearly,0,senior_level,207500.0,13.0,Online/Courses,Network & Systems
Systems Administrator,fulltime,yearly,0,executive_level,141000.0,13.0,Online/Courses,Network & Systems
Senior Technical Program Manager (Finance),fulltime,yearly,0,senior_level,171000.0,5.0,University,Project / Program Management
Senior Project Manager,contract,yearly,0,senior_level,125083.0,10.0,University,Project / Program Management
Cyber Security Analyst with TS/SCI,fulltime,yearly,0,executive_level,109656.0,5.0,University,Cybersecurity
COMPUTER SYSTEM VALIDATION,"temporary, contract",yearly,0,senior_level,104380.0,5.0,University,General IT / Other IT Role
Strategic Solutions Director,fulltime,yearly,0,mid_level,144893.5,5.0,University,IT Management / Director
Desktop Support Technician,fulltime,yearly,1,mid_level,49000.0,3.0,University,IT Support / Helpdesk
Microsoft Systems Engineer,fulltime,yearly,0,mid_level,70000.0,5.0,University,Network & Systems
Project Delivery Lead,fulltime,yearly,1,senior_level,119204.5,20.0,University,Other / Miscellaneous
ZENDESK ADMINISTRATOR - CHARLOTTE (HYBRID),fulltime,yearly,1,mid_level,86912.0,3.0,University,Other / Miscellaneous
"Sr. Admin, Salesforce.com",fulltime,yearly,0,senior_level,136911.5,5.0,University,Other / Miscellaneous
Project Management System Administrator (306),fulltime,yearly,0,mid_level,96132.5,5.0,Online/Courses,Network & Systems
Junior Network Engineer,fulltime,yearly,0,entry_level,66811.5,2.0,University,Network & Systems
"Senior Director, Technical Delivery - Evinova",fulltime,yearly,0,senior_level,215000.0,10.0,University,IT Management / Director
Software Support-Law Enforcement Software,fulltime,yearly,1,mid_level,40985.5,1.0,University,IT Support / Helpdesk
Product Manager,fulltime,yearly,1,senior_level,75000.0,3.0,University,IT Management / Director
"Product Manager || Boston, MA (Local only)","fulltime, contract",hourly,1,senior_level,109200.0,5.0,University,IT Management / Director
"Senior Consultant, Life Sciences Practice (Chicago)",internship,yearly,0,senior_level,122250.0,2.0,University,Consulting / Specialist
"Vice President Group Director, Technical Delivery Lead",contract,yearly,0,senior_level,214250.0,12.0,University,IT Management / Director
Program Security Representative II (PSR),fulltime,yearly,0,senior_level,111500.0,8.0,University,Cybersecurity
System Administrator,fulltime,yearly,1,executive_level,115000.0,2.0,High School,Network & Systems
IT Operations Manager,fulltime,yearly,0,senior_level,111941.5,5.0,University,IT Management / Director
"Director, Enterprise Experience Strategist",fulltime,yearly,1,senior_level,165000.0,6.0,Online/Courses,IT Management / Director
"Tier 3 Tech Support Engineer, Video Conferencing & Enterprise",fulltime,yearly,1,senior_level,132350.0,5.0,Online/Courses,IT Support / Helpdesk
Analytics Consultant,fulltime,yearly,0,entry_level,98953.5,3.0,University,Data & Analytics
Desktop Support Technician,fulltime,yearly,0,senior_level,45500.0,1.0,University,IT Support / Helpdesk
"Vice President, Professional Services",fulltime,yearly,0,senior_level,154090.0,10.0,University,IT Management / Director
SYSTEMS ADMINISTRATOR,fulltime,yearly,1,mid_level,63861.0,2.0,University,Network & Systems
Platform Product Manager – Adobe Real Time CDP – R01543119,internship,yearly,0,senior_level,142058.5,13.0,University,IT Management / Director
Director of Engineering,fulltime,yearly,1,senior_level,326500.0,5.0,University,IT Management / Director
Security Operations Center Lead,contract,hourly,0,senior_level,89440.0,1.0,University,Cybersecurity
LIVE Desk Technical Support - Tier 1 - Dispatchable- Las Vegas,fulltime,yearly,0,mid_level,42500.0,2.0,High School,IT Support / Helpdesk
Help Desk Technician,"temporary, fulltime",hourly,1,mid_level,44720.0,1.0,Online/Courses,IT Support / Helpdesk
Project Manager,fulltime,yearly,0,senior_level,92500.0,3.0,University,Project / Program Management
2025 Intern - IT Portfolio Planning & Operations,fulltime,hourly,0,senior_level,92560.0,3.0,University,Intern / Entry Level
SharePoint Developer,"fulltime, contract",yearly,1,senior_level,128464.5,5.0,Online/Courses,Software Development
Desktop Support Technician,contract,hourly,1,mid_level,46800.0,4.0,University,IT Support / Helpdesk
Desktop Support Technician,contract,hourly,1,mid_level,46800.0,4.0,University,IT Support / Helpdesk
Sr IT Business Analyst-USA-EX,fulltime,yearly,0,senior_level,130000.0,5.0,University,Data & Analytics
Home Care Agency Director Salary Commensurate with Experience,fulltime,yearly,0,senior_level,82839.5,3.0,University,IT Management / Director
Programming Manager * Hybrid * Local,fulltime,yearly,0,mid_level,102500.0,5.0,University,IT Management / Director
Project Manager * Hybrid * Automation,fulltime,yearly,0,senior_level,88001.0,5.0,University,Project / Program Management
"Sr. Director, Implementation",internship,yearly,0,senior_level,202500.0,8.0,University,IT Management / Director
Level III Technician,fulltime,yearly,1,executive_level,80000.0,5.0,University,IT Support / Helpdesk
Adjunct Instructor - Health Information Technology/Medical Coding Specialist,parttime,yearly,0,mid_level,82583.5,7.0,Online/Courses,IT Management / Director
IT HELP DESK TECHNICIAN AND FIELD SUPPORT TECHNICIAN,fulltime,yearly,0,executive_level,52500.0,2.0,University,IT Support / Helpdesk
Systems Administrator II,fulltime,yearly,0,mid_level,89500.0,5.0,University,Network & Systems
Senior VP of Technology,fulltime,yearly,0,mid_level,125000.0,5.0,University,IT Management / Director
Senior Product Manager,fulltime,yearly,1,senior_level,137500.0,5.0,University,IT Management / Director
"Consumer Product Manager, Biowearables",fulltime,yearly,0,senior_level,163900.0,5.0,University,IT Management / Director
Full-Time Bilingual (Japanese/English) Project Manager,fulltime,hourly,0,senior_level,67600.0,5.0,University,Project / Program Management
Payroll Software Support Specialist,fulltime,hourly,1,senior_level,44720.0,1.0,University,IT Support / Helpdesk
"Director of Product Management, Digital Experience.",fulltime,yearly,0,mid_level,200000.0,15.0,Online/Courses,IT Management / Director
Systems Engineer,fulltime,yearly,0,executive_level,120001.0,10.0,Online/Courses,Network & Systems
CX Training and Quality Analyst,fulltime,yearly,1,senior_level,58631.5,3.0,University,Data & Analytics
"Project Manager, AP Equipment and Technology",fulltime,yearly,1,mid_level,92500.0,2.0,University,Project / Program Management
"Helpdesk Technician, NOC Tier 1",fulltime,yearly,1,executive_level,35000.0,3.0,University,IT Support / Helpdesk
Senior Security Governance Program Manager,fulltime,yearly,1,senior_level,147550.0,8.0,University,Cybersecurity
Senior IAM Analyst,fulltime,yearly,1,mid_level,101250.0,6.0,University,Other / Miscellaneous
"Manager, Analytics",internship,yearly,0,senior_level,104750.0,10.0,University,Data & Analytics
"Senior Vice President, Audience Solutions Group",internship,yearly,0,senior_level,201000.0,12.0,University,IT Management / Director
"Senior Associate, Partner Direct",internship,yearly,0,mid_level,71646.0,2.0,University,Other / Miscellaneous
"Associate Director, Data Science",internship,yearly,0,senior_level,162500.0,5.0,University,Data & Analytics
Cybersecurity Engineer II,fulltime,yearly,0,senior_level,82500.0,3.0,High School,Cybersecurity
"Sr Manager, Business Systems",contract,yearly,0,senior_level,136056.5,7.0,University,IT Management / Director
AMAC Project Manager (DISA Liaison),fulltime,yearly,0,senior_level,121895.5,5.0,University,Project / Program Management
Customer Experience Program Leader,fulltime,yearly,1,mid_level,98136.5,3.0,University,Other / Miscellaneous
DCAI Strategic Planning Sr Director,fulltime,yearly,0,senior_level,268438.0,12.0,University,Data & Analytics
Government Security Compliance Analyst,fulltime,yearly,0,senior_level,163470.0,6.0,University,Cybersecurity
Program Manager - Senior,fulltime,yearly,0,mid_level,163564.5,12.0,University,Project / Program Management
Senior Threat Analyst,fulltime,yearly,0,mid_level,107925.5,12.0,University,Other / Miscellaneous
Senior Cloud Based Computing - SME,fulltime,yearly,0,mid_level,131409.5,12.0,University,General IT / Other IT Role
Storage and Virtualization Administrator – Junior,fulltime,yearly,1,entry_level,55385.5,0.0,University,Intern / Entry Level
Application Systems Senior Analyst,fulltime,yearly,0,senior_level,109822.5,12.0,University,General IT / Other IT Role
Network Services (Network Senior SME),fulltime,yearly,1,mid_level,123033.5,12.0,University,Network & Systems
Systems Engineer,fulltime,yearly,1,senior_level,129035.5,10.0,University,Network & Systems
Systems Security Lead,fulltime,yearly,0,senior_level,123122.0,5.0,University,Cybersecurity
Forensic /Malware Analyst-Senior,fulltime,yearly,0,senior_level,124021.5,12.0,University,Other / Miscellaneous
Cyber Security - Senior SME,fulltime,yearly,0,senior_level,129976.5,12.0,University,Cybersecurity
Incident Handler,fulltime,yearly,0,senior_level,126132.5,12.0,University,Other / Miscellaneous
Senior Defense Assessment Analyst (Penetration Tester),fulltime,yearly,1,senior_level,128716.0,12.0,University,Other / Miscellaneous
Mid-Level ServiceNow Developer,fulltime,yearly,1,mid_level,110000.0,4.0,University,Software Development
Sr. ServiceNow Developer,fulltime,yearly,1,senior_level,150000.0,6.0,University,Software Development
Child Development Assistant (IT/PRE) @ DYER KELLY ECE (PC 31831),parttime,hourly,0,mid_level,42640.0,0.0,University,General IT / Other IT Role
IT Operations Manager,fulltime,yearly,0,senior_level,123441.5,7.0,University,IT Management / Director
Systems Administrator I,fulltime,yearly,0,senior_level,43519.0,1.0,High School,Network & Systems
Security Operations Manager,fulltime,yearly,0,senior_level,138628.5,7.0,University,Cybersecurity
Technical Support & Parts Sales Associate,fulltime,hourly,0,mid_level,44720.0,2.0,University,IT Support / Helpdesk
System Administrator – Senior (Directory Services),fulltime,yearly,0,senior_level,121375.5,7.0,University,Network & Systems
System Administrator – Intermediate (Monitoring),fulltime,yearly,1,mid_level,70000.0,4.0,University,Network & Systems
"Senior Product Manager, Deposits",fulltime,yearly,0,senior_level,145379.0,3.0,University,IT Management / Director
"IT Help Desk Support, SharePoint",fulltime,yearly,0,senior_level,82487.5,5.0,Online/Courses,IT Support / Helpdesk
Configuration Analyst II (STC),fulltime,yearly,0,senior_level,72655.5,4.0,University,Other / Miscellaneous
Senior Systems Engineer,fulltime,yearly,1,entry_level,119571.5,5.0,University,Network & Systems
Azure Databricks Architect,fulltime,yearly,0,senior_level,149334.0,12.0,University,Data & Analytics
Product Owner,fulltime,yearly,0,senior_level,135233.5,10.0,University,Other / Miscellaneous
IT Help Desk Technician,fulltime,yearly,0,senior_level,51952.0,2.0,University,IT Support / Helpdesk
Network Technician,fulltime,yearly,0,mid_level,81859.0,10.0,University,IT Support / Helpdesk
Mid-level Vulnerability Researcher,fulltime,yearly,0,mid_level,101418.5,5.0,Online/Courses,General IT / Other IT Role
IT Technical Support,temporary,yearly,0,executive_level,72500.0,3.0,University,IT Support / Helpdesk
Sr. Solutions Architect (East Coast),fulltime,yearly,1,senior_level,171434.0,7.0,University,Consulting / Specialist
"Solutions Architect (Southeast, USA)",fulltime,yearly,1,senior_level,163062.0,5.0,University,Consulting / Specialist
Sr. Solutions Architect (Illinois),fulltime,yearly,1,senior_level,176157.0,7.0,University,Consulting / Specialist
Sr. Project Manager,contract,hourly,0,senior_level,123760.0,1.0,University,Project / Program Management
Support Desk Technician I,fulltime,yearly,0,mid_level,43451.5,2.0,University,IT Support / Helpdesk
IT Coordinator,contract,hourly,0,mid_level,54080.0,6.0,High School,General IT / Other IT Role
Senior Infrastructure Engineer,fulltime,yearly,0,entry_level,104709.0,8.0,University,Network & Systems
Network Engineer III,"parttime, contract",hourly,1,senior_level,156000.0,12.0,University,Network & Systems
Senior Active Directory Architect,"fulltime, contract",hourly,0,senior_level,114400.0,10.0,University,IT Management / Director
IT Systems Administrator,fulltime,yearly,0,executive_level,94250.0,3.0,University,Network & Systems
Technical Support Specialist,contract,hourly,0,mid_level,49920.0,6.0,High School,IT Support / Helpdesk
IAM PING SME,contract,hourly,1,senior_level,156000.0,5.0,University,Other / Miscellaneous
ServiceNow Architect,contract,yearly,0,senior_level,141705.0,12.0,University,General IT / Other IT Role
Workday HCM Manager (Continuous Value Services),fulltime,yearly,1,senior_level,116883.0,4.0,University,IT Management / Director
Director of Engineering (Fintech),internship,yearly,1,mid_level,190000.0,10.0,University,IT Management / Director
Integration Lead,fulltime,yearly,1,senior_level,136039.0,5.0,University,Other / Miscellaneous
Help Desk Technician Level 1,fulltime,hourly,0,senior_level,58240.0,2.0,High School,IT Support / Helpdesk
SAP Revenue Lead,contract,yearly,1,senior_level,132344.0,1.0,Online/Courses,Other / Miscellaneous
SAP S/4 Hana Banking Consultant,"fulltime, contract",yearly,0,senior_level,133837.5,1.0,University,Consulting / Specialist
Active Directory Architect,contract,hourly,1,senior_level,161200.0,10.0,University,IT Management / Director
IBM Sterling B2B Integrator - EDI/API Solutions Architect,fulltime,yearly,0,senior_level,120481.5,10.0,University,Consulting / Specialist
Medicaid Consultant,contract,hourly,1,senior_level,150800.0,5.0,University,Data & Analytics
Sr. Project Manager,contract,hourly,0,senior_level,119600.0,7.0,University,Project / Program Management
IT Technical Project Lead II,fulltime,yearly,0,senior_level,105242.5,5.0,University,General IT / Other IT Role
Product Development Manager,fulltime,yearly,0,senior_level,105000.0,3.0,University,IT Management / Director
Network Engineer,fulltime,hourly,0,senior_level,147680.0,12.0,University,Network & Systems
Scrum Master - BFSI - w2 only,contract,hourly,1,senior_level,130000.0,4.0,University,Project / Program Management
Desktop Support Technician,contract,hourly,1,mid_level,43680.0,1.0,University,IT Support / Helpdesk
Technical Delivery Manager,contract,hourly,0,senior_level,109200.0,5.0,University,IT Management / Director
Mainframe Developer,contract,yearly,0,senior_level,110823.0,20.0,University,Software Development
MS Windows Server Administrator,"fulltime, contract",hourly,0,senior_level,98800.0,5.0,University,Other / Miscellaneous
Senior Infrastructure Engineer,internship,yearly,1,mid_level,220500.0,10.0,University,Network & Systems
Senior Infrastructure Engineer,internship,yearly,1,mid_level,220500.0,10.0,University,Network & Systems
Network Engineer,"fulltime, contract",hourly,1,mid_level,81120.0,4.0,University,Network & Systems
Digitalization/ Automation Project Manager,contract,hourly,0,senior_level,82160.0,1.0,University,Project / Program Management
DevSysOps Engineer,fulltime,yearly,0,mid_level,87865.5,3.0,University,General IT / Other IT Role
Application Support Analyst – Financial Services – New York,fulltime,yearly,1,senior_level,90000.0,1.0,University,IT Support / Helpdesk
"Product Manager II, Ads Safety",fulltime,yearly,0,senior_level,176500.0,5.0,University,IT Management / Director
"Product Manager II, Workspace Monetization",fulltime,yearly,0,senior_level,176500.0,5.0,University,IT Management / Director
"Senior Security Engineer, Google Distributed Cloud Compliance",fulltime,yearly,0,senior_level,200000.0,5.0,University,Cybersecurity
"Product Manager II, Ads",fulltime,yearly,0,senior_level,176500.0,5.0,University,IT Management / Director
"Technical Program Manager III, Principal Engineering Partnerships, Core",fulltime,yearly,0,senior_level,176500.0,5.0,University,Project / Program Management
"Product Manager II, Gemini",fulltime,yearly,0,senior_level,176500.0,5.0,University,IT Management / Director
"Product Technology Manager, User Voice",fulltime,yearly,0,senior_level,146000.0,4.0,Online/Courses,IT Management / Director
"Technical Program Manager III, Infrastructure, Cloud Systems",fulltime,yearly,0,senior_level,176500.0,5.0,University,Network & Systems
ADG CCS Solution Delivery Lead,fulltime,yearly,0,senior_level,128263.0,8.0,University,Other / Miscellaneous
Senior Network Administrator - Information Systems,fulltime,yearly,0,senior_level,104229.0,5.0,High School,Network & Systems
Sr. Technical Product Manager,fulltime,yearly,1,senior_level,172191.5,3.0,Online/Courses,IT Management / Director
Project Manager Level 1,fulltime,yearly,0,mid_level,95044.0,10.0,University,Project / Program Management
"Enterprise Manager, Solution Specialist",fulltime,yearly,1,senior_level,213300.0,8.0,University,IT Management / Director
Information Technology Director,fulltime,yearly,0,mid_level,90000.0,5.0,University,IT Management / Director
Technical Project Manager,fulltime,yearly,1,senior_level,113733.0,4.0,University,Project / Program Management
Technical Product Manager,"temporary, contract",hourly,0,senior_level,156000.0,3.0,University,IT Management / Director
IT Support Specialist,fulltime,yearly,1,senior_level,57500.0,2.0,University,IT Support / Helpdesk
Systems Administrator II,fulltime,yearly,1,mid_level,98892.5,2.0,University,Network & Systems
SAP DBM / SD Techno Functional or SAP SD with Automobile Industry Experience,fulltime,yearly,1,senior_level,45000.0,5.0,University,General IT / Other IT Role
"IT SYSTEMS SUPPORT ANALYST, FCH - IT CLIENT TECHNOLOGIES",fulltime,yearly,1,mid_level,58973.0,2.0,University,IT Support / Helpdesk
Technical Support /Desktop Support,contract,hourly,0,executive_level,40560.0,1.0,University,IT Support / Helpdesk
Extended Expertise Consultant/Network Security Consultant,contract,hourly,1,senior_level,145600.0,3.0,University,Network & Systems
SAP FI/CO Architect,contract,hourly,1,mid_level,124800.0,3.0,High School,General IT / Other IT Role
Technical Support,fulltime,yearly,1,senior_level,51731.0,3.0,University,IT Support / Helpdesk
Senior Endpoint Engineer,fulltime,yearly,0,senior_level,150000.0,10.0,University,General IT / Other IT Role
SAP Project Manager (SCM and FICO),contract,hourly,1,senior_level,182000.0,20.0,University,Project / Program Management
Experienced MSP Technician,fulltime,yearly,1,senior_level,67500.0,3.0,University,IT Support / Helpdesk
Senior Solutions Consultant USA,fulltime,yearly,1,senior_level,147062.0,5.0,Online/Courses,Consulting / Specialist
Engineering {SE},fulltime,yearly,0,executive_level,69483.5,2.0,University,General IT / Other IT Role
"Mainframe Developer, AVP",fulltime,yearly,0,senior_level,116250.0,4.0,University,Software Development
Product Manager Senior - Technology (US),fulltime,yearly,1,senior_level,109385.0,10.0,University,IT Management / Director
Product Manager II,fulltime,yearly,0,senior_level,127600.0,4.0,University,IT Management / Director
Operations Project Manager,fulltime,yearly,1,senior_level,69746.5,2.0,University,Project / Program Management
"Specialist, Provider Network Admin",fulltime,hourly,1,mid_level,53040.0,3.0,University,Network & Systems
Desktop Support Technician - ONSITE,fulltime,hourly,1,mid_level,46800.0,2.0,University,IT Support / Helpdesk
Solution Architect,contract,yearly,1,senior_level,137510.0,8.0,University,General IT / Other IT Role
Sr. IT Product Manager - Mars Veterinary Health,fulltime,yearly,0,mid_level,148494.5,10.0,University,IT Management / Director
Principal Member of Technical Staff,fulltime,yearly,0,senior_level,225300.0,8.0,University,General IT / Other IT Role
Principal Technology Security,fulltime,yearly,0,senior_level,172100.0,8.0,University,Cybersecurity
Lead Project & Program Manager,fulltime,yearly,0,senior_level,148500.0,5.0,University,Project / Program Management
Project Manager (IT-IA-IM Program/Project Manager Level II) (Government),fulltime,yearly,0,mid_level,124600.0,10.0,University,Project / Program Management
Project Manager (IT-IA-IM Program/Project Manager Level 3) (Government),fulltime,yearly,0,mid_level,144050.0,16.0,University,Project / Program Management
Sr Cyber Security Engineer I- Sr Detection Engineer,internship,yearly,0,mid_level,117026.5,3.0,Online/Courses,Cybersecurity
Information Technology Engineer,fulltime,yearly,1,senior_level,100000.0,5.0,University,General IT / Other IT Role
Empower Support Engineer,fulltime,yearly,0,mid_level,85092.0,3.0,University,IT Support / Helpdesk
LIMS Support Engineer,fulltime,yearly,1,senior_level,81527.5,1.0,University,IT Support / Helpdesk
"GXP Lab Informatics, service delivery manager",fulltime,yearly,0,senior_level,118909.0,4.0,University,IT Management / Director
Industrial & Systems Engineer II - DC Network - Modeling - Remote,fulltime,yearly,1,senior_level,92500.0,4.0,University,Network & Systems
SAP Project Manager,fulltime,yearly,1,entry_level,105000.0,5.0,University,Project / Program Management
Systems Engineer-Software (Active TS/SCI Clearance Required),internship,yearly,0,mid_level,127000.0,1.0,University,Network & Systems
System Engineer - Intel & Cyber (Active Secret Security Clearance Required),internship,yearly,0,senior_level,158914.5,7.0,University,Cybersecurity
Japanese Bilingual IT Sales Manager,fulltime,yearly,1,senior_level,135000.0,7.0,University,IT Management / Director
Deskside Technician - L2 Support,fulltime,yearly,0,mid_level,50000.0,3.0,University,IT Support / Helpdesk
Head of Spend and Travel Product,fulltime,yearly,0,senior_level,247500.0,10.0,University,IT Management / Director
JDE Functional Consultant – Manufacturing/Operations,contract,yearly,0,senior_level,129000.0,3.0,University,Consulting / Specialist
Digital Manufacturing Operations Site Lead,fulltime,yearly,1,senior_level,156041.0,5.0,University,General IT / Other IT Role
"Associate Director, Technical Product Manager for Cross-Divisional Marketplace Program",fulltime,yearly,1,mid_level,174450.0,8.0,University,IT Management / Director
System Administrator I,fulltime,yearly,0,mid_level,67248.0,5.0,Online/Courses,Network & Systems
IT Product Owner,fulltime,yearly,0,senior_level,95380.5,1.0,University,General IT / Other IT Role
Senior Project Manager,contract,yearly,0,senior_level,130000.0,5.0,University,Project / Program Management
"Technical Program Manager 6 - Games Social, Trust and Safety",fulltime,yearly,1,senior_level,410000.0,10.0,University,Project / Program Management
Data Center Electronic Security Senior Project Manager,fulltime,yearly,1,mid_level,112500.0,5.0,University,Cybersecurity
Implementation Consultant- US Customs Brokerage Solutions,fulltime,yearly,1,senior_level,80726.0,16.0,University,Consulting / Specialist
"Linways Management System Manager (LMS), 3- 6yrs, Chalakudy",fulltime,yearly,1,senior_level,98344.0,3.0,University,IT Management / Director
"Manager, Local Technical Support",internship,yearly,0,senior_level,128750.0,10.0,University,IT Support / Helpdesk
"VP, Cloud AWS IAM Leader",internship,yearly,1,mid_level,230000.0,12.0,High School,IT Management / Director
Senior Platform Engineer - REMOTE,fulltime,yearly,1,senior_level,118125.0,10.0,University,General IT / Other IT Role
Platform Engineer - REMOTE,fulltime,yearly,1,entry_level,89437.5,5.0,University,General IT / Other IT Role
Senior IT VMO Technology Contracts Analyst,fulltime,yearly,0,mid_level,108000.0,5.0,University,General IT / Other IT Role
"Privacy Training and Awareness Program Manager, Privacy and Data Protection Office",internship,yearly,0,senior_level,208500.0,5.0,Online/Courses,Project / Program Management
Product Manager I- IV Fluid Therapy,fulltime,yearly,0,mid_level,93800.0,2.0,University,IT Management / Director
Lead SAP Basis Consultant,fulltime,yearly,1,mid_level,168760.0,8.0,University,Consulting / Specialist
EDI Mapping Analyst,internship,yearly,0,senior_level,75312.5,0.0,University,Other / Miscellaneous
Senior Computer Systems Engineer/Architect,fulltime,hourly,1,mid_level,141440.0,0.0,University,Network & Systems
SME Computer User Support Specialist,fulltime,hourly,0,senior_level,74880.0,8.0,University,IT Support / Helpdesk
"Director, Security Assurance",fulltime,yearly,0,senior_level,275220.0,20.0,University,Cybersecurity
"Director, Product Operations",fulltime,yearly,0,senior_level,169473.5,3.0,University,IT Management / Director
Senior Project Manager,internship,yearly,1,senior_level,125970.5,10.0,University,Project / Program Management
Senior Information Security Administrator,fulltime,yearly,1,senior_level,120000.0,10.0,University,Cybersecurity
Senior Technical Lead,fulltime,hourly,0,senior_level,150800.0,6.0,University,General IT / Other IT Role
Project Manager - Joint Use (Atlanta),fulltime,yearly,0,mid_level,115241.0,5.0,University,Project / Program Management
Senior Technical Manager,fulltime,yearly,1,mid_level,125000.0,10.0,University,IT Management / Director
Senior End User Technical Support Analyst,fulltime,yearly,1,senior_level,70000.0,7.0,University,IT Support / Helpdesk
Senior Enterprise Architect,fulltime,yearly,1,senior_level,159339.5,5.0,University,Consulting / Specialist
Senior Developer Mail Presorting,fulltime,yearly,1,senior_level,124984.5,5.0,University,Software Development
"SITEC - Network Architect - Homestead Air Reserve Base, FL",fulltime,yearly,0,mid_level,145500.0,12.0,University,Network & Systems
Senior Level Consultant/Developer,fulltime,yearly,1,senior_level,117500.0,4.0,University,Software Development
Senior Interface/Integration Analyst,fulltime,yearly,1,entry_level,142500.0,5.0,University,Other / Miscellaneous
Senior System Engineer,fulltime,yearly,0,senior_level,125000.0,10.0,University,General IT / Other IT Role
Senior Project Engineer,fulltime,yearly,0,mid_level,90000.0,2.0,University,General IT / Other IT Role
OT Cybersecurity M&T Senior Manager,fulltime,yearly,1,senior_level,199200.0,10.0,University,Cybersecurity
"Proposal Past Performance and Corporate Experience Developer, Lead",fulltime,yearly,1,senior_level,158300.0,5.0,University,Software Development
Director of Information Technology,fulltime,yearly,1,senior_level,170237.5,10.0,University,IT Management / Director
eCommerce Implementation Lead (Americas),fulltime,yearly,0,senior_level,132295.5,8.0,University,Other / Miscellaneous
End User Support Manager,fulltime,yearly,1,entry_level,90811.0,3.0,Online/Courses,IT Support / Helpdesk
IT Cloud Engineer Lead (Ref ID: 73),fulltime,yearly,0,senior_level,123056.0,10.0,University,Network & Systems
"SAP Solution Architect (PTP, MTS, QM) (Ref ID: 84)",fulltime,yearly,0,mid_level,123233.5,10.0,University,General IT / Other IT Role
Senior Project Manager - Analytics,fulltime,yearly,0,senior_level,125000.0,5.0,University,Project / Program Management
SIEM Analyst (Onsite ONLY),fulltime,yearly,1,mid_level,145000.0,3.0,University,General IT / Other IT Role
Project Manager,fulltime,yearly,0,mid_level,95000.0,3.0,University,Project / Program Management
Principal Product Manager,fulltime,yearly,0,senior_level,204450.0,6.0,University,IT Management / Director
Senior Information System Security Officer (HYBRID),fulltime,yearly,1,senior_level,170000.0,7.0,University,Cybersecurity
"Senior IT/OT Controls Engineer - Winston Salem, NC",fulltime,yearly,1,mid_level,108322.0,7.0,University,General IT / Other IT Role
Security Administrator / Facility Security Officer (FSO),internship,yearly,0,mid_level,104486.5,4.0,University,Cybersecurity
IT System Integrator FSP,internship,yearly,0,mid_level,120456.0,8.0,University,General IT / Other IT Role
Cyber Security Analyst (ISSO),fulltime,hourly,0,mid_level,166400.0,5.0,University,Cybersecurity
Technical Project Manager,fulltime,yearly,0,senior_level,100000.0,7.0,University,Project / Program Management
Sr. Director,fulltime,yearly,1,senior_level,272975.0,5.0,University,IT Management / Director
"Staff Automation Engineer, Power Platform",fulltime,yearly,0,senior_level,165847.0,2.0,University,General IT / Other IT Role
Junior Helpdesk Specialist,internship,yearly,0,entry_level,57545.0,1.0,High School,Consulting / Specialist
IT Service Management Requirements Lead,internship,yearly,0,entry_level,123455.0,6.0,University,General IT / Other IT Role
Sr. Teamcenter System Admin,internship,yearly,1,senior_level,119363.5,10.0,University,Other / Miscellaneous
"Program Manager, MTS III - Satellite Systems",fulltime,yearly,1,mid_level,164157.0,8.0,University,Project / Program Management
Senior IAM Engineer,internship,yearly,1,senior_level,158650.0,5.0,University,General IT / Other IT Role
Senior Business Systems Analyst,internship,yearly,0,mid_level,83394.5,4.0,University,General IT / Other IT Role
"Technical Program Manager II, Solution Delivery, Google Data Center",fulltime,yearly,0,senior_level,150000.0,2.0,Online/Courses,Project / Program Management
"Customer Engineer, Federal Financials, Public Sector",fulltime,yearly,0,senior_level,178000.0,10.0,University,IT Management / Director
"Product Manager II, Google Workspace",fulltime,yearly,0,senior_level,176500.0,5.0,University,IT Management / Director
"Senior Leadership Technical Program Manager, Google Distributed Cloud",fulltime,yearly,0,senior_level,259500.0,10.0,University,Project / Program Management
Sr. Configuration Analyst,fulltime,yearly,0,mid_level,77562.5,4.0,University,Other / Miscellaneous
Senior Infrastructure Engineer,fulltime,yearly,0,senior_level,128353.0,4.0,University,Network & Systems
Government Security Compliance Analyst,fulltime,yearly,0,senior_level,163470.0,6.0,University,Cybersecurity
"Director, Business Strategy and Planning - Fraud Information Control",internship,yearly,1,mid_level,168770.0,8.0,University,IT Management / Director
"Sr Principal Architect, Network Services",fulltime,yearly,0,senior_level,278875.0,10.0,University,Network & Systems
"Executive Director, Small Business Card Spend Enablement",fulltime,yearly,0,senior_level,232750.0,10.0,University,IT Management / Director
"MIS Reference Data, Vice President",fulltime,yearly,0,mid_level,164250.0,7.0,University,Data & Analytics
Lead Infrastacture Engineer,fulltime,yearly,0,senior_level,163750.0,5.0,University,General IT / Other IT Role
Tech Risk Assurance Lead - Cyber Risk Pillar - Cryptographic Services & Data Loss Prevention,fulltime,yearly,0,senior_level,166250.0,5.0,University,Data & Analytics
Cybersecurity - Information System Security Manager (ISSM),internship,yearly,0,senior_level,136000.0,9.0,University,Cybersecurity
Cybersecurity – Information System Security Officer (ISSO),internship,yearly,0,senior_level,109000.0,5.0,University,Cybersecurity
Consumer Credit Card Product Manager,fulltime,yearly,1,senior_level,157274.0,5.0,University,IT Management / Director
CyberArk Engineer,fulltime,yearly,0,mid_level,121382.5,8.0,University,General IT / Other IT Role
"Senior Manager, Delivery experience, Product Management",fulltime,yearly,0,mid_level,213150.0,5.0,University,IT Management / Director
"Senior Associate, Product Management: Travel Booking Experiences - Premium Products & Experiences",fulltime,yearly,0,entry_level,122800.0,2.0,University,Other / Miscellaneous
"Senior Manager, Product - Capital One Travel",fulltime,yearly,0,mid_level,213150.0,5.0,Bootcamp,IT Management / Director
Business & Technology Application Analyst III (PRN) - Infectious Diseases,parttime,hourly,0,mid_level,102960.0,4.0,Online/Courses,General IT / Other IT Role
Technical Product Owner – Measurement Services,fulltime,yearly,1,senior_level,140300.0,5.0,University,General IT / Other IT Role
Senior Sealed System Engineer,fulltime,yearly,0,senior_level,150350.5,10.0,University,General IT / Other IT Role
"Manager, Product Management (Open to Remote)",internship,yearly,1,senior_level,169162.5,5.0,University,IT Management / Director
IT Asset Management Specialist,fulltime,hourly,1,mid_level,53040.0,4.0,High School,Consulting / Specialist
Senior Hiring Advisor - Navy Team Submarine Program Support,fulltime,yearly,1,senior_level,140000.0,10.0,University,IT Support / Helpdesk
Windows Administrator,fulltime,yearly,1,mid_level,64000.0,3.0,University,Other / Miscellaneous
Product Owner - Mobile/FED,fulltime,yearly,0,senior_level,140162.0,5.0,University,Other / Miscellaneous
Salesforce Product Owner,fulltime,yearly,0,senior_level,139680.0,5.0,University,Other / Miscellaneous
Salesforce Scrum Master,fulltime,yearly,0,senior_level,139680.0,6.0,University,Project / Program Management
Information Services NextGen Application Support Specialist (Remote),fulltime,yearly,1,mid_level,77500.0,5.0,University,IT Support / Helpdesk
"Sr. Principal, Digital Leader- LegalTech",fulltime,yearly,0,mid_level,204795.0,10.0,Online/Courses,General IT / Other IT Role
Network Administrator,fulltime,hourly,0,executive_level,65520.0,2.0,University,Network & Systems
Global IT Sourcing Category Management Lead Consultant - (Remote),contract,yearly,1,mid_level,110437.5,5.0,University,Consulting / Specialist
"Consultant (Technical) - Virtual, United States",fulltime,yearly,1,senior_level,95000.0,1.0,University,Consulting / Specialist
Application Systems Consultant,fulltime,yearly,1,senior_level,80000.0,0.0,University,Consulting / Specialist
Senior Solution Strategist REMOTE FROM ANYWHERE IN THE USA,fulltime,yearly,1,senior_level,115000.0,8.0,Online/Courses,Other / Miscellaneous
Product Manager,fulltime,yearly,0,senior_level,90090.5,4.0,University,IT Management / Director
Sr. Systems Administrator,fulltime,yearly,1,senior_level,112655.0,5.0,University,Network & Systems
Systems Engineer II,fulltime,yearly,1,entry_level,119849.5,5.0,University,Network & Systems
Senior Merchandising Program Manager – Digital,fulltime,yearly,0,senior_level,96822.0,3.0,University,Project / Program Management
Information Systems Security Manager (ISSM),fulltime,yearly,0,mid_level,180000.0,12.0,University,Cybersecurity
Director Technical Product Management,internship,yearly,1,senior_level,259689.0,2.0,University,IT Management / Director
Network Administrator,fulltime,yearly,0,senior_level,82050.0,1.0,Online/Courses,Network & Systems
Systems Engineer,fulltime,yearly,1,senior_level,141603.5,8.0,University,Network & Systems
Cyber Security Engineer,fulltime,yearly,1,senior_level,145917.5,8.0,University,Cybersecurity
Senior Systems Administrator,fulltime,hourly,0,senior_level,88400.0,6.0,University,Network & Systems
Systems Administrator I,fulltime,yearly,1,mid_level,81812.0,5.0,Online/Courses,Network & Systems
Lead Control Systems Engineer,fulltime,yearly,0,senior_level,103369.5,3.0,University,Network & Systems
IT Help Desk Agent,fulltime,yearly,1,mid_level,46529.0,2.0,University,IT Support / Helpdesk
GRC Security Analyst,fulltime,yearly,1,senior_level,90225.5,1.0,University,Cybersecurity
Sr Product Manager,fulltime,yearly,0,mid_level,112350.0,6.0,Online/Courses,IT Management / Director
Payload Systems Engineer,fulltime,yearly,0,senior_level,110153.0,5.0,Online/Courses,Network & Systems
Senior Systems Administrator,contract,yearly,0,executive_level,118731.0,5.0,University,Network & Systems
Vulnerability Team Lead,fulltime,yearly,1,mid_level,116891.0,5.0,University,General IT / Other IT Role
SAP SD FUNCTIONAL ANALYST II,fulltime,yearly,0,senior_level,105000.0,5.0,University,Other / Miscellaneous
Field Services Analyst,fulltime,hourly,0,senior_level,78000.0,2.0,High School,Other / Miscellaneous
Lead Application Support Engineer,fulltime,yearly,0,mid_level,137196.0,20.0,University,IT Support / Helpdesk
Application Integration Engineer II,fulltime,yearly,0,senior_level,132905.0,8.0,University,General IT / Other IT Role
Azure Cloud Engineer,fulltime,yearly,1,mid_level,130000.0,3.0,University,Network & Systems
"Manager, IT Service Desk",internship,yearly,1,senior_level,116685.5,2.0,Online/Courses,IT Support / Helpdesk
"Implementation Consultant, HCM/Payroll",fulltime,yearly,1,senior_level,88900.0,2.0,University,Consulting / Specialist
"Director, Product Strategy",fulltime,yearly,0,senior_level,144010.5,8.0,University,IT Management / Director
Junior Helpdesk Specialist,fulltime,yearly,0,entry_level,58684.0,1.0,High School,Consulting / Specialist
IT Service Management Requirements Lead,fulltime,yearly,0,entry_level,125869.5,6.0,University,General IT / Other IT Role
Windows Active Directory Administrator & PowerShell Developer (Senior),fulltime,yearly,0,mid_level,112602.0,10.0,University,Software Development
Cyber Engineer,fulltime,yearly,0,entry_level,145790.5,10.0,University,General IT / Other IT Role
Director Revenue Cycle PMO,fulltime,yearly,0,senior_level,131676.5,10.0,University,Project / Program Management
Senior Technical Support Engineer | Remote US,fulltime,yearly,1,senior_level,90275.0,6.0,University,IT Support / Helpdesk
Senior Platform Engineer,fulltime,yearly,1,mid_level,118318.5,12.0,University,General IT / Other IT Role
"Associate Cloud Consultant, DevOps, AWS Professional Services",fulltime,yearly,1,mid_level,140500.0,1.0,University,Consulting / Specialist
"Security Engineer, Corporate Services Security",fulltime,yearly,0,senior_level,169150.0,3.0,University,Cybersecurity
"Associate Engagement Manager , AWS Professional Services",fulltime,yearly,1,mid_level,136700.0,1.0,University,IT Management / Director
"Sr. Real Estate Technology Manager, Data Center Supply Solutions",fulltime,yearly,0,senior_level,156150.0,3.0,University,Data & Analytics
"Program Manager, Infrastructure Risk and Resiliency",fulltime,yearly,0,senior_level,104800.0,3.0,University,Network & Systems
"Senior Manager, Global Strategies Group",fulltime,yearly,0,mid_level,237920.0,8.0,University,IT Management / Director
Oracle Cloud PLM Consulting Manager,fulltime,yearly,0,mid_level,183600.0,8.0,University,IT Management / Director
Salesforce Product Manager,fulltime,yearly,0,mid_level,183904.0,6.0,University,IT Management / Director
Advisory Cyber Risk Workday Security Senior Consultant,fulltime,yearly,0,mid_level,157711.0,4.0,University,Cybersecurity
Advisory Cyber Risk Workday Security Manager,fulltime,yearly,0,mid_level,191632.5,6.0,University,Cybersecurity
"Lead, EUTS Workstation M365 Administrator",fulltime,yearly,0,mid_level,119850.0,8.0,Online/Courses,Other / Miscellaneous
Ambulatory Products Senior Analyst,fulltime,yearly,1,senior_level,115209.0,3.0,University,Other / Miscellaneous
Scrum Master II,fulltime,yearly,0,senior_level,112460.5,5.0,University,Project / Program Management
Network Development Specialist - Texas,internship,yearly,1,senior_level,88050.0,2.0,High School,Network & Systems
"Sr Manager, Engineering - Customer Technology",fulltime,yearly,0,senior_level,174250.0,10.0,University,IT Management / Director
Project Manager V,contract,yearly,1,senior_level,147500.0,10.0,University,Project / Program Management
Cybersecurity Technical Director/Principal,contract,yearly,1,mid_level,195000.0,10.0,University,Cybersecurity
Director of Portfolio Management Office,fulltime,yearly,0,senior_level,199868.5,10.0,University,IT Management / Director
Assistant IT Manager,fulltime,yearly,0,senior_level,70000.0,3.0,University,IT Management / Director
Network & Security Architect – R01542976,temporary,yearly,0,senior_level,145000.0,5.0,University,Network & Systems
Director Product Management,fulltime,yearly,1,senior_level,252500.0,5.0,University,IT Management / Director
"Associate Vice President & Managing Director, Global Fixed Income, Data, Delivery & Integration, TD Securities",fulltime,yearly,0,mid_level,240000.0,10.0,Online/Courses,Data & Analytics
Unqork SME,fulltime,yearly,0,senior_level,128038.5,5.0,University,Other / Miscellaneous
INFORMATION TECHNOLOGY SPECIALIST II,fulltime,monthly,1,mid_level,9797.0,5.0,Online/Courses,Consulting / Specialist
Strategic Sourcing Specialist-IT,fulltime,yearly,0,mid_level,90826.5,3.0,University,Consulting / Specialist
20142 - Security Engineer III,fulltime,yearly,0,senior_level,102500.0,5.0,University,Cybersecurity
20138 - Sr System Administrator,fulltime,yearly,0,senior_level,112500.0,8.0,University,Network & Systems
Tech Project Manager I,fulltime,yearly,0,mid_level,70819.5,2.0,University,Project / Program Management
Distinguished Facility and Test Engineer,fulltime,yearly,1,senior_level,127536.5,8.0,University,General IT / Other IT Role
IT Consultant,"temporary, fulltime",yearly,0,senior_level,127433.5,11.0,Online/Courses,Consulting / Specialist
Product Manager,fulltime,yearly,0,senior_level,155000.0,5.0,University,IT Management / Director
Active Directory Architect (Locals Preferred),contract,yearly,1,senior_level,142049.0,10.0,University,IT Management / Director
Product Strategy & Plan Specialist - AVP,fulltime,yearly,0,senior_level,120500.0,5.0,University,IT Management / Director
IT Project Tech Lead - C13 - TAMPA,fulltime,yearly,0,senior_level,142300.0,6.0,University,General IT / Other IT Role
"VP, Business Risk Officer (Hybrid)",fulltime,yearly,1,senior_level,133900.0,5.0,University,IT Management / Director
"IAM Engineering Analyst, AVP (C12)",fulltime,yearly,0,mid_level,120500.0,5.0,University,IT Management / Director
IT Project Group Manager - SVP,fulltime,yearly,0,senior_level,204500.0,10.0,University,IT Management / Director
North America CitiConnect Product Manager,fulltime,yearly,0,senior_level,162300.0,3.0,University,IT Management / Director
Comp. Bus Control Sr Analyst (MCA Credit/Collections/AVP/Hybrid),fulltime,yearly,0,senior_level,102000.0,5.0,University,IT Management / Director
"Information Security Officer (ISO), AVP (C12)",fulltime,yearly,0,senior_level,136400.0,5.0,University,Cybersecurity
Technology and Cyber Risk Officer - VP (Hybrid),fulltime,yearly,0,senior_level,143400.0,6.0,University,IT Management / Director
Business Risk and Control Officer - VP,fulltime,yearly,0,mid_level,129900.0,6.0,University,IT Management / Director
"AVP, Business Risk Senior Analyst (Hybrid)",fulltime,yearly,0,senior_level,120500.0,8.0,University,IT Management / Director
Senior Systems Administrator,internship,yearly,0,entry_level,103612.0,5.0,University,Network & Systems
Helpdesk Technician,internship,yearly,0,senior_level,50587.0,1.0,University,IT Support / Helpdesk
Application Administrator Team Lead,fulltime,yearly,0,senior_level,95000.0,2.0,University,Other / Miscellaneous
IT Support Services Manager,fulltime,yearly,1,mid_level,97050.0,3.0,University,IT Support / Helpdesk
Temporary Computer Technician (2 positions),fulltime,yearly,0,mid_level,46781.5,2.0,High School,IT Support / Helpdesk
Health Chief Technology Officer (CTO),fulltime,yearly,1,senior_level,170000.0,10.0,University,IT Management / Director
Configuration Manager,fulltime,yearly,0,senior_level,103029.5,6.0,High School,IT Management / Director
Project Analyst,fulltime,yearly,0,senior_level,97811.5,6.0,High School,Other / Miscellaneous
IT Specialist,fulltime,yearly,1,entry_level,62500.0,4.0,University,Consulting / Specialist
Salesforce Developer - Cannabis,fulltime,yearly,0,mid_level,115000.0,5.0,University,Software Development
Senior Program Analyst,fulltime,yearly,0,senior_level,130000.0,4.0,University,Other / Miscellaneous
System Security Engineer – Senior - Top Secret Clearance,fulltime,yearly,0,mid_level,77500.0,15.0,University,Cybersecurity
Product Manager I - Platform,fulltime,yearly,1,senior_level,150125.0,3.0,University,IT Management / Director
Lead Solutions Engineer - Remote,fulltime,yearly,1,entry_level,159586.5,5.0,University,General IT / Other IT Role
Technical Support Technician,fulltime,hourly,0,senior_level,48880.0,1.0,University,IT Support / Helpdesk
Product Evaluations Technician I,fulltime,hourly,0,senior_level,47840.0,2.0,High School,IT Support / Helpdesk
Logistician/Configuration Manager,fulltime,yearly,0,mid_level,80000.0,5.0,High School,IT Management / Director
IT Administrator,fulltime,yearly,0,senior_level,67500.0,3.0,University,General IT / Other IT Role
On-Premises and Cloud Infrastructure Engineer,fulltime,yearly,0,executive_level,157500.0,4.0,University,Network & Systems
"Systems Engineer, Senior (AWS BMD)",fulltime,yearly,0,senior_level,118838.5,15.0,University,Network & Systems
"Executive Operations, Engineering",fulltime,yearly,0,senior_level,146550.0,10.0,University,General IT / Other IT Role
"Engineering Manager, Salesforce Platform",fulltime,yearly,1,senior_level,204887.5,2.0,University,IT Management / Director
Director of Information Technology,fulltime,yearly,0,mid_level,98978.5,4.0,Online/Courses,IT Management / Director
Information Technology Manager,fulltime,monthly,0,senior_level,14267.5,3.0,High School,IT Management / Director
Project Manager,fulltime,yearly,1,senior_level,78026.0,1.0,University,Project / Program Management
Regional Systems Support Engineer 2,fulltime,yearly,1,senior_level,131000.0,3.0,Online/Courses,IT Support / Helpdesk
Desktop Systems Specialist,fulltime,yearly,1,senior_level,99000.0,5.0,University,Consulting / Specialist
"TFS Field Inspector - Atlanta, GA",fulltime,hourly,0,senior_level,88400.0,4.0,University,IT Management / Director
Retrofit Application Engineer,fulltime,yearly,0,mid_level,76372.5,5.0,University,General IT / Other IT Role
Technical Support Specialist - Help Desk,fulltime,hourly,1,mid_level,61360.0,1.0,University,IT Support / Helpdesk
Information Services Project Manager,fulltime,yearly,0,entry_level,110221.5,5.0,University,Project / Program Management
EHR OPTIMIZATION DIRECTOR,fulltime,yearly,0,senior_level,133139.5,3.0,University,IT Management / Director
"Solutions Specialist Nashville, TN",internship,yearly,0,mid_level,82457.5,3.0,University,Consulting / Specialist
Senior Manager - CFIUS Security Compliance Advisor,fulltime,yearly,0,senior_level,160000.0,10.0,University,Cybersecurity
"Sr. Technical Program Manager, Project Controls",fulltime,yearly,0,senior_level,153330.5,7.0,University,Project / Program Management
Cardio Lead Clinical Ops Multisite,fulltime,yearly,0,mid_level,116511.0,10.0,University,General IT / Other IT Role
"Network Engineer, NA",fulltime,yearly,0,mid_level,125000.0,10.0,University,Network & Systems
Network Administrator/Sensor Technician,fulltime,yearly,1,senior_level,67189.0,0.0,High School,IT Support / Helpdesk
Technical Solutions Specialist (TSS),fulltime,yearly,1,senior_level,95000.0,2.0,University,Consulting / Specialist
Sr. Product Manager - Decision Intelligence,fulltime,yearly,0,senior_level,150000.0,4.0,University,IT Management / Director
Oracle Cloud ERP Analyst and Developer,fulltime,yearly,1,senior_level,98946.5,3.0,University,Software Development
HQE Technical Advisor ACC Federal Laboratory,fulltime,yearly,0,senior_level,182956.0,10.0,Online/Courses,General IT / Other IT Role
"B2B Integrations Analyst: Westlake, Ohio",internship,yearly,0,senior_level,99316.0,4.0,University,Other / Miscellaneous
Senior Director - Enterprise Architecture,fulltime,yearly,0,senior_level,216585.5,10.0,University,IT Management / Director
Program Manager,fulltime,yearly,1,mid_level,77500.0,5.0,High School,Project / Program Management
Configuration Manager,fulltime,yearly,0,senior_level,92486.0,0.0,High School,IT Management / Director
"Product Analyst, Sr. (Hybrid - 3 Days in Office - VA)",fulltime,yearly,0,senior_level,120000.0,5.0,University,Other / Miscellaneous
Innovations Solutioning Lead,fulltime,yearly,1,senior_level,141995.0,5.0,University,Other / Miscellaneous
Cloud Engineer,fulltime,yearly,1,senior_level,131631.5,7.0,University,Network & Systems
Project Manager,fulltime,yearly,0,mid_level,94387.5,5.0,University,Project / Program Management
IT Support Specialist,fulltime,hourly,0,mid_level,69680.0,2.0,University,IT Support / Helpdesk
Solutions Analyst/Solutions Associate,fulltime,yearly,0,senior_level,110000.0,2.0,Online/Courses,Other / Miscellaneous
Associate Technical Consultant,fulltime,yearly,1,senior_level,110000.0,1.0,University,Consulting / Specialist
Assoc Technical Support Analyst,fulltime,yearly,1,mid_level,49144.5,2.0,University,IT Support / Helpdesk
Senior Executive Partner - CTO Advisory - Infrastructure & Operations - Global Enterprises,internship,yearly,0,mid_level,208900.0,15.0,University,Network & Systems
Hardware Project Engineer,fulltime,yearly,1,mid_level,60000.0,2.0,University,General IT / Other IT Role
"Lead Product Manager, Engagement - Diablo IV | Irvine, CA","parttime, fulltime",yearly,0,senior_level,149760.0,5.0,University,IT Management / Director
Applications Development Engineer - Pro Group,fulltime,yearly,0,senior_level,120850.0,5.0,University,General IT / Other IT Role
Systems Administrator,fulltime,yearly,1,mid_level,115772.0,5.0,University,Network & Systems
Systems Administrator,fulltime,yearly,1,mid_level,93965.0,3.0,University,Network & Systems
IT Helpdesk Analyst,internship,yearly,1,mid_level,52087.0,3.0,University,General IT / Other IT Role
Sr Program Manager,internship,yearly,0,senior_level,157341.5,8.0,University,Project / Program Management
Sr Advanced Systems Engineer,internship,yearly,0,senior_level,132562.5,8.0,University,Network & Systems
Cybersecurity Engineer,fulltime,yearly,0,senior_level,124003.0,5.0,Online/Courses,Cybersecurity
"Senior Manager, IT Infrastructure",fulltime,yearly,0,mid_level,126223.0,10.0,Online/Courses,Network & Systems
Desktop Support Engineer – CONTRACT,"fulltime, contract",yearly,0,senior_level,65454.0,3.0,University,IT Support / Helpdesk
Application Support Engineer,fulltime,yearly,0,senior_level,66587.0,3.0,University,IT Support / Helpdesk
Infrastructure Technician I,internship,hourly,0,mid_level,65520.0,0.0,High School,IT Support / Helpdesk
"Staff Technical Program Manager, Hardware Development",fulltime,yearly,0,senior_level,179224.5,5.0,University,Project / Program Management
Senior Oracle Cloud Solution Architect,fulltime,yearly,1,mid_level,155000.0,8.0,University,General IT / Other IT Role
Sr. Director of Technology,fulltime,yearly,0,senior_level,173768.5,15.0,University,IT Management / Director
Help Desk Technician - CW,fulltime,yearly,1,mid_level,58233.0,2.0,University,IT Support / Helpdesk
System Support Technician,fulltime,yearly,0,mid_level,51591.0,2.0,High School,IT Support / Helpdesk
Network Modernization Technician,fulltime,yearly,0,senior_level,74770.0,7.0,University,IT Support / Helpdesk
WIN-T SME,fulltime,yearly,0,senior_level,101534.0,7.0,University,Other / Miscellaneous
Network Modernization Engineer,fulltime,yearly,0,senior_level,101858.5,7.0,University,Network & Systems
Training Specialist,fulltime,yearly,0,senior_level,88763.5,5.0,University,Data & Analytics
Engineering Program Management Lead,fulltime,yearly,0,senior_level,156500.0,8.0,University,General IT / Other IT Role
Sr. Project Manager,fulltime,yearly,0,senior_level,142350.0,8.0,University,Project / Program Management
Protocol Analyst 3,fulltime,yearly,0,mid_level,171550.0,8.0,High School,Other / Miscellaneous
Network and COMSEC Engineer,fulltime,yearly,0,senior_level,142350.0,6.0,University,Network & Systems
Information Systems Security Officer ISSO,fulltime,yearly,0,senior_level,142350.0,8.0,University,Cybersecurity
Project Manager,fulltime,yearly,0,senior_level,142350.0,12.0,University,Project / Program Management
Linux System Administrator Watch Officer,fulltime,yearly,1,mid_level,96725.0,6.0,University,Network & Systems
Senior Cyber Compliance & Vulnerability Analyst,fulltime,yearly,0,senior_level,142350.0,20.0,University,General IT / Other IT Role
System Administrator,fulltime,yearly,0,mid_level,77562.5,3.0,University,Network & Systems
"Senior Product Manager, Integrations and API",fulltime,yearly,1,senior_level,182861.5,6.0,University,IT Management / Director
Director of Technology Infrastructure,fulltime,yearly,0,mid_level,193500.0,10.0,University,Network & Systems
Intern IT Audit Summer 2025,internship,yearly,0,mid_level,52720.5,0.0,University,Intern / Entry Level
"Director, CRM & Personalization",fulltime,yearly,0,senior_level,144462.0,8.0,University,IT Management / Director
Senior ServiceNow Developer,fulltime,yearly,0,senior_level,136000.0,5.0,University,Software Development
"Information Technology Specialist I, II, III (HelpDesk)",fulltime,yearly,1,senior_level,64925.0,3.0,High School,Consulting / Specialist
Incident Manager,fulltime,yearly,0,senior_level,77500.0,3.0,University,IT Management / Director
Technology Services Support I - Broomfield,fulltime,hourly,1,mid_level,54080.0,2.0,University,IT Support / Helpdesk
Project Manager,internship,yearly,0,senior_level,110837.5,5.0,University,Project / Program Management
Circuit Card Assembly Applications Engineer,fulltime,yearly,0,senior_level,99615.0,5.0,University,General IT / Other IT Role
IT Project Manager- Contractor,contract,hourly,0,senior_level,104000.0,3.0,University,Project / Program Management
IT Applications Manager,fulltime,yearly,1,senior_level,115169.5,8.0,Online/Courses,IT Management / Director
Technical Program Manager,fulltime,yearly,0,senior_level,117738.0,3.0,Online/Courses,Project / Program Management
"Senior Vice President, Product Management",internship,yearly,0,senior_level,148215.5,3.0,University,IT Management / Director
Program Manager (RN Preferred) - 65+ Clinic,fulltime,yearly,1,senior_level,101415.0,7.0,University,Project / Program Management
AppFolio Support Specialist,fulltime,hourly,0,senior_level,68640.0,2.0,University,IT Support / Helpdesk
IT Auditing Practice Manager - Experienced,fulltime,yearly,0,mid_level,110700.5,5.0,University,IT Management / Director
IT Program Manager,fulltime,yearly,1,senior_level,125000.0,4.0,University,Project / Program Management
"Sr. TPM- Prime Video Beta, Amazon Prime Video Beta Team",fulltime,yearly,0,senior_level,182650.0,5.0,University,Other / Miscellaneous
Senior Product Manager (Software),fulltime,yearly,1,mid_level,147550.0,4.0,University,IT Management / Director
"CT - Senior Analyst, Third Party Cyber Security",internship,yearly,0,mid_level,155600.0,7.0,University,Cybersecurity
CT - Senior Security Analytics & Automation Engineer,internship,yearly,0,senior_level,155600.0,3.0,University,Cybersecurity
"Senior Director, IT Sourcing and Procurement",fulltime,yearly,0,senior_level,293354.0,10.0,University,IT Management / Director
Technical Project/Program Manager,fulltime,yearly,0,mid_level,163470.0,6.0,University,Project / Program Management
IT Supply Planning Test Lead,fulltime,yearly,0,senior_level,154271.0,5.0,University,General IT / Other IT Role
Oracle Fusion Cloud Architect,fulltime,yearly,0,senior_level,264916.0,8.0,University,General IT / Other IT Role
Senior Principal Product Manager,fulltime,yearly,0,senior_level,165035.5,5.0,University,IT Management / Director
Departmental Analyst Trainee-P11 - Information Security and Control Division,fulltime,yearly,1,mid_level,67007.0,4.0,High School,Cybersecurity
Systems Administrator - Intermediate,fulltime,yearly,0,executive_level,60000.0,3.0,University,Network & Systems
SharePoint Developer,fulltime,yearly,0,mid_level,137500.0,3.0,Online/Courses,Software Development
SCA - Computer Systems Analyst,fulltime,hourly,0,mid_level,60320.0,2.0,Online/Courses,General IT / Other IT Role
Network Administrator Intermediate,fulltime,yearly,0,senior_level,110000.0,4.0,University,Network & Systems
Computer Support Specialist,fulltime,hourly,0,senior_level,81120.0,5.0,Online/Courses,IT Support / Helpdesk
IT Business Analyst,fulltime,hourly,1,mid_level,81120.0,4.0,High School,Data & Analytics
Information Technology Manager 14,fulltime,hourly,1,senior_level,92560.0,4.0,Online/Courses,IT Management / Director
Natural Resources Manager 14 - Species Management Unit,fulltime,hourly,1,senior_level,90480.0,4.0,University,IT Management / Director
IT Asset Management Specialist,fulltime,yearly,1,senior_level,77225.0,5.0,University,Consulting / Specialist
Expert Lead Integrator,fulltime,yearly,0,mid_level,148402.5,15.0,University,Other / Miscellaneous
"Principal Solutions Architect, Generative AI Startups, AWS",fulltime,yearly,0,executive_level,224400.0,10.0,University,Data & Analytics
"Principal Product Manager - Technical, EC2 Core, EC2 Core Product Management",fulltime,yearly,0,senior_level,220900.0,5.0,University,IT Management / Director
Technical Delivery Manager,internship,yearly,1,mid_level,130000.0,3.0,University,IT Management / Director
ITPA11 - DevSecOps Developer,fulltime,hourly,1,mid_level,68640.0,4.0,High School,Cybersecurity
"Principal Program Manager, Global Logistics, Business Operations",fulltime,yearly,0,senior_level,165700.0,7.0,University,Project / Program Management
Solution Support Associate - College Connect,internship,yearly,1,entry_level,56641.0,2.0,University,IT Support / Helpdesk
Departmental Analyst 9-11 AND/OR Departmental Analyst Trainee - State Budget Office,fulltime,hourly,1,senior_level,67600.0,4.0,High School,Data & Analytics
"Senior Technical Program Manager, Supplier Governance",fulltime,yearly,0,senior_level,176688.0,5.0,University,Project / Program Management
IT TECHNICIAN,fulltime,hourly,0,mid_level,53040.0,2.0,High School,IT Support / Helpdesk
"Senior Product Mgr - Tech, AWS Elemental Live Services",fulltime,yearly,0,senior_level,186900.0,5.0,University,General IT / Other IT Role
"Network Development Engineer III, Network Fabric Engineering - Frontier",fulltime,yearly,0,senior_level,195400.0,8.0,University,Network & Systems
"Optical Network Development Engineer, Capacity Management",fulltime,yearly,0,senior_level,170100.0,4.0,University,Network & Systems
Principal Mainframe Engineer - Remote,fulltime,yearly,1,senior_level,147550.0,4.0,University,Data & Analytics
VP of Technology Infrastructure,fulltime,yearly,0,mid_level,232500.0,7.0,University,Network & Systems
"Sr. Program Manager , Corporate Card & Expense",fulltime,yearly,0,senior_level,139708.0,5.0,University,Project / Program Management
Protocol Analyst 2 (Hawaii),internship,yearly,0,mid_level,120000.0,10.0,University,Data & Analytics
"Sr Manager, Digital Product Management",internship,yearly,0,senior_level,146700.0,5.0,University,IT Management / Director
Summer 2025 Intern – Scrum Master,internship,hourly,1,mid_level,47840.0,2.0,University,Project / Program Management
Service Desk Technician,fulltime,hourly,1,mid_level,35360.0,1.0,University,IT Support / Helpdesk
Associate Consultant - Program Delivery Coordination,internship,yearly,0,senior_level,91520.0,2.0,University,Consulting / Specialist
"Senior Manager, Engineering, Member Experience",fulltime,yearly,1,senior_level,198825.0,5.0,University,IT Management / Director
"Staff Software Engineer, Security/Privacy, Google Cloud Security and Privacy",fulltime,yearly,0,senior_level,236500.0,8.0,University,Cybersecurity
"Cloud Engineer II, Reliability, Professional Services, Google Cloud",fulltime,yearly,0,senior_level,176500.0,5.0,Online/Courses,Network & Systems
It Finance and Contract Analyst,fulltime,yearly,0,senior_level,67046.5,5.0,University,General IT / Other IT Role
Senior Network Coordinator,fulltime,yearly,0,senior_level,77508.5,3.0,University,Network & Systems
Project Manager,"fulltime, contract",yearly,0,senior_level,131536.0,10.0,University,Project / Program Management
"Sr. Director, Design Engineering",fulltime,yearly,0,senior_level,285304.0,12.0,University,IT Management / Director
"Senior Manager, Business Systems - Internal Only",fulltime,yearly,1,senior_level,175000.0,3.0,University,IT Management / Director
Product Manager,fulltime,yearly,0,senior_level,111405.0,5.0,University,IT Management / Director
Sr. Program Manager,internship,yearly,0,mid_level,155900.0,10.0,University,Project / Program Management
Wireless Solutions Architect,internship,yearly,0,senior_level,183331.5,15.0,University,Consulting / Specialist
IT Manager,internship,yearly,1,senior_level,110000.0,5.0,University,IT Management / Director
"Director, Product Management - Search",internship,yearly,1,senior_level,237850.0,0.0,University,IT Management / Director
Director of Engineering Process & Controls,fulltime,yearly,0,senior_level,143745.0,5.0,University,IT Management / Director
Service Desk Lead,fulltime,yearly,1,senior_level,76000.0,5.0,University,IT Support / Helpdesk
Senior Range Engineer,fulltime,yearly,0,senior_level,152275.5,12.0,University,General IT / Other IT Role
"IT Analyst, Vendor and Asset Management",fulltime,yearly,0,senior_level,100000.0,3.0,University,General IT / Other IT Role
AEM Developer,fulltime,yearly,1,senior_level,67301.0,1.0,University,Software Development
Technical Support Analyst I,fulltime,hourly,0,executive_level,52000.0,0.0,High School,IT Support / Helpdesk
End User Technician,fulltime,yearly,0,senior_level,80750.0,3.0,Online/Courses,IT Support / Helpdesk
Program Manager,contract,hourly,1,senior_level,183040.0,10.0,University,Project / Program Management
Project Manager - Automation,fulltime,yearly,0,senior_level,97500.0,10.0,University,Project / Program Management
Principal Product Manager,fulltime,yearly,0,senior_level,183000.0,8.0,University,IT Management / Director
"Task Manager JM-McLean, VA",fulltime,yearly,0,senior_level,96725.0,8.0,University,IT Management / Director
Information System Security Officer and POAM Manager,fulltime,yearly,0,senior_level,114062.5,4.0,University,Cybersecurity
IA Team manager / Alternative ISSM,fulltime,yearly,1,entry_level,171550.0,12.0,University,IT Management / Director
Benefit Integration Consultant,fulltime,yearly,0,mid_level,49587.0,2.0,Online/Courses,Consulting / Specialist
Project Manager II,fulltime,yearly,0,senior_level,120947.0,10.0,University,Project / Program Management
"Senior Product Manager, Insurance (Hybrid)",fulltime,yearly,0,senior_level,126226.5,5.0,University,IT Management / Director
"Analyst, Info Security Sr",fulltime,yearly,1,executive_level,98370.0,5.0,University,Cybersecurity
Senior Project Manager,fulltime,yearly,0,mid_level,115000.0,3.0,Online/Courses,Project / Program Management
Personal Lines Coverage Product Manager,fulltime,yearly,1,executive_level,101300.0,5.0,University,IT Management / Director
"Specialist, IT Support",fulltime,hourly,1,mid_level,49920.0,2.0,University,IT Support / Helpdesk
Service Desk Analyst,fulltime,yearly,1,mid_level,49739.0,0.0,High School,IT Support / Helpdesk
Systems Support Specialist II,fulltime,yearly,1,mid_level,61119.0,2.0,University,IT Support / Helpdesk
Senior Infrastructure Engineer,fulltime,yearly,1,senior_level,150788.0,8.0,University,Network & Systems
Manager - Corporate Security,fulltime,yearly,0,mid_level,144134.0,8.0,University,Cybersecurity
SAP PP Consultant,fulltime,hourly,0,senior_level,125840.0,6.0,University,Consulting / Specialist
Engineer II - Edge Network,fulltime,yearly,0,senior_level,82054.0,5.0,High School,Network & Systems
Information Security Engineer,contract,hourly,1,senior_level,172640.0,10.0,University,Cybersecurity
Technical Program Manager (AI/ML),fulltime,yearly,0,senior_level,165157.0,10.0,University,Project / Program Management
Director of EVA,fulltime,yearly,0,senior_level,204250.0,15.0,University,IT Management / Director
Senior Information Security Engineer – Cloud - Hybrid,fulltime,yearly,0,mid_level,139875.5,5.0,University,Cybersecurity
IAM / Information Security Engineer - Hybrid,fulltime,yearly,0,mid_level,115181.0,5.0,High School,Cybersecurity
EWP Product Manager,fulltime,yearly,0,senior_level,64500.0,4.0,University,IT Management / Director
Network Engineer - Operational Technology (OT),internship,yearly,0,mid_level,113617.0,5.0,University,Network & Systems
Senior Salesforce Developer,fulltime,hourly,0,entry_level,143520.0,5.0,Online/Courses,Software Development
Investment Product Manager,fulltime,yearly,0,mid_level,163008.5,15.0,University,IT Management / Director
IT Infrastructure Experience Manager,fulltime,yearly,1,mid_level,157500.0,5.0,University,Network & Systems
"Sr Staff SWE, Data Lake Engineering",fulltime,yearly,1,senior_level,182000.0,15.0,University,Data & Analytics
Senior Salesforce Admin 641,fulltime,yearly,1,senior_level,135500.0,3.0,University,Other / Miscellaneous
Senior Director Engineering 642,fulltime,yearly,1,senior_level,237500.0,12.0,University,IT Management / Director
Associate Business Systems Analyst - Workforce Solutions,fulltime,yearly,1,mid_level,91552.0,3.0,University,General IT / Other IT Role
Sr Technical Support Engineer,fulltime,yearly,0,senior_level,120694.5,5.0,University,IT Support / Helpdesk
Customer Technical Specialist,internship,yearly,0,mid_level,76850.0,5.0,University,Consulting / Specialist
Sr Principal Solution Consultant,fulltime,yearly,0,senior_level,155735.0,10.0,University,Consulting / Specialist
Wellbeing Program Manager,fulltime,yearly,0,senior_level,118611.5,5.0,University,Project / Program Management
Technical PM/Scrum Master,fulltime,yearly,0,senior_level,118619.0,6.0,University,Project / Program Management
WAN Network Architect,fulltime,yearly,0,senior_level,175500.0,12.0,High School,Network & Systems
SITEC - ISSO - MacDill AFB,fulltime,yearly,0,mid_level,86000.0,4.0,University,General IT / Other IT Role
Product Owner/Analyst Lead,fulltime,yearly,1,senior_level,104000.0,8.0,University,Other / Miscellaneous
Customer Technical Specialist,fulltime,yearly,1,mid_level,86000.0,5.0,University,Consulting / Specialist
Sr. Product Manager - Digital Commerce,fulltime,yearly,1,mid_level,126500.0,5.0,Online/Courses,IT Management / Director
Technical Project / Delivery Manager,fulltime,yearly,0,senior_level,133069.5,4.0,University,IT Management / Director
Sr Systems Engineer,fulltime,yearly,0,mid_level,106500.0,5.0,University,Network & Systems
IT Business Relationship Manager - Remote,fulltime,yearly,1,mid_level,90000.0,3.0,University,IT Management / Director
Forensics Network Administrator,fulltime,yearly,0,mid_level,102500.0,8.0,High School,Network & Systems
Systems Administrator (Tier 2 Desktop Support),"fulltime, contract",yearly,0,executive_level,83327.0,10.0,University,IT Support / Helpdesk
Systems Administrator,"fulltime, contract",yearly,0,mid_level,114829.5,10.0,University,Network & Systems
Information System Security Officer,internship,yearly,0,senior_level,115000.0,8.0,University,Cybersecurity
Support Specialist I - Tier 1,fulltime,yearly,1,senior_level,42996.0,1.0,University,IT Support / Helpdesk
Cyber Program Manager,fulltime,yearly,0,senior_level,150000.0,8.0,University,Project / Program Management
IT Support Specialist I,fulltime,yearly,1,executive_level,52500.0,1.0,University,IT Support / Helpdesk
Workday Administrator - HR,fulltime,yearly,0,senior_level,111676.5,5.0,University,Other / Miscellaneous
"Field Support Representative I, II, III","temporary, fulltime",yearly,0,senior_level,38964.5,1.0,High School,IT Support / Helpdesk
Help Desk Specialist,fulltime,yearly,1,executive_level,67136.0,4.0,University,IT Support / Helpdesk
IT Operations Analyst,fulltime,yearly,0,senior_level,89213.5,4.0,University,General IT / Other IT Role
Computer Support,fulltime,yearly,0,mid_level,74000.0,5.0,University,IT Support / Helpdesk
Solutions Enablement Advisor,fulltime,yearly,1,senior_level,115852.0,5.0,University,Other / Miscellaneous
Professional Services Manager,internship,yearly,1,senior_level,105000.0,2.0,University,IT Management / Director
Engineer Diver – Entry / Junior Level,fulltime,hourly,0,mid_level,93600.0,4.0,University,Intern / Entry Level
Sr. ERP Implementation Manager,fulltime,yearly,1,mid_level,135988.0,8.0,University,IT Management / Director
"Senior Engineer, Financial Applications",fulltime,yearly,0,entry_level,115000.0,5.0,University,General IT / Other IT Role
Endpoint Engineer/Administrator,fulltime,yearly,0,senior_level,86500.0,5.0,University,General IT / Other IT Role
ISSO and Accounts Support Analyst,fulltime,yearly,1,entry_level,98700.0,2.0,University,IT Support / Helpdesk
Power Apps Developer,fulltime,yearly,1,senior_level,110850.0,3.0,Online/Courses,Software Development
"Network Engineer, Senior",fulltime,yearly,1,mid_level,123800.0,5.0,University,Network & Systems
Linux and Radio Mission System Administrator,fulltime,yearly,1,mid_level,123800.0,2.0,University,Network & Systems
Manager of Venue Technology - National Medal of Honor Museum,fulltime,yearly,0,mid_level,103713.5,3.0,University,IT Management / Director
"Principal Product Manager, Payments",fulltime,yearly,1,senior_level,187000.0,5.0,Online/Courses,IT Management / Director
VTC Administrator Senior,fulltime,yearly,0,mid_level,104379.0,8.0,University,Other / Miscellaneous
"Cyber Security Portfolio Manager (Hybrid - Seattle, WA)",fulltime,yearly,0,senior_level,199500.0,12.0,University,Cybersecurity
Assistant Technical Support Representative - Application Support,fulltime,hourly,1,mid_level,45760.0,0.0,University,IT Support / Helpdesk
Help Desk Analyst,fulltime,yearly,1,executive_level,42500.0,3.0,University,IT Support / Helpdesk
Director of Information Technology (IT),fulltime,yearly,0,senior_level,92500.0,3.0,University,IT Management / Director
Systems Administrator (Linux),fulltime,yearly,0,mid_level,117021.0,5.0,University,Network & Systems
Product Analyst - Customer Solutions,internship,yearly,1,mid_level,102500.0,5.0,University,Other / Miscellaneous
Senior-level Cloud Systems Engineer (Remote),fulltime,yearly,1,executive_level,111622.0,7.0,University,Network & Systems
Senior Systems Administrator,internship,yearly,0,senior_level,135000.0,5.0,University,Network & Systems
Project Manager (Hybrid),fulltime,yearly,1,senior_level,93070.5,3.0,University,Project / Program Management
Technical Delivery Manager,contract,yearly,0,senior_level,128600.0,0.0,Online/Courses,IT Management / Director
"Director, Head of US IT Infrastructure",internship,yearly,0,mid_level,240750.0,5.0,Online/Courses,Network & Systems
SYSTEMS ADMINISTRATOR 1,contract,yearly,1,senior_level,59654.0,0.0,University,Network & Systems
Project Manager,fulltime,yearly,0,senior_level,109106.0,5.0,University,Project / Program Management
Technical Regulations Team Leader,fulltime,yearly,1,senior_level,137079.5,8.0,University,General IT / Other IT Role
VOIP Engineer,fulltime,yearly,0,senior_level,166346.5,10.0,University,General IT / Other IT Role
"Director, Business Application Development Group",internship,hourly,1,mid_level,168480.0,5.0,University,IT Management / Director
Digital Banking Manager,fulltime,yearly,0,mid_level,120000.0,7.0,University,IT Management / Director
Network Administrator II,fulltime,yearly,0,senior_level,62104.5,1.0,Online/Courses,Network & Systems
VDI Engineer IRES - SSFB/HSV,fulltime,yearly,1,mid_level,82000.0,3.0,University,General IT / Other IT Role
Payload Integration Engineer,fulltime,yearly,1,mid_level,138040.0,3.0,University,General IT / Other IT Role
ADS Solution Engineer,fulltime,yearly,0,senior_level,126674.0,7.0,University,General IT / Other IT Role
"Technical Data Center Project and Program Manager,",fulltime,yearly,0,senior_level,140562.5,5.0,University,Project / Program Management
Information Security Operations Engineer III,fulltime,yearly,0,mid_level,124012.0,2.0,University,Cybersecurity
"Director, Systems Engineering",internship,yearly,0,senior_level,202059.0,10.0,University,Network & Systems
"Director, Systems Engineering",internship,yearly,0,senior_level,202949.5,10.0,University,Network & Systems
Security Engineer III (Firewall Migration focus),fulltime,yearly,1,senior_level,126270.5,2.0,University,Cybersecurity
Lead Project Manager Execution,contract,yearly,0,senior_level,128725.0,10.0,University,Project / Program Management
Enterprise Solutions Architect,fulltime,yearly,1,mid_level,135589.5,7.0,University,Consulting / Specialist
Desktop & Client Support Technician,fulltime,yearly,0,mid_level,58022.0,2.0,High School,IT Support / Helpdesk
IT Business Analyst - Homebuilder/Purchasing (JDE E1),fulltime,hourly,0,senior_level,124800.0,5.0,University,Data & Analytics
Project Manager,fulltime,yearly,0,mid_level,140000.0,8.0,University,Project / Program Management
"Tier 2 Service Desk Specialist - Kansas City, MO",fulltime,hourly,0,senior_level,49920.0,2.0,University,IT Support / Helpdesk
Senior Information Technology Consultant,fulltime,yearly,0,mid_level,187500.0,15.0,University,Consulting / Specialist
Project Manager,fulltime,yearly,1,senior_level,142500.0,8.0,University,Project / Program Management
Help Desk Specialist - Lackland AFB,fulltime,yearly,1,senior_level,61000.0,1.0,University,IT Support / Helpdesk
Network Systems Analyst II - Tyndall AFB,fulltime,yearly,0,mid_level,67500.0,4.0,High School,Network & Systems
Climate Risk & Resilience Associate Director,fulltime,yearly,0,entry_level,102596.0,15.0,University,IT Management / Director
Jr./Mid/Sr. DevSecOps Engineer,fulltime,yearly,0,mid_level,130922.0,2.0,University,Cybersecurity
Senior Affinaquest/Salesforce Administrator,internship,yearly,1,senior_level,111733.0,5.0,University,Other / Miscellaneous
Command Center Support Technician (Help Desk) Level II - Full Time,fulltime,yearly,0,senior_level,47976.0,2.0,High School,IT Support / Helpdesk
"Senior Manager, Network Security Engineering (Digital/ Cyber)",fulltime,yearly,0,senior_level,180000.0,5.0,University,Network & Systems
IT Support Technician,fulltime,yearly,1,senior_level,56000.0,3.0,University,IT Support / Helpdesk
Senior Security Control Assessor (SCA),fulltime,yearly,0,mid_level,147834.0,12.0,University,Cybersecurity
Level 2 Network Operations Support Engineer,fulltime,yearly,1,executive_level,75000.0,3.0,University,IT Support / Helpdesk
Junior Systems Engineering and Cyber Support SME,fulltime,yearly,1,entry_level,75000.0,2.0,University,IT Support / Helpdesk
Scrum Master,internship,yearly,0,senior_level,101353.5,4.0,University,Project / Program Management
Oracle FIN Cloud Lead Consultant,internship,yearly,0,senior_level,110912.0,7.0,University,Consulting / Specialist
Lead AWS Security Engineer,fulltime,yearly,0,mid_level,121500.0,5.0,University,Cybersecurity
SOC - Security Operations Analyst,fulltime,yearly,1,mid_level,106051.5,5.0,University,Cybersecurity
Network Architect,fulltime,yearly,1,mid_level,139118.0,4.0,University,Network & Systems
Sage Intacct Consultant (Remote),fulltime,yearly,1,senior_level,80000.0,3.0,University,Consulting / Specialist
"Systems Engineer (DNS, DHCP, and IP Manager)",fulltime,yearly,0,entry_level,143415.0,4.0,University,Network & Systems
Implementation Specialist/Trainer,fulltime,yearly,1,senior_level,95087.0,5.0,Online/Courses,Data & Analytics
Sustainment Management System (SMS) Analyst,fulltime,yearly,1,executive_level,83964.5,3.0,University,Data & Analytics
Deal Desk Analyst,fulltime,yearly,1,senior_level,87025.5,1.0,University,Other / Miscellaneous
Cloud Systems Engineer,fulltime,yearly,0,senior_level,150000.0,11.0,University,Network & Systems
Windows System Administrator,fulltime,yearly,1,mid_level,97500.0,4.0,University,Network & Systems
Client Support Technician,internship,yearly,1,executive_level,95000.0,5.0,High School,IT Support / Helpdesk
System Administrator,internship,yearly,1,executive_level,97725.5,5.0,High School,Network & Systems
Senior Systems Engineer,fulltime,yearly,0,senior_level,127500.0,5.0,University,Network & Systems
Customer Support Administratorr,fulltime,yearly,1,mid_level,75000.0,7.0,University,IT Support / Helpdesk
Insider Threat Analyst,fulltime,yearly,0,mid_level,131047.5,12.0,University,Other / Miscellaneous
Product Engineer,fulltime,yearly,0,senior_level,160000.0,3.0,University,General IT / Other IT Role
Engineering Manager,fulltime,yearly,0,entry_level,185000.0,7.0,University,IT Management / Director
Japanese Bilingual Server/Network Engineer / Mid-Senior Level,fulltime,yearly,0,entry_level,85000.0,2.0,Online/Courses,Network & Systems
"IT Associate Program Coordinator, Information Technology, Full-time",fulltime,yearly,0,senior_level,72722.0,2.0,University,General IT / Other IT Role
Product - B&M & BEAM - Product Program Manager - Seattle,internship,yearly,0,senior_level,123357.0,2.0,University,Project / Program Management
CyberSecurity Engineer,fulltime,yearly,0,senior_level,150957.5,7.0,University,Cybersecurity
Experienced Product Manager,fulltime,yearly,0,entry_level,170000.0,20.0,University,IT Management / Director
Technical Support Engineer (L1),fulltime,yearly,1,senior_level,81926.5,3.0,University,IT Support / Helpdesk
Lead Controls & Assurance Product Manager,fulltime,yearly,0,mid_level,138344.0,7.0,Online/Courses,IT Management / Director
Growth Product Manager,fulltime,yearly,0,senior_level,150000.0,3.0,University,IT Management / Director
Cyber Analyst & Facility Security Officer (FSO),fulltime,yearly,0,mid_level,108056.5,3.0,University,Cybersecurity
Systems Engineer,fulltime,yearly,1,senior_level,89250.0,3.0,University,Network & Systems
Associate - Platform Services,internship,yearly,1,senior_level,88133.5,2.0,University,Other / Miscellaneous
Operations Engineer,fulltime,yearly,0,mid_level,105000.0,1.0,University,General IT / Other IT Role
Project Manager with Retail Background (W2 Contract only),contract,yearly,0,senior_level,105000.0,10.0,University,Project / Program Management
Analytics Engineer (1-2),fulltime,yearly,0,senior_level,63500.0,2.0,University,Data & Analytics
IT Operations & Service Delivery Deputy (Secret),contract,yearly,0,mid_level,152500.0,5.0,University,General IT / Other IT Role
IT019 Cloud Platform Engineer,contract,yearly,1,senior_level,121365.0,5.0,University,General IT / Other IT Role
(ITW/AA) - Cyber Enterprise SME,internship,yearly,0,senior_level,105000.0,10.0,University,General IT / Other IT Role
IT020 Azure Engineer,contract,yearly,1,senior_level,140000.0,5.0,University,General IT / Other IT Role
IT021 Agile Product Owner,contract,yearly,1,senior_level,120000.0,5.0,University,Project / Program Management
Technical Program Manager,contract,yearly,1,mid_level,132000.0,5.0,University,Project / Program Management
Customer Success Administrator,internship,yearly,1,senior_level,75825.5,1.0,University,Other / Miscellaneous
"Principal Product Manager, Commerce Platform",internship,yearly,1,senior_level,221500.0,8.0,Online/Courses,IT Management / Director
Interoperability Solution Architect,fulltime,yearly,1,senior_level,110000.0,5.0,University,General IT / Other IT Role
Senior Technical Product Manager,fulltime,yearly,0,mid_level,126873.0,3.0,University,IT Management / Director
Business Execution Consultant,fulltime,yearly,0,senior_level,83217.0,2.0,University,Consulting / Specialist
Technology Director,fulltime,yearly,1,senior_level,319900.0,8.0,University,IT Management / Director
Senior Technical Services Support Specialist,internship,yearly,1,senior_level,69475.0,2.0,University,IT Support / Helpdesk
CPT Operator - Network (Transitioning Military \uD83C\uDDFA\uD83C\uDDF8),fulltime,yearly,1,senior_level,109157.0,5.0,University,Network & Systems
Cyber Security Engineer,fulltime,yearly,0,senior_level,135016.0,8.0,University,Cybersecurity
Data Product Manager Lead,fulltime,yearly,0,senior_level,216516.5,4.0,University,Data & Analytics
Director of Identity Solutions,fulltime,yearly,1,senior_level,198586.0,5.0,University,IT Management / Director
Onsite Help Desk Technician,fulltime,hourly,1,executive_level,65520.0,3.0,University,IT Support / Helpdesk
Project Manager,contract,yearly,1,senior_level,119000.0,5.0,University,Project / Program Management
Senior Product Manager,fulltime,yearly,0,senior_level,156963.0,4.0,Online/Courses,IT Management / Director
"Product Manager, Digital Brands",fulltime,yearly,1,senior_level,112500.0,2.0,University,IT Management / Director
Principal Program Engineer,fulltime,yearly,1,senior_level,154035.0,8.0,University,General IT / Other IT Role
Teamcenter PLM -Techno Functional Consultant,fulltime,yearly,0,senior_level,100000.0,10.0,University,Consulting / Specialist
Senior Member of Technical Staff,fulltime,yearly,1,entry_level,189100.0,5.0,University,General IT / Other IT Role
"Director, IT",fulltime,yearly,1,senior_level,180000.0,10.0,University,IT Management / Director
HRIS Systems Administrator,fulltime,yearly,0,senior_level,69482.5,3.0,University,Network & Systems
Senior Incident Manager,fulltime,yearly,0,senior_level,125650.0,5.0,University,IT Management / Director
Lead Incident Manger,fulltime,yearly,0,mid_level,126144.0,7.0,University,Other / Miscellaneous
Data Center Engineer,"temporary, fulltime, contract",hourly,0,senior_level,113360.0,1.0,University,Data & Analytics
Microsoft 365 Engineer,fulltime,yearly,0,senior_level,131750.0,5.0,Online/Courses,General IT / Other IT Role
Senior HR Workday Analyst,fulltime,yearly,0,senior_level,73810.0,3.0,University,Other / Miscellaneous
Technical Project Specialist II,fulltime,yearly,0,senior_level,68910.5,5.0,University,Consulting / Specialist
Technical Subject Matter Expert – IT Systems,contract,yearly,1,senior_level,137864.5,8.0,University,General IT / Other IT Role
Scrum Master,fulltime,yearly,1,senior_level,91500.0,2.0,University,Project / Program Management
Associate Product Manager,internship,yearly,0,mid_level,80000.0,1.0,University,IT Management / Director
Engineering Analyst II,fulltime,yearly,0,mid_level,100491.5,7.0,Online/Courses,General IT / Other IT Role
UEM Administrator (Unified Endpoint Management Administrator),internship,yearly,0,mid_level,64849.0,2.0,University,Other / Miscellaneous
Cyber Security Coordinator & Computer Science Instructor,fulltime,yearly,0,senior_level,61998.0,4.0,Online/Courses,Cybersecurity
Senior Software Application Specialist US Remote,fulltime,yearly,1,senior_level,77500.0,2.0,University,Consulting / Specialist
Shopify Product Manager – Technical – R01543677,internship,yearly,1,senior_level,145000.0,10.0,University,IT Management / Director
IT Infrastructure (Site Services) Leader,fulltime,yearly,0,senior_level,115000.0,2.0,University,Network & Systems
IT Analyst - End User Services,fulltime,yearly,0,senior_level,71411.5,3.0,University,General IT / Other IT Role
Sr. Workday HCM Functional Analyst,fulltime,yearly,1,senior_level,95000.0,5.0,Online/Courses,Other / Miscellaneous
"CRM Lead, Commercial Salesforce Effectiveness",fulltime,yearly,0,senior_level,125770.0,7.0,University,Other / Miscellaneous
Oracle Cloud SCM Principal Consultant - Client Services,fulltime,yearly,0,senior_level,157814.0,5.0,University,Consulting / Specialist
Helpdesk Specialist Journeyman,fulltime,hourly,1,senior_level,55120.0,6.0,University,Consulting / Specialist
IT Technician / Automotive Industry,fulltime,yearly,0,mid_level,45000.0,2.0,University,IT Support / Helpdesk
"Engineering Manager, Integration Competency",fulltime,yearly,0,senior_level,180000.0,6.0,University,IT Management / Director
Salesforce Production Support Engineer & Team Lead,fulltime,yearly,0,senior_level,142500.0,8.0,University,IT Support / Helpdesk
Healthcare Product Owner,fulltime,yearly,0,senior_level,147250.0,5.0,Online/Courses,Other / Miscellaneous
Technical Support Associate Analyst,fulltime,yearly,0,mid_level,89568.0,0.0,High School,IT Support / Helpdesk
Technical Support Analyst - Evernorth Health Services - Hybrid,fulltime,hourly,1,mid_level,73840.0,3.0,Online/Courses,IT Support / Helpdesk
LCL Product Manager,fulltime,yearly,0,senior_level,131133.5,3.0,University,IT Management / Director
Project Manager,fulltime,yearly,0,senior_level,112322.0,4.0,University,Project / Program Management
"Pharmaceutical Project Manager - Foster City, CA (Not IT)",contract,hourly,0,senior_level,134160.0,4.0,University,Project / Program Management
IT Project Manager,fulltime,yearly,1,mid_level,96236.0,2.0,University,Project / Program Management
Product Manager,internship,yearly,1,senior_level,162500.0,5.0,Online/Courses,IT Management / Director
Senior Project Manager,fulltime,yearly,0,senior_level,130599.0,2.0,University,Project / Program Management
Information Security Engineer,contract,yearly,1,senior_level,90000.0,2.0,University,Cybersecurity
IT PROFESSIONAL-INFRASTRUCTURE-SCCM Administrator,fulltime,yearly,0,executive_level,78241.0,5.0,Online/Courses,Network & Systems
Developer Analyst,fulltime,yearly,0,senior_level,85324.5,4.0,Online/Courses,Software Development
Programmer Analyst,fulltime,yearly,0,senior_level,92022.5,4.0,Online/Courses,Software Development
Applications Analyst - Electronic Health Record,fulltime,hourly,1,senior_level,70720.0,2.0,University,Other / Miscellaneous
"Director, IT - NA",fulltime,yearly,0,mid_level,157165.5,10.0,University,IT Management / Director
VP of IT & Security,fulltime,yearly,1,senior_level,175000.0,15.0,University,Cybersecurity
Senior ServiceNow Developer,fulltime,yearly,0,entry_level,126725.0,5.0,University,Software Development
IT/INFORMATION RISK ASSESSOR,fulltime,yearly,0,mid_level,86735.5,5.0,University,General IT / Other IT Role
Product Technology Specialist,fulltime,hourly,0,senior_level,59280.0,1.0,High School,Consulting / Specialist
SharePoint Production Support,fulltime,yearly,1,senior_level,102579.5,3.0,Online/Courses,IT Support / Helpdesk
Junior Simulation Engineer,fulltime,yearly,0,executive_level,90192.5,0.0,University,Intern / Entry Level
"Director, Amazon",fulltime,yearly,1,senior_level,155000.0,7.0,University,IT Management / Director
Senior DevSecOps Engineer,fulltime,yearly,0,senior_level,144575.0,8.0,University,Cybersecurity
IT Help Desk Engineer,fulltime,hourly,0,senior_level,130000.0,1.0,High School,IT Support / Helpdesk
Desktop Support Technician_Greenville,fulltime,hourly,0,mid_level,36400.0,3.0,University,IT Support / Helpdesk
Senior Systems Engineer,fulltime,yearly,0,senior_level,204000.0,15.0,University,Network & Systems
Mid- Level System Engineer,fulltime,yearly,0,senior_level,152500.0,15.0,University,General IT / Other IT Role
Computer User Support Specialist,fulltime,yearly,0,mid_level,81093.5,11.0,High School,IT Support / Helpdesk
Network Engineer,fulltime,yearly,0,senior_level,118128.0,6.0,University,Network & Systems
Project Manager,fulltime,yearly,0,mid_level,100913.0,5.0,University,Project / Program Management
Risk & Compliance Practice Director - 0032507,internship,yearly,1,senior_level,190000.0,12.0,University,IT Management / Director
Jr. Product Owner,fulltime,yearly,1,entry_level,67500.0,1.0,University,Other / Miscellaneous
Product Development Manager,fulltime,yearly,0,senior_level,101500.0,4.0,University,IT Management / Director
SAP Technical Lead Consultant,fulltime,yearly,1,senior_level,140000.0,10.0,University,Consulting / Specialist
AI Governance Product Manager,fulltime,yearly,1,senior_level,126858.5,3.0,University,Data & Analytics
"Lead Engineer, Engineering Manager, US",fulltime,yearly,1,entry_level,162291.0,5.0,University,IT Management / Director
Solutions Analyst III - Commercial,fulltime,yearly,0,senior_level,85800.0,7.0,Online/Courses,Other / Miscellaneous
Cyber Defense Operator (On-Site with TS/SCI),fulltime,yearly,0,senior_level,136764.5,10.0,University,General IT / Other IT Role
Technical Project Manager (On-Site - TS/SCI),fulltime,yearly,0,senior_level,170795.0,12.0,University,Project / Program Management
Technical Project Manager - (Remote),fulltime,yearly,1,senior_level,138084.5,5.0,University,Project / Program Management
Appian Developer- Remote,fulltime,yearly,1,entry_level,94313.5,3.0,University,Software Development
Pega Senior System Architect,fulltime,yearly,1,senior_level,135726.5,4.0,Online/Courses,General IT / Other IT Role
IT Support Technician,fulltime,yearly,1,mid_level,48752.0,1.0,University,IT Support / Helpdesk
Customer Service Technician II,fulltime,yearly,1,mid_level,48062.5,2.0,University,IT Support / Helpdesk
Customer Implementation Specialist I,fulltime,yearly,1,senior_level,50087.0,2.0,University,Consulting / Specialist
Client Security Architect,fulltime,yearly,1,mid_level,124694.5,3.0,University,Cybersecurity
IT Support Technician,fulltime,yearly,1,mid_level,49380.0,1.0,University,IT Support / Helpdesk
Senior Project Manager,fulltime,yearly,1,senior_level,119402.5,5.0,University,Project / Program Management
Help Desk Specialist,fulltime,yearly,1,mid_level,43305.0,2.0,University,IT Support / Helpdesk
Enterprise Architect,fulltime,yearly,1,senior_level,172500.0,8.0,University,Consulting / Specialist
O365 Administrator,fulltime,yearly,1,senior_level,83366.0,5.0,Online/Courses,Other / Miscellaneous
"Director, Product Management (Single-Phase UPS)",internship,yearly,0,senior_level,159458.5,10.0,University,IT Management / Director
Associate Production Support Engineer,fulltime,yearly,0,mid_level,62500.0,1.0,University,IT Support / Helpdesk
"Associate/Journey Salesforce Developer, Information Technology (REMOTE AVAILABLE)",fulltime,yearly,1,entry_level,93050.0,1.0,Online/Courses,Software Development
EA Cybersecurity - Zero Trust (Active Secret Clearance REQUIRED),fulltime,yearly,0,senior_level,135193.0,3.0,University,Cybersecurity
Product Manager III,contract,yearly,0,senior_level,144424.5,7.0,University,IT Management / Director
Product Manager (Remote Opportunity),internship,yearly,1,mid_level,118605.0,5.0,University,IT Management / Director
Manager Infrastructure-2469,internship,yearly,0,mid_level,114932.5,10.0,University,Network & Systems
Level 2 Systems Administrator,fulltime,yearly,1,entry_level,70000.0,2.0,University,Network & Systems
Helpdesk Level II Support Technician,fulltime,yearly,0,executive_level,54000.0,2.0,Online/Courses,IT Support / Helpdesk
"Product Manager II, Rider Experience",fulltime,yearly,0,senior_level,157250.0,3.0,University,IT Management / Director
"Sr. Program Manager, Customer Insights & Advocacy",fulltime,yearly,0,senior_level,130750.0,5.0,University,Project / Program Management
MIS Analyst,fulltime,yearly,0,senior_level,91429.0,1.0,University,Other / Miscellaneous
Product Manager,fulltime,yearly,0,senior_level,375000.0,8.0,University,IT Management / Director
Scrum Master II or Above,fulltime,yearly,0,senior_level,76607.5,1.0,University,Project / Program Management
Associate Operations Analyst (Night Shift),fulltime,yearly,0,mid_level,71453.0,2.0,University,Other / Miscellaneous
Information Security Consultant,fulltime,yearly,1,senior_level,127752.5,4.0,Online/Courses,Cybersecurity
IAM Principal Engineer,fulltime,yearly,0,senior_level,157862.0,7.0,University,General IT / Other IT Role
Network Support Specialist,fulltime,hourly,1,mid_level,88400.0,4.0,University,IT Support / Helpdesk
Senior Technical Support Engineer/ Field Service Representative,internship,yearly,0,mid_level,105100.0,8.0,University,IT Support / Helpdesk
Workstation Specialist,contract,hourly,0,senior_level,46800.0,3.0,University,Consulting / Specialist
Application Engineer,fulltime,yearly,0,senior_level,75000.0,1.0,University,General IT / Other IT Role
SAP FM/GM Consultant,contract,hourly,1,senior_level,176800.0,5.0,University,Consulting / Specialist
Identity & Access Management Engineer 3,fulltime,yearly,1,mid_level,113073.5,3.0,University,General IT / Other IT Role
Help Desk Analyst,contract,hourly,1,senior_level,39520.0,3.0,University,IT Support / Helpdesk
COMPUTER SUPPORT TECHNICIAN II,internship,yearly,0,mid_level,49261.0,2.0,High School,IT Support / Helpdesk
Technical Support Engineer,fulltime,yearly,1,entry_level,70000.0,5.0,University,IT Support / Helpdesk
IT Specialist,fulltime,hourly,0,senior_level,55120.0,1.0,High School,Consulting / Specialist
Technical Program Manager,fulltime,yearly,0,senior_level,128600.0,8.0,University,Project / Program Management
Dir Program Management,fulltime,yearly,0,mid_level,150000.0,12.0,University,Other / Miscellaneous
Risk Adjustment Specialist - Northern California,fulltime,yearly,1,senior_level,104000.0,5.0,University,Consulting / Specialist
"Advisory Services, Senior Consultant - Remote",fulltime,yearly,1,senior_level,130600.0,5.0,University,Consulting / Specialist
Technical Manager - Remote,fulltime,yearly,1,senior_level,130600.0,10.0,University,IT Management / Director
Clinical Program Consultant - Remote,fulltime,yearly,1,mid_level,130600.0,3.0,University,Consulting / Specialist
"Care Value Optimization Consultant - Milwaukee, WI",fulltime,yearly,0,senior_level,97000.0,3.0,University,Consulting / Specialist
"Business Systems Analyst - Remote near Minneapolis, MN",fulltime,yearly,1,senior_level,98201.0,2.0,High School,General IT / Other IT Role
Director of Project Management and Engineering,contract,yearly,0,mid_level,175000.0,15.0,University,IT Management / Director
Technical Support Specialist,fulltime,yearly,0,mid_level,72500.0,4.0,University,IT Support / Helpdesk
Senior Security Operations Engineer,fulltime,yearly,0,senior_level,183700.0,5.0,Online/Courses,Cybersecurity
Senior Security Researcher,fulltime,yearly,0,senior_level,183700.0,5.0,University,Cybersecurity
Partner Cloud Solution Architect – Business Applications,fulltime,yearly,0,senior_level,161500.0,4.0,Bootcamp,General IT / Other IT Role
Language Engineer,fulltime,yearly,0,senior_level,153550.0,2.0,University,General IT / Other IT Role
Senior Security Program Manager - Physical Supply Chain,fulltime,yearly,1,senior_level,183700.0,5.0,University,Cybersecurity
Senior Technical Program Manager - Copilot,fulltime,yearly,0,senior_level,183700.0,4.0,University,Project / Program Management
Principle Network Engineer,fulltime,yearly,1,entry_level,146135.5,8.0,University,Network & Systems
"Analyst, Advancement Technology Support",fulltime,hourly,0,senior_level,72800.0,2.0,Online/Courses,IT Support / Helpdesk
"Tax Technology Strategic Lead, Senior Director",fulltime,yearly,0,senior_level,204750.0,5.0,University,IT Management / Director
Director of Customer Success - NAM,contract,yearly,1,senior_level,164707.0,5.0,University,IT Management / Director
Senior Ground System Architect,fulltime,yearly,0,entry_level,189100.0,12.0,Online/Courses,General IT / Other IT Role
"Sr. Director, Technical Enterprise Transformation",fulltime,yearly,0,senior_level,361660.0,10.0,University,IT Management / Director
"VP, E&S Casualty",fulltime,yearly,0,senior_level,142716.5,8.0,University,IT Management / Director
Manager - Cyber Compliance (FedRamp/CMMC),fulltime,yearly,0,entry_level,155350.0,1.0,University,IT Management / Director
Support Engineer,fulltime,yearly,0,senior_level,109000.0,2.0,University,IT Support / Helpdesk
Solution Engineer – Geo Experience Center,internship,yearly,0,senior_level,101920.0,3.0,University,General IT / Other IT Role
Product Information Analyst,internship,yearly,0,senior_level,88594.5,3.0,University,Other / Miscellaneous
"Senior Project Manager, Federal",contract,yearly,0,senior_level,131519.0,10.0,University,Project / Program Management
Security Architect / Strategic Security Advisor - North Central region,internship,yearly,1,senior_level,178480.5,10.0,University,Cybersecurity
"Splunk SOAR Engineer, TS/SCI CI Poly (Reston, VA)",internship,yearly,1,senior_level,141685.5,3.0,University,General IT / Other IT Role
"Operations Lead - CSOC, TS/SCI (St Louis, MO)",internship,yearly,1,senior_level,119911.5,4.0,University,Other / Miscellaneous
"Cyber Readiness Lead, TS/SCI (Springfield, VA)",internship,yearly,1,senior_level,154138.5,8.0,University,General IT / Other IT Role
"FireEye Administrator, Senior, TS/SCI (Washington, DC)",internship,yearly,1,mid_level,134126.5,2.0,University,Other / Miscellaneous
Software Support Specialist,fulltime,yearly,1,senior_level,51000.0,2.0,University,IT Support / Helpdesk
Specialist Network Project Mgmt,fulltime,yearly,0,senior_level,97300.0,1.0,University,Network & Systems
IT Systems Engineer - Cloud,internship,yearly,0,senior_level,172200.0,5.0,University,Network & Systems
Audio Visual Project Manager,contract,yearly,0,senior_level,115000.0,7.0,University,Project / Program Management
"Senior Director, Information Security",internship,yearly,0,senior_level,239898.0,7.0,University,Cybersecurity
Fixed Asset Coordinator,contract,hourly,0,mid_level,43680.0,5.0,University,Other / Miscellaneous
"Director, Intelligence Community Programs",internship,yearly,1,senior_level,225000.0,10.0,University,IT Management / Director
Azure Developer III,internship,yearly,0,senior_level,136500.0,4.0,University,Software Development
IT Resource Manager,fulltime,yearly,1,mid_level,103330.5,3.0,University,IT Management / Director
Penetration Tester,fulltime,yearly,0,senior_level,129900.0,3.0,University,Other / Miscellaneous
Sr. Technical Specialist - Vehicle Measurement Group - Hybrid,fulltime,yearly,0,senior_level,89943.0,5.0,High School,Consulting / Specialist
Technical Support Engineer,internship,yearly,1,mid_level,75143.5,2.0,University,IT Support / Helpdesk
"Director, Software Engineering",fulltime,yearly,0,senior_level,225500.0,10.0,University,Software Development
Technical Project Manager,contract,hourly,1,senior_level,119600.0,10.0,University,Project / Program Management
IPT Engineering Lead,fulltime,yearly,0,senior_level,160000.0,10.0,University,General IT / Other IT Role
Regional IT Site Support Team Lead - East,fulltime,yearly,0,senior_level,70000.0,5.0,University,IT Support / Helpdesk
IT Assurance Senior Staff,fulltime,yearly,0,senior_level,150895.5,2.0,University,General IT / Other IT Role
SAP PRA and SAP Consolidation Analyst-Canada,internship,yearly,0,senior_level,141475.0,7.0,University,Other / Miscellaneous
Senior Developer - ServiceNow,fulltime,yearly,0,senior_level,142710.0,5.0,University,Software Development
Client Director – Consumer Products (Luxury and Beauty),fulltime,yearly,0,senior_level,224540.0,10.0,University,IT Management / Director
Oracle Financials Project Accounting and Project Portfolio Management Lead,fulltime,yearly,0,senior_level,150750.0,9.0,University,Other / Miscellaneous
"Oracle EPM-FCCS, PBCS (Techno-Functional)",fulltime,yearly,0,senior_level,150750.0,3.0,University,General IT / Other IT Role
Datacenter Transformation Engagement Manager - ServiceNow,fulltime,yearly,0,senior_level,183000.0,4.0,University,Data & Analytics
Regional IT Site Support Team Lead - West,fulltime,yearly,0,senior_level,92500.0,5.0,University,IT Support / Helpdesk
PMO Project Manager (Need Exp with data validation ) Require local to NJ,"fulltime, contract",hourly,1,senior_level,119600.0,5.0,University,Project / Program Management
Senior Program Manager (Hybrid),contract,hourly,1,senior_level,182000.0,10.0,University,Project / Program Management
Broadband Analyst,internship,hourly,1,entry_level,39520.0,0.0,High School,Other / Miscellaneous
Associate Red Team Engineer,fulltime,yearly,1,entry_level,97050.0,1.0,High School,General IT / Other IT Role
IT Support Technician,fulltime,yearly,1,senior_level,70485.5,13.0,High School,IT Support / Helpdesk
Technical Project Manager,contract,hourly,0,mid_level,187200.0,10.0,University,Project / Program Management
Hardware Repair Technician (Bilingual in English and Spanish),fulltime,hourly,0,mid_level,47840.0,1.0,University,IT Support / Helpdesk
WebSphere Administrator,contract,yearly,0,senior_level,115065.0,3.0,University,Other / Miscellaneous
Technical Program Manager (Center of Excellence) (Hybrid/Onsite),fulltime,yearly,1,senior_level,169600.0,2.0,University,Project / Program Management
Cloud Engineer - Azure,fulltime,yearly,1,mid_level,134438.0,5.0,University,Network & Systems
Functional Technology Platform Consultant,fulltime,yearly,0,senior_level,125225.5,6.0,University,Consulting / Specialist
Host Based Systems Analyst III,contract,yearly,1,entry_level,122970.0,8.0,University,General IT / Other IT Role
Incident Manager II,contract,yearly,0,mid_level,90453.0,4.0,University,IT Management / Director
IT Project Manager - Remote,fulltime,yearly,1,senior_level,115000.0,3.0,University,Project / Program Management
Director of Information Technology,fulltime,yearly,1,senior_level,105755.5,5.0,University,IT Management / Director
ERP Analyst,fulltime,yearly,0,senior_level,95668.0,3.0,University,Other / Miscellaneous
Salesforce BSA,fulltime,yearly,0,senior_level,135000.0,5.0,University,Other / Miscellaneous
(Remote) CRM Administrator - Information Technology Services,fulltime,yearly,1,senior_level,68764.0,2.0,University,General IT / Other IT Role
Systems Administrator,fulltime,yearly,0,senior_level,67500.0,3.0,High School,Network & Systems
System Analyst,contract,hourly,0,entry_level,161200.0,5.0,University,Other / Miscellaneous
IT Security Lead/Architect (Hybrid),contract,hourly,1,senior_level,123760.0,7.0,University,Cybersecurity
Manager of Security Architecture,fulltime,yearly,0,senior_level,131400.0,5.0,University,Cybersecurity
Technology Manager - RE Tech Advisors,fulltime,yearly,1,entry_level,125170.5,3.0,Online/Courses,IT Management / Director
IT Business Analyst II,fulltime,yearly,1,senior_level,79595.5,5.0,Online/Courses,Data & Analytics
Task Order Program Manager,fulltime,yearly,0,senior_level,149693.5,8.0,University,Project / Program Management
Security Analyst,fulltime,yearly,1,senior_level,98382.5,2.0,University,Cybersecurity
Inside Product Support Specialist,fulltime,hourly,0,mid_level,65520.0,2.0,University,IT Support / Helpdesk
Senior Engineering Manager,fulltime,yearly,0,senior_level,174807.5,10.0,University,IT Management / Director
IT System Administrator,fulltime,yearly,0,senior_level,118193.5,4.0,University,Network & Systems
Sr. SAP MM-PUR and Inventory Management Senior Consultant - Contract,"fulltime, contract",yearly,1,senior_level,148017.0,6.0,University,Consulting / Specialist
"Infrastructure Technical Program Manager, Global Connectivity Infrastructure Delivery - Fiber Deployment",fulltime,yearly,1,senior_level,160534.0,3.0,University,Network & Systems
Principal Business Systems Analyst- Process Mining,fulltime,yearly,0,senior_level,127550.0,8.0,University,General IT / Other IT Role
Jr. Cyber Security Engineer,fulltime,yearly,0,entry_level,87500.0,0.0,University,Cybersecurity
Business Systems Analyst IV,fulltime,yearly,1,entry_level,96550.0,5.0,University,General IT / Other IT Role
Business Systems Analyst II,fulltime,yearly,1,entry_level,77000.0,3.0,University,General IT / Other IT Role
Public Markets Project Manager,fulltime,yearly,0,senior_level,91300.0,1.0,University,Project / Program Management
SAP ABAP Programmer,contract,hourly,0,entry_level,124800.0,3.0,University,Software Development
ERP Developer,contract,hourly,0,senior_level,119600.0,7.0,University,Software Development
O365 SharePoint Developer,contract,hourly,0,senior_level,124800.0,3.0,Online/Courses,Software Development
SAP Functional Specialist,contract,hourly,0,senior_level,124800.0,3.0,University,Consulting / Specialist
SAP Configuration Analyst,contract,hourly,0,senior_level,119600.0,3.0,University,Other / Miscellaneous
Product Manager-Mandarin required,fulltime,yearly,0,senior_level,119845.0,5.0,University,IT Management / Director
Senior Engineering Manager,fulltime,yearly,0,senior_level,200000.0,10.0,University,IT Management / Director
IT Network Engineer,fulltime,yearly,1,executive_level,155000.0,6.0,University,Network & Systems
Technology Service Delivery Manager,fulltime,yearly,0,entry_level,117850.0,5.0,University,IT Management / Director
Cloud System Architect 2 - DEVx,fulltime,yearly,1,mid_level,163281.5,9.0,University,General IT / Other IT Role
IT Development Manager,fulltime,yearly,1,senior_level,119292.5,8.0,Online/Courses,IT Management / Director
Business Process Owner - Product & Sustainability,fulltime,yearly,0,senior_level,82627.5,3.0,University,Data & Analytics
Project Manager- Sr. Consultant,fulltime,yearly,0,senior_level,122491.0,3.0,University,Project / Program Management
(#79758) Network Specialist,fulltime,yearly,0,mid_level,69753.0,5.0,High School,Network & Systems
Subject Matter Expert II - 1964,internship,yearly,1,senior_level,139500.0,5.0,University,Other / Miscellaneous
Senior Project Manager,fulltime,yearly,1,mid_level,100384.5,4.0,University,Project / Program Management
Staff Customer Solutions Engineer,fulltime,yearly,1,senior_level,165000.0,7.0,University,General IT / Other IT Role
Systems Analyst/Administrator,"fulltime, contract",hourly,0,senior_level,130000.0,5.0,University,General IT / Other IT Role
Specialist- IT I USA,fulltime,hourly,0,mid_level,54080.0,3.0,University,Consulting / Specialist
IT Auditor (Oil & Gas experience needed),fulltime,yearly,0,senior_level,92500.0,2.0,University,General IT / Other IT Role
Senior IT Support Specialist,contract,yearly,1,senior_level,56735.0,2.0,University,IT Support / Helpdesk
"Analyst, IT Operations",fulltime,yearly,0,senior_level,112511.0,7.0,University,General IT / Other IT Role
Director of eCommerce and Digital Operations,"parttime, fulltime",yearly,0,senior_level,150000.0,4.0,University,IT Management / Director
Systems Administrator Associate - 3481,fulltime,yearly,0,mid_level,77780.0,0.0,University,Network & Systems
"Senior Staff, Technical Support Engineer (Top Secret w/ SCI Clearance) - JB1012104",internship,yearly,0,senior_level,158840.0,10.0,University,IT Support / Helpdesk
"Senior Technical Program Manager, AGI Autonomy",fulltime,yearly,0,senior_level,187734.0,7.0,University,Project / Program Management
"Technical Infrastructure Program Manager , Non-Standard Infrastructure Capacity Planning & Delivery",fulltime,yearly,1,senior_level,156050.0,4.0,University,Network & Systems
"Senior Program Manager, Amazon Funded Buy Sell",fulltime,yearly,0,senior_level,176700.0,5.0,University,Project / Program Management
"Data Center Project Manager I, Critical Projects Implementation",fulltime,yearly,0,senior_level,98207.0,3.0,University,Project / Program Management
"TPM, Devices Supply Chain & Logistics",fulltime,yearly,0,senior_level,156150.0,5.0,University,Data & Analytics
"Program Manager, Database and Analytics Worldwide GTM",fulltime,yearly,0,senior_level,133763.0,5.0,University,Project / Program Management
IT Intern,fulltime,yearly,0,senior_level,56146.0,20.0,University,Intern / Entry Level
Systems Administrator,fulltime,yearly,0,mid_level,72897.0,5.0,University,Network & Systems
IT Support Specialist,fulltime,hourly,0,senior_level,59280.0,2.0,University,IT Support / Helpdesk
"Principal Technical Program Manager, AWS Events Tech Team",fulltime,yearly,0,senior_level,217300.0,7.0,University,Project / Program Management
"Technical Program Manager, AWS Cloud Institute",fulltime,yearly,0,mid_level,135400.0,2.0,University,Project / Program Management
Strategic Customer Engagements,fulltime,yearly,0,senior_level,202950.0,12.0,University,Other / Miscellaneous
"Senior Program Manager, Amazon Launchpad",fulltime,yearly,0,senior_level,144550.0,5.0,Online/Courses,Project / Program Management
"Principal Technical Program Manager, Selling Partner Financial Technology",fulltime,yearly,0,senior_level,217300.0,7.0,University,Project / Program Management
"Sr. Product Manager PMT, Amazon Stores FinTech",fulltime,yearly,0,senior_level,185650.0,7.0,Online/Courses,IT Management / Director
Network Administrator Intermediate,fulltime,yearly,0,senior_level,110000.0,4.0,University,Network & Systems
Junior IT Consultant - San Francisco Bay Area (Onsite Focus),fulltime,yearly,1,senior_level,77500.0,1.0,Online/Courses,Consulting / Specialist
Desktop Support Specialist,fulltime,hourly,1,senior_level,62400.0,2.0,University,IT Support / Helpdesk
"Senior GTM Specialist, VMware, ISV Segment, AWS WWSO GTM Specialists-NAMER",fulltime,yearly,0,senior_level,176700.0,6.0,University,Consulting / Specialist
Customer Cyber Security Director,contract,yearly,0,senior_level,222558.0,8.0,University,Cybersecurity
Electrical Systems Engineer,internship,yearly,0,senior_level,108167.0,4.0,University,Network & Systems
"Senior Partner Solutions Architect, Travel & Hospitality, AMER Partner Industry Specialists",fulltime,yearly,0,senior_level,188600.0,3.0,Online/Courses,Consulting / Specialist
"Senior Technical Program Manager, Supply Chain Network Design",fulltime,yearly,0,senior_level,182650.0,5.0,University,Network & Systems
"Technical Program Manager, Region Services, AWS Region Expansion",fulltime,yearly,0,senior_level,156701.5,3.0,Online/Courses,Project / Program Management
"Principal Technical Product Manager - ES, AWS Billing Core Product",fulltime,yearly,0,senior_level,222400.0,7.0,University,IT Management / Director
Training Implementations Manager – Deposit Transition Team,fulltime,yearly,1,senior_level,126545.5,6.0,University,Data & Analytics
IT Support Specialist,fulltime,yearly,0,mid_level,43750.0,2.0,University,IT Support / Helpdesk
Information Security Analyst,fulltime,yearly,0,senior_level,88913.0,3.0,University,Cybersecurity
EDI Integration Lead,parttime,yearly,0,mid_level,126000.0,10.0,University,Other / Miscellaneous
"Adjunct Instructor/Adjunct Asst Professor/Adjunct Assoc Professor, School of Information Technology",fulltime,yearly,0,mid_level,59113.0,3.0,Online/Courses,IT Management / Director
Tier 3 Technical Support,"parttime, fulltime, contract",hourly,1,mid_level,62400.0,8.0,University,IT Support / Helpdesk
Laboratory Applications Support Specialist,fulltime,yearly,0,mid_level,59064.5,2.0,University,IT Support / Helpdesk
Associate Product Manager,fulltime,yearly,0,mid_level,84888.5,3.0,University,IT Management / Director
Engineering Manager,internship,yearly,1,senior_level,227500.0,4.0,University,IT Management / Director
Lead Systems Engineer,internship,yearly,0,senior_level,174426.0,8.0,University,Network & Systems
Systems Administrator,fulltime,hourly,1,executive_level,79040.0,5.0,University,Network & Systems
Senior Systems Administrator,fulltime,yearly,1,senior_level,124301.5,9.0,University,Network & Systems
Project Portfolio Manager,internship,yearly,0,senior_level,119033.0,5.0,University,IT Management / Director
IT Desktop Support Supervisor,fulltime,yearly,1,mid_level,71509.5,5.0,University,IT Support / Helpdesk
Senior System Engineer,fulltime,yearly,1,senior_level,116141.5,8.0,University,General IT / Other IT Role
Sr. Alliance Director,contract,yearly,0,senior_level,261100.0,5.0,University,IT Management / Director
Systems Administrator,fulltime,yearly,0,senior_level,105000.0,8.0,University,Network & Systems
Compliance Specialist( 6 month Contract),contract,yearly,0,senior_level,93544.0,2.0,University,Consulting / Specialist
IT Security Engineer,fulltime,hourly,1,mid_level,197600.0,15.0,University,Cybersecurity
Desktop Support Technician,fulltime,yearly,1,executive_level,46000.0,3.0,University,IT Support / Helpdesk
Desktop Support Technician - ONSITE,fulltime,yearly,0,mid_level,43500.0,2.0,University,IT Support / Helpdesk
Business System Analyst Journeyman (ONSITE),fulltime,yearly,0,senior_level,113439.5,10.0,University,General IT / Other IT Role
Project Administrator,fulltime,yearly,1,senior_level,80000.0,4.0,University,Other / Miscellaneous
"Director 2, Healthcare Technology Management",fulltime,yearly,0,senior_level,120330.5,5.0,University,IT Management / Director
Applications Engineer,internship,yearly,0,senior_level,107500.0,2.0,University,General IT / Other IT Role
IT SECURITY METRICS AND REPORTING ANALYST,fulltime,yearly,0,mid_level,122500.0,5.0,University,Cybersecurity
Journeyman Asset Manager,fulltime,yearly,0,senior_level,105676.0,3.0,University,IT Management / Director
Solution Engineer,fulltime,yearly,1,senior_level,139090.5,5.0,University,General IT / Other IT Role
Program Manager,contract,yearly,1,mid_level,167500.0,5.0,University,Project / Program Management
"Manager 3, Threat Detection Engineering",internship,yearly,0,senior_level,189769.0,5.0,University,IT Management / Director
"Staff Program Manager, Customer Success",internship,yearly,0,senior_level,175044.0,7.0,University,Project / Program Management
"Principal Product Manager, QuickBooks Online",internship,yearly,0,senior_level,234328.5,8.0,Online/Courses,IT Management / Director
Program Manager - EMPO,"fulltime, contract",hourly,1,senior_level,171600.0,7.0,University,Project / Program Management
Cybersecurity Specialist - Fully On-Site,fulltime,yearly,0,senior_level,67640.0,3.0,University,Cybersecurity
"IT Sourcing Manager, Procurement",contract,hourly,0,senior_level,72800.0,4.0,University,IT Management / Director
IT Project Lead,contract,hourly,1,senior_level,88400.0,5.0,University,General IT / Other IT Role
Director of Owner Relations,"parttime, fulltime, contract",yearly,1,senior_level,58500.0,5.0,University,IT Management / Director
"Senior Director, Performance Excellence",internship,yearly,0,senior_level,148928.5,15.0,University,IT Management / Director
Senior Accessibility Manager,fulltime,yearly,1,senior_level,105000.0,7.0,University,IT Management / Director
Accessibility Project Manager,fulltime,yearly,1,senior_level,120000.0,10.0,University,Project / Program Management
SAP Extended Warehouse Mgmt Specialist,internship,yearly,0,mid_level,130744.0,5.0,University,Consulting / Specialist
Senior Engineering Technical Support Specialist,"parttime, fulltime",yearly,0,senior_level,75000.0,4.0,Online/Courses,IT Support / Helpdesk
IT Applications Analyst/Dev Lead,fulltime,yearly,0,mid_level,131870.0,10.0,University,General IT / Other IT Role
"Sr. Analyst, D&T Analytics",fulltime,yearly,0,senior_level,92847.5,1.0,University,Data & Analytics
Associate Programmer Analyst,fulltime,hourly,0,mid_level,88400.0,1.0,University,Software Development
Cyber Security Engineer III,fulltime,yearly,0,mid_level,144180.5,10.0,University,Cybersecurity
Cyber Security Operations Specialist III,fulltime,yearly,0,mid_level,135507.0,10.0,University,Cybersecurity
Cyber Security Engineering Specialist III,fulltime,yearly,0,mid_level,135499.5,10.0,University,Cybersecurity
Scrum Master/Manager Coordinator,fulltime,yearly,0,senior_level,55000.0,3.0,University,Project / Program Management
Software Asset Management Specialist,fulltime,yearly,1,senior_level,77500.0,3.0,University,Consulting / Specialist
IT Specialist (Information Security),fulltime,yearly,1,mid_level,135658.0,8.0,Online/Courses,Cybersecurity
Automotive Data Product Owner,fulltime,yearly,1,senior_level,109000.0,5.0,Online/Courses,Data & Analytics
Systems Engineer,fulltime,yearly,0,mid_level,99713.0,5.0,University,Network & Systems
Sr Agile Coach - SAFe SPC,fulltime,yearly,1,mid_level,143417.0,8.0,University,Project / Program Management
Technical Service Specialist,internship,yearly,1,senior_level,77287.5,1.0,University,Consulting / Specialist
IT Manager/Systems Administrator,contract,hourly,1,senior_level,109200.0,3.0,University,Network & Systems
Advisory - Controllership - Senior Consultant,internship,yearly,0,entry_level,157711.0,4.0,University,Consulting / Specialist
Principal R&D Engineer-,internship,yearly,0,senior_level,219239.0,10.0,University,General IT / Other IT Role
Automation Process Consultant - BPM Developer,fulltime,yearly,1,senior_level,109650.0,7.0,University,Software Development
Senior Product Manager,internship,yearly,1,senior_level,168000.0,8.0,University,IT Management / Director
"Senior Technical Program Manager, XR",internship,yearly,0,senior_level,135000.0,6.0,University,Project / Program Management
"Director of Operations, AV Graphics",freelance,yearly,0,entry_level,162500.0,8.0,University,IT Management / Director
"Submissions Specialist | Irvine, CA or Austin, TX","parttime, fulltime",hourly,0,senior_level,69680.0,3.0,University,Consulting / Specialist
Technical Lead - Cloud Infrastructure - SDWAN,fulltime,yearly,1,senior_level,175667.5,8.0,University,Network & Systems
ERP Administrator,fulltime,yearly,1,entry_level,80000.0,10.0,University,Other / Miscellaneous
Director - Capture (US Services - State and Local),contract,yearly,1,entry_level,161959.0,10.0,University,IT Management / Director
Senior Salesforce Vlocity Engineer,fulltime,yearly,0,senior_level,156400.0,3.0,University,General IT / Other IT Role
Principal Product Management & Develop,fulltime,yearly,0,senior_level,197800.0,7.0,University,Other / Miscellaneous
Lead Salesforce Vlocity Engineer,fulltime,yearly,0,senior_level,172100.0,5.0,University,General IT / Other IT Role
"Managed Device Solutions, Senior Director",internship,yearly,0,senior_level,238725.0,15.0,University,IT Management / Director
Engineering Project/Program Management,contract,yearly,0,senior_level,149025.0,7.0,University,General IT / Other IT Role
Senior Platform Product Manager,internship,yearly,0,mid_level,171865.0,10.0,University,IT Management / Director
"Director, Employee Services and Automation Technology",internship,yearly,0,senior_level,161300.0,5.0,University,IT Management / Director
"DD&T Program Manager, Rare Disease",fulltime,yearly,1,senior_level,171000.0,5.0,University,Project / Program Management
Principal IT Program Manager,fulltime,yearly,0,senior_level,185500.0,10.0,University,Project / Program Management
Senior IT Systems Administrator,fulltime,hourly,0,mid_level,136240.0,4.0,University,Network & Systems
"Compliance & Risk Consultant, Expert",fulltime,yearly,0,senior_level,153000.0,7.0,University,Consulting / Specialist
System Administrator,fulltime,yearly,0,mid_level,95639.0,3.0,University,Network & Systems
"Training Manager, Senior",fulltime,yearly,0,senior_level,131933.5,13.0,High School,Data & Analytics
"Project Manager, Process Technology - Plainsboro, NJ",fulltime,yearly,0,senior_level,93088.5,2.0,Online/Courses,Project / Program Management
"Sr Director, IT Strategy and Operations",internship,yearly,0,mid_level,159250.0,10.0,University,IT Management / Director
SSI USA - Systems Administrator,fulltime,yearly,0,senior_level,80000.0,5.0,University,Network & Systems
"Senior Security Engineer (Full Time) - Lubbock, Ave.",fulltime,yearly,0,mid_level,108979.5,4.0,University,Cybersecurity
"Senior Program Manager, Product Operations",fulltime,yearly,1,senior_level,206050.0,8.0,University,Project / Program Management
"Executive Director, IT Enterprise Infrastructure Services",internship,yearly,1,senior_level,225850.0,10.0,University,Network & Systems
Senior Optimization Engineer,fulltime,yearly,0,mid_level,155000.0,7.0,University,General IT / Other IT Role
Technical Support Consultant ** No Corp to Corp** California Resident Only On-site,"temporary, contract",hourly,1,senior_level,104000.0,4.0,Online/Courses,IT Support / Helpdesk
Senior Data Center Engineer (Microsoft/Cloud),fulltime,yearly,0,senior_level,120000.0,5.0,University,Data & Analytics
"Senior Manager, Software Asset Management",internship,yearly,1,mid_level,162714.0,8.0,University,IT Management / Director
"Technical Program Manager, Software Engineering Infrastructure",internship,yearly,0,senior_level,209426.5,7.0,University,Network & Systems
Product Manager II – Commerce Performance & Insights,fulltime,yearly,0,senior_level,141800.0,3.0,University,IT Management / Director
IT Support Specialist,contract,hourly,1,senior_level,67600.0,3.0,University,IT Support / Helpdesk
BASIC and iSeries Administrator,fulltime,yearly,0,senior_level,75885.5,3.0,University,Other / Miscellaneous
SAP MM/PP Consultant,fulltime,yearly,1,mid_level,136000.0,20.0,University,Consulting / Specialist
Director of Analytics,fulltime,yearly,1,senior_level,91793.5,4.0,University,Data & Analytics
Project Manager Series,fulltime,yearly,1,entry_level,110135.0,3.0,University,Project / Program Management
"Director, Product Management - Cisco Silicon One",fulltime,yearly,0,senior_level,259010.0,12.0,University,IT Management / Director
Director Software Development - Payment Development,fulltime,yearly,0,senior_level,153850.0,12.0,Online/Courses,IT Management / Director
System Support Specialist,internship,yearly,0,senior_level,77500.0,3.0,University,IT Support / Helpdesk
Product Manager,fulltime,yearly,0,mid_level,97862.0,2.0,University,IT Management / Director
Risk and Security Analyst - level III,fulltime,yearly,0,mid_level,111120.0,5.0,University,Cybersecurity
Senior Risk and Security Analyst - level IV,fulltime,yearly,0,mid_level,165689.5,7.0,University,Cybersecurity
Senior Project Manager - Operations,fulltime,yearly,0,mid_level,65000.0,4.0,University,Project / Program Management
Senior Helpdesk Specialist,internship,yearly,0,entry_level,79360.0,4.0,University,Consulting / Specialist
Cleared AWS Consultant *,contract,yearly,0,mid_level,195000.0,3.0,University,Consulting / Specialist
Information Security Analyst-Security Awareness,internship,yearly,0,senior_level,168300.0,2.0,Online/Courses,Cybersecurity
"Technical Program Manager, Capacity Planning",fulltime,yearly,0,senior_level,210000.0,8.0,University,Project / Program Management
"Technical Program Manager III, Databases, Google Cloud",fulltime,yearly,0,senior_level,176500.0,5.0,University,Project / Program Management
"Developer Relations Engineer, Earth Engine",fulltime,yearly,0,senior_level,150000.0,3.0,Online/Courses,Software Development
"Outbound Product Manager, Apigee, Google Cloud",fulltime,yearly,0,senior_level,210000.0,8.0,University,IT Management / Director
"Technical Program Manager II, Security, Google Cloud",fulltime,yearly,0,senior_level,150000.0,2.0,University,Cybersecurity
Data Center Services Manager,fulltime,yearly,0,mid_level,259500.0,10.0,Online/Courses,Data & Analytics
Senior Product Manager - Data & AI,internship,yearly,1,senior_level,182500.0,5.0,University,Data & Analytics
"Senior Director, Product Management",fulltime,yearly,1,senior_level,271000.0,10.0,University,IT Management / Director
Technical Software Asset Manager (ServiceNow),fulltime,yearly,1,senior_level,129635.0,5.0,University,IT Management / Director
Solution Specialist- EPM,fulltime,yearly,0,mid_level,177834.0,5.0,University,Consulting / Specialist
Manager - Help Desk,fulltime,yearly,0,senior_level,73571.0,2.0,High School,IT Support / Helpdesk
Digital/Technical Product Manager - Mid Level,internship,yearly,0,mid_level,130995.0,4.0,University,IT Management / Director
IT Portfolio Architect (Hybrid),fulltime,yearly,0,senior_level,153775.0,10.0,University,General IT / Other IT Role
Associated Director Data Operations M&A Research and Development,fulltime,yearly,1,mid_level,208000.0,5.0,University,Data & Analytics
Product Manager - Payments - Vice President,fulltime,yearly,0,mid_level,161775.0,5.0,University,IT Management / Director
SD-WAN Performance and Operations Engineer,fulltime,yearly,1,senior_level,143914.0,2.0,University,General IT / Other IT Role
Senior Network Engineer (Hybrid),fulltime,yearly,0,senior_level,124000.0,5.0,University,Network & Systems
Sr Cyber Defense Ops Spec,fulltime,yearly,0,entry_level,100000.0,3.0,University,General IT / Other IT Role
Principal Network Architect - Network Security (Hybrid),fulltime,yearly,0,senior_level,203000.0,5.0,University,Network & Systems
Sr. JD Edwards (JDE) Application Developer,internship,yearly,0,senior_level,125413.0,5.0,University,Software Development
IT Operations Technician,fulltime,yearly,0,mid_level,54510.5,2.0,High School,IT Support / Helpdesk
Project Manager,contract,yearly,0,entry_level,155000.0,7.0,University,Project / Program Management
Principal Project Manager,fulltime,yearly,0,mid_level,127050.0,5.0,University,Project / Program Management
"Manager, Project Manager",fulltime,yearly,0,mid_level,158250.0,6.0,University,Project / Program Management
"Sr Manager, Enterprise Architect",fulltime,yearly,0,mid_level,251300.0,8.0,University,IT Management / Director
Training Developer,fulltime,yearly,0,senior_level,86213.0,3.0,University,Software Development
IT Field Support Analyst,fulltime,hourly,0,executive_level,72800.0,4.0,University,IT Support / Helpdesk
IT Computer Specialist/Software Specialist,fulltime,yearly,0,entry_level,63164.0,3.0,University,Consulting / Specialist
Senior Digital Analytics Implementation Specialist - CDH - Remote,fulltime,yearly,1,senior_level,142771.0,3.0,University,Data & Analytics
Technology Client Partner (TCP),fulltime,yearly,1,senior_level,191700.0,10.0,University,General IT / Other IT Role
Project Manager - Top Secret clearance required,internship,yearly,0,senior_level,125967.0,3.0,University,Project / Program Management
"Chief Technology Officer, Administrative Operations and Auxiliary Services",internship,yearly,0,senior_level,297744.5,10.0,Online/Courses,IT Management / Director
Specialist IS Architect - Tech & Workforce,internship,yearly,1,mid_level,135971.0,2.0,High School,Consulting / Specialist
Help Desk Analyst,internship,hourly,1,senior_level,55120.0,2.0,University,IT Support / Helpdesk
Help Desk Support Engineer (L2),fulltime,yearly,0,executive_level,67500.0,4.0,University,IT Support / Helpdesk
Technology Alignment Manager (TAM) (L2),fulltime,yearly,0,senior_level,67500.0,4.0,University,IT Management / Director
Product Director - REMOTE POSITION,internship,yearly,1,senior_level,174567.0,15.0,University,IT Management / Director
Systems Architect,internship,yearly,0,senior_level,135856.5,10.0,Online/Courses,General IT / Other IT Role
"eCommerce Engineer (BigCommerce) - Atlanta, GA",internship,yearly,0,senior_level,115140.0,2.0,Online/Courses,General IT / Other IT Role
Technical Project Manager,fulltime,yearly,0,senior_level,123329.0,5.0,University,Project / Program Management
"Clinical Enterprise Project Manager, Primary Care Support",internship,yearly,0,mid_level,72102.0,3.0,University,IT Support / Helpdesk
IT Technical Support Specialist (Hybrid Role),fulltime,yearly,1,entry_level,100309.5,3.0,University,IT Support / Helpdesk
Service Delivery Manager,fulltime,yearly,1,senior_level,148500.0,5.0,University,IT Management / Director
Technical Operations Analyst | 2025-042,fulltime,yearly,1,senior_level,75000.0,2.0,University,General IT / Other IT Role
Network Operations Support Coordinator,fulltime,yearly,1,senior_level,60681.5,3.0,High School,IT Support / Helpdesk
Cloud Solutions Architect 3,temporary,yearly,1,senior_level,143579.0,12.0,University,Consulting / Specialist
Technical Project Manager,fulltime,yearly,0,senior_level,116702.5,5.0,University,Project / Program Management
Configuration Manager,fulltime,yearly,0,senior_level,96471.0,3.0,University,IT Management / Director
Implementation Engineer - ESP,fulltime,yearly,1,senior_level,117064.0,5.0,University,General IT / Other IT Role
IT Intern,internship,yearly,0,senior_level,43534.0,0.0,University,Intern / Entry Level
Chief Technology Officer (CTO),fulltime,yearly,0,senior_level,172727.0,5.0,University,IT Management / Director
IT Governance Analyst,fulltime,hourly,0,senior_level,176800.0,5.0,University,General IT / Other IT Role
Chief Information Officer (CIO) Consultant,fulltime,yearly,0,senior_level,109524.5,5.0,Online/Courses,IT Management / Director
Senior IT Support Analyst,fulltime,hourly,1,mid_level,65520.0,3.0,University,IT Support / Helpdesk
Product Manager,fulltime,yearly,1,senior_level,137500.0,5.0,University,IT Management / Director
Sr Systems Administrator w/ TS/SCI Clearance,fulltime,yearly,0,senior_level,125000.0,12.0,University,Network & Systems
"Director, Information Security",fulltime,yearly,0,senior_level,195000.0,7.0,University,Cybersecurity
Sr Technical Support Staff II,fulltime,yearly,0,senior_level,91345.0,3.0,Online/Courses,IT Support / Helpdesk
Program Manager - IPD,fulltime,yearly,0,senior_level,124247.5,5.0,University,Project / Program Management
VP / Managing Director of Software Platforms,fulltime,yearly,0,senior_level,225000.0,5.0,University,IT Management / Director
Bids and Proposals Manager - REMOTE,contract,yearly,1,senior_level,129636.0,5.0,University,IT Management / Director
Network Engineer,fulltime,yearly,0,mid_level,115687.5,10.0,University,Network & Systems
Systems Engineer,fulltime,yearly,0,mid_level,95462.5,3.0,University,Network & Systems
IT Level 1 Support,fulltime,yearly,0,senior_level,39038.5,1.0,High School,IT Support / Helpdesk
Product Owner I - Salesforce Sales,fulltime,yearly,0,senior_level,86810.0,2.0,Online/Courses,Other / Miscellaneous
Technical Support Specialist,fulltime,yearly,0,executive_level,58519.5,1.0,University,IT Support / Helpdesk
Associate Integration Director,fulltime,yearly,1,mid_level,127500.0,5.0,University,IT Management / Director
IT Support,fulltime,hourly,0,mid_level,57200.0,3.0,Online/Courses,IT Support / Helpdesk
"Field Services Director, Copilot Products",fulltime,yearly,1,senior_level,186585.0,10.0,University,IT Management / Director
Senior IT Systems Analyst,fulltime,yearly,1,entry_level,109751.5,5.0,University,General IT / Other IT Role
SYS ADM 2 TX,parttime,yearly,1,executive_level,65388.5,18.0,University,Other / Miscellaneous
"Sr. Charging & Range Systems Engineer, Energy Management",fulltime,yearly,0,senior_level,152000.0,5.0,University,Network & Systems
System Integration and Test Engineer,fulltime,yearly,0,senior_level,144000.0,3.0,University,General IT / Other IT Role
"Senior Process Architect, Business Office",fulltime,yearly,0,senior_level,134625.0,2.0,University,General IT / Other IT Role
Mid-Level Systems Architect (Solutions Architect),fulltime,yearly,0,mid_level,158424.5,5.0,Online/Courses,Consulting / Specialist
Senior Level Project / Program Manager,fulltime,yearly,0,mid_level,140813.0,7.0,Online/Courses,Project / Program Management
Mid-Level SCRUM Master,fulltime,yearly,0,mid_level,120250.5,5.0,Online/Courses,Project / Program Management
C3BM Senior Systems Analyst,fulltime,yearly,0,senior_level,118870.5,7.0,Online/Courses,General IT / Other IT Role
Field Engineer- Electronic Security,fulltime,yearly,1,senior_level,95000.0,5.0,High School,Cybersecurity
Desktop Infrastructure Engineer I,contract,yearly,1,senior_level,111884.0,5.0,University,Network & Systems
Product Manager - Special Programs Management,fulltime,yearly,1,senior_level,118866.0,3.0,University,IT Management / Director
Windows Virtualiz Engineer I,fulltime,yearly,0,senior_level,95752.5,2.0,University,General IT / Other IT Role
Information Security Analyst,fulltime,yearly,1,mid_level,78238.5,1.0,University,Cybersecurity
Cyber Security Auditor,fulltime,yearly,0,mid_level,105248.0,5.0,University,Cybersecurity
Systems Administrator,fulltime,yearly,0,entry_level,121700.0,12.0,University,Network & Systems
Principal Systems Analyst,fulltime,yearly,0,entry_level,137200.0,12.0,University,General IT / Other IT Role
Senior Helpdesk Specialist,fulltime,yearly,0,entry_level,80979.0,4.0,University,Consulting / Specialist
"Technical Program Manager III - Kuiper, Kuiper",fulltime,yearly,0,senior_level,182650.0,5.0,University,Project / Program Management
"Manager III, Systems Dev, Crypto/Identity East",fulltime,yearly,0,senior_level,204250.0,3.0,University,IT Management / Director
Director of Information Technology,fulltime,yearly,0,senior_level,135000.0,5.0,University,IT Management / Director
Cyber Identity - Active Directory-Entra ID Manager,fulltime,yearly,0,mid_level,182552.0,7.0,University,IT Management / Director
Momentum ERP Technical Implementation Lead,fulltime,yearly,0,entry_level,154085.0,7.0,University,General IT / Other IT Role
Senior Infrastructure Engineer (Colorado Springs -TS Cleared),fulltime,yearly,0,entry_level,143544.5,10.0,University,Network & Systems
Workday Benefits Consultant,fulltime,yearly,0,senior_level,166654.5,3.0,University,Consulting / Specialist
"Alliance Manager, SailPoint",fulltime,yearly,0,mid_level,156550.0,5.0,University,Data & Analytics
"Business Systems Analyst (TS/SCI with Poly Clearance Required) - Chantilly, VA",fulltime,yearly,0,senior_level,133861.0,5.0,University,General IT / Other IT Role
"System Engineer 3 - TS/SCI Poly Required - Ft. Meade, MD",fulltime,yearly,0,mid_level,192800.0,20.0,University,General IT / Other IT Role
Advisory - Controllership - Senior Consultant,fulltime,yearly,0,mid_level,157711.0,4.0,University,Consulting / Specialist
"System Engineer | TS/SCI Polygraph Required | Fort Meade, MD",fulltime,yearly,0,mid_level,151100.0,8.0,University,General IT / Other IT Role
Project Manager,internship,yearly,1,senior_level,87500.0,5.0,University,Project / Program Management
Sr Manager - IT Asset Management,internship,yearly,1,senior_level,126140.0,7.0,University,IT Management / Director
Technology Systems Developer (DIT) - Services- Applications Division,fulltime,yearly,0,senior_level,104286.5,10.0,University,Software Development
Project Manager,fulltime,yearly,1,senior_level,105000.0,2.0,University,Project / Program Management
System Reliability Support Lead,fulltime,yearly,1,entry_level,100305.5,3.0,University,IT Support / Helpdesk
Product Management Senior Manager-Cash Back Credit Cards,fulltime,yearly,1,mid_level,141075.0,5.0,University,IT Management / Director
"Supervisor, Product Services & Management",fulltime,yearly,0,senior_level,124750.0,4.0,University,Other / Miscellaneous
"Manager, Security Engineering",fulltime,yearly,1,senior_level,147850.0,1.0,University,Cybersecurity
Senior Product Manager - Deposit and Payment,fulltime,yearly,0,mid_level,132150.0,3.0,University,IT Management / Director
"Senior Product Manager, Software Products",fulltime,yearly,0,senior_level,155000.0,3.0,University,IT Management / Director
Director of Technology,fulltime,yearly,1,mid_level,157500.0,5.0,University,IT Management / Director
SOC Manager,fulltime,yearly,0,senior_level,130000.0,8.0,University,IT Management / Director
SOC Analyst II,fulltime,yearly,0,senior_level,92500.0,3.0,University,Other / Miscellaneous
AWS Subject Matter Expert,fulltime,yearly,0,senior_level,126873.5,5.0,University,Other / Miscellaneous
ServiceNow SME,fulltime,yearly,0,senior_level,135570.0,10.0,University,Other / Miscellaneous
Unqork SME,fulltime,yearly,0,senior_level,118078.5,5.0,University,Other / Miscellaneous
INFORMATION TECHNOLOGY SUPERVISOR II,fulltime,monthly,0,mid_level,9659.5,3.0,University,General IT / Other IT Role
Program Manager,fulltime,yearly,0,senior_level,172500.0,7.0,University,Project / Program Management
IT Procurement & Asset Management Specialist,fulltime,yearly,0,senior_level,63093.0,3.0,University,Consulting / Specialist
Senior Systems & Security Engineer,fulltime,yearly,1,senior_level,107859.0,8.0,University,Cybersecurity
AI Project Manager,fulltime,yearly,0,senior_level,145642.0,7.0,University,Project / Program Management
FinOps Analyst,fulltime,yearly,0,senior_level,90922.0,2.0,University,Other / Miscellaneous
Cloud Engineer (Hybrid-PA or Remote),fulltime,yearly,1,senior_level,133262.0,5.0,Online/Courses,Network & Systems
"Digital Technical Product Owner, AVP",fulltime,yearly,0,senior_level,133900.0,2.0,University,IT Management / Director
"Information Security Officer (ISO), VP (C13)",fulltime,yearly,0,senior_level,142300.0,5.0,University,Cybersecurity
"Sr. Digital Product Manager Lead, VP",fulltime,yearly,0,senior_level,173400.0,1.0,University,IT Management / Director
Global Trade & Working Capital Loans Product Manager,fulltime,yearly,0,senior_level,157249.5,4.0,High School,IT Management / Director
Cloud Security Engineer (Hybrid),fulltime,yearly,0,mid_level,120500.0,2.0,University,Cybersecurity
IT Project Analyst (Officer) - Hybrid,fulltime,yearly,0,senior_level,75000.0,2.0,University,General IT / Other IT Role
"VP, Business Risk and Control Officer (Hybrid)",fulltime,yearly,0,mid_level,115000.0,6.0,University,IT Management / Director
"IT Senior System Analyst, VP",fulltime,yearly,0,senior_level,142300.0,6.0,University,IT Management / Director
"VP, Balance Sheet Mgmt Lead Analyst",fulltime,yearly,0,senior_level,138480.0,7.0,University,IT Management / Director
Risk Reporting & Governance Lead - Director (Hybrid),fulltime,yearly,0,senior_level,235000.0,15.0,University,IT Management / Director
IT Project Manager (Mid),fulltime,yearly,0,mid_level,107758.5,5.0,University,Project / Program Management
Principal Engineering Program Manager,fulltime,yearly,0,senior_level,173350.0,10.0,University,Project / Program Management
Network Engineer,fulltime,yearly,0,mid_level,75000.0,3.0,Online/Courses,Network & Systems
Senior Systems Analyst,fulltime,yearly,0,senior_level,119515.0,12.0,University,General IT / Other IT Role
SAP Enterprise Architect,contract,yearly,0,senior_level,165297.5,6.0,University,Consulting / Specialist
Model Based Systems Engineer,fulltime,yearly,0,senior_level,180000.0,7.0,University,Network & Systems
Network Administrator,fulltime,yearly,1,mid_level,61399.0,2.0,University,Network & Systems
Service and Support Coordinator,fulltime,yearly,0,senior_level,70000.0,2.0,University,IT Support / Helpdesk
IT Support Coordinator,fulltime,yearly,1,senior_level,130000.0,5.0,University,IT Support / Helpdesk
Business Systems Analyst,fulltime,yearly,0,senior_level,75302.0,3.0,University,General IT / Other IT Role
Cybersecurity Threat Hunter III (OffSecOps),fulltime,yearly,1,executive_level,125608.5,7.0,University,Cybersecurity
Cybersecurity SME III (ISCM Lead),fulltime,yearly,1,senior_level,150229.0,10.0,University,Cybersecurity
Help Desk Analyst,fulltime,yearly,0,mid_level,47157.0,1.0,University,IT Support / Helpdesk
Systems Administrator (Linux) (Senior/SME),fulltime,yearly,1,senior_level,112779.5,7.0,University,Network & Systems
Technology Risk and Controls Manager (SAP),fulltime,yearly,0,mid_level,153206.5,3.0,University,IT Management / Director
Technology Risk and Controls Senior Manager (SAP),fulltime,yearly,0,mid_level,207130.5,5.0,University,IT Management / Director
SAP EWM Consultant,fulltime,yearly,0,senior_level,143600.0,8.0,Online/Courses,Consulting / Specialist
Lead Penetration Tester,fulltime,yearly,1,mid_level,136000.0,10.0,University,Other / Miscellaneous
IT Medical Data Scientist,fulltime,yearly,0,senior_level,115000.0,10.0,University,Data & Analytics
Sr. Technology Experience Partner #384,fulltime,yearly,0,entry_level,134007.0,6.0,High School,General IT / Other IT Role
Project Manager MURCO,fulltime,yearly,0,mid_level,97447.5,3.0,University,Project / Program Management
Security Architect,fulltime,yearly,1,senior_level,122776.5,3.0,University,Cybersecurity
HRIS Supervisor/Manager,fulltime,yearly,0,senior_level,80000.0,3.0,University,IT Management / Director
Senior IT Manager,"fulltime, contract",hourly,1,senior_level,46800.0,7.0,University,IT Management / Director
Director of Quality (SaaS required),fulltime,yearly,0,mid_level,168200.0,5.0,University,IT Management / Director
Desktop Security Engineer,fulltime,yearly,1,senior_level,120000.0,2.0,High School,Cybersecurity
IT Field Technician- Industrial Printers for ID cards,fulltime,yearly,1,senior_level,74860.0,1.0,University,IT Support / Helpdesk
"Product Owner, Manager (Hybrid - 3 Days in Office)",fulltime,yearly,0,senior_level,172000.0,8.0,University,IT Management / Director
Business Systems Analyst II - Workday,fulltime,yearly,1,senior_level,102500.0,4.0,University,General IT / Other IT Role
"Director, Internal Consulting",fulltime,yearly,0,senior_level,199023.0,10.0,University,IT Management / Director
Enterprise Architect,contract,hourly,0,senior_level,190320.0,10.0,University,Consulting / Specialist
DIRECTOR OF APPLICATION SECURITY- REMOTE,fulltime,yearly,1,mid_level,187500.0,1.0,University,Cybersecurity
Human Resources Information Systems Administrator,fulltime,yearly,0,senior_level,79624.0,3.0,Online/Courses,Network & Systems
Windows Server Platforms Engineer,fulltime,yearly,1,senior_level,102500.0,4.0,University,General IT / Other IT Role
Systems Analyst 2,temporary,yearly,1,senior_level,96913.0,7.0,University,General IT / Other IT Role
"Director, AI Products and Innovation",fulltime,yearly,0,senior_level,165290.5,8.0,University,Data & Analytics
Principal Systems Engineer Lead,fulltime,yearly,0,senior_level,164000.0,15.0,University,Network & Systems
PowerApp Developer,fulltime,hourly,1,entry_level,41600.0,1.0,University,Software Development
Associate PowerBI Developer,fulltime,yearly,0,mid_level,74000.0,3.0,University,Software Development
IT Service Desk Technician,fulltime,yearly,1,mid_level,61081.5,2.0,University,IT Support / Helpdesk
Computer System Analyst (G),fulltime,yearly,1,mid_level,72017.5,3.0,Online/Courses,General IT / Other IT Role
Service Desk Technician,fulltime,yearly,0,mid_level,52023.5,2.0,High School,IT Support / Helpdesk
IT Lead - SAP RTR,fulltime,yearly,1,senior_level,143352.0,8.0,University,General IT / Other IT Role
"Director, Client Analytics",internship,yearly,1,senior_level,150000.0,2.0,University,Data & Analytics
Junior IT Systems Specialist,fulltime,yearly,0,entry_level,42500.0,2.0,University,Consulting / Specialist
Technical Support Engineer,fulltime,yearly,0,executive_level,75187.0,1.0,University,IT Support / Helpdesk
Training and Support Specialist (Hybrid),contract,hourly,0,mid_level,73840.0,3.0,Online/Courses,IT Support / Helpdesk
Sr. Network Security Engineer,fulltime,yearly,0,senior_level,112413.5,3.0,University,Network & Systems
"Submissions Specialist | Irvine, CA or Austin, TX","parttime, fulltime",hourly,0,senior_level,69680.0,3.0,University,Consulting / Specialist
Windows Systems Administrator,fulltime,yearly,0,mid_level,111213.5,5.0,University,Network & Systems
Linux System Administrator,fulltime,yearly,0,senior_level,112778.5,7.0,University,Network & Systems
Project Manager - IT,fulltime,yearly,0,mid_level,90064.5,3.0,University,Project / Program Management
Application Support Technician,internship,yearly,0,executive_level,65287.0,2.0,University,IT Support / Helpdesk
Integration Specialist,fulltime,yearly,0,senior_level,101820.0,3.0,University,Consulting / Specialist
"IT Engineer II, Virtual Infrastructure",fulltime,yearly,0,senior_level,121242.0,5.0,University,Network & Systems
Director or Sr. Director of Accounting,fulltime,yearly,1,mid_level,156637.0,10.0,University,IT Management / Director
Platform Engineer (Hybrid) - 20949,fulltime,yearly,0,senior_level,159331.0,5.0,High School,General IT / Other IT Role
"Advisory Solution Consultant, Commercial Accounts",fulltime,yearly,1,senior_level,167534.0,7.0,Online/Courses,Consulting / Specialist
Technical Project Manager,contract,hourly,0,senior_level,187200.0,2.0,University,Project / Program Management
Senior Product Manager Developer Experience,fulltime,yearly,0,senior_level,125000.0,5.0,University,Software Development
Senior Support Analyst,fulltime,yearly,0,senior_level,67715.5,2.0,University,IT Support / Helpdesk
Senior Technical Project Manager,fulltime,yearly,0,senior_level,144300.0,8.0,University,Project / Program Management
SD-WAN Network Administrator / Help Desk Technician,internship,yearly,0,senior_level,60000.0,3.0,University,IT Support / Helpdesk
Desktop Support Technician,fulltime,hourly,1,mid_level,49920.0,3.0,University,IT Support / Helpdesk
IT Project Manager,fulltime,yearly,0,senior_level,110000.0,5.0,Online/Courses,Project / Program Management
Cyber Training Coordinator,fulltime,yearly,0,senior_level,99367.0,3.0,University,Data & Analytics
Program Manager tech 5,contract,yearly,1,senior_level,173000.0,8.0,University,Project / Program Management
IT Support Specialist,fulltime,hourly,0,executive_level,48880.0,2.0,High School,IT Support / Helpdesk
IT Coordinator,internship,yearly,0,executive_level,53312.0,1.0,High School,General IT / Other IT Role
NetSuite System Administrator,fulltime,yearly,0,senior_level,117500.0,3.0,University,Network & Systems
Advisory - Controllership - Manager,internship,yearly,0,entry_level,191632.5,5.0,University,IT Management / Director
"Manager, IS Project Manager - Resource Management",fulltime,yearly,0,mid_level,147050.0,5.0,University,Project / Program Management
HRIS Analyst,fulltime,yearly,0,mid_level,83900.0,1.0,University,Other / Miscellaneous
Information Systems Security Manager (ISSM),fulltime,yearly,0,senior_level,142350.0,8.0,University,Cybersecurity
Information System Security Officer (ISSO/SAP),fulltime,yearly,0,senior_level,114062.5,4.0,University,Cybersecurity
Junior Linux Administrator,fulltime,yearly,0,entry_level,77562.5,2.0,University,Intern / Entry Level
Microsoft Enterprise Engineer,fulltime,yearly,0,senior_level,171550.0,12.0,University,General IT / Other IT Role
Voice and Hardware Systems Engineer – TS/SCI with Poly,fulltime,yearly,0,mid_level,91250.0,2.0,University,Network & Systems
"Power Market Project Manager – 1898 & Co. (Kansas City, MO)",fulltime,yearly,0,senior_level,135777.5,3.0,University,Project / Program Management
"Technology Support Analyst - Hermitage, TN",internship,yearly,1,entry_level,80937.0,3.0,University,IT Support / Helpdesk
Information Technology - Senior Data Engineer,fulltime,yearly,0,senior_level,129837.5,5.0,Online/Courses,Data & Analytics
MM/PP SAP ERP Analyst II,fulltime,yearly,0,senior_level,131100.0,2.0,University,Other / Miscellaneous
Global Cloud Analyst I,fulltime,yearly,0,mid_level,80537.5,2.0,University,General IT / Other IT Role
Systems Integration Engineer Intern,internship,hourly,0,entry_level,90480.0,0.0,University,Intern / Entry Level
Windows Server Platforms Engineer,fulltime,yearly,1,senior_level,102500.0,4.0,University,General IT / Other IT Role
"Vice President, Analytics",internship,yearly,0,senior_level,262376.5,15.0,University,Data & Analytics
Technology Consulting Director,fulltime,yearly,0,senior_level,155000.0,20.0,University,IT Management / Director
Systems Administrator,fulltime,yearly,1,senior_level,64480.0,3.0,Online/Courses,Network & Systems
Technician II - IT,fulltime,yearly,0,mid_level,50752.0,2.0,High School,IT Support / Helpdesk
Cloud Adoption Specialist - AWS,fulltime,yearly,0,entry_level,97500.0,1.0,University,Consulting / Specialist
Associate Vice President IT Global Applications,fulltime,yearly,0,mid_level,245000.0,15.0,University,IT Management / Director
Cloud Infrastructure Engineer III,fulltime,yearly,0,mid_level,143550.0,7.0,University,Network & Systems
Vice President of Quality Assurance,fulltime,yearly,1,senior_level,215000.0,10.0,Online/Courses,IT Management / Director
Senior Electronic Equity Product Manager,internship,yearly,0,senior_level,199000.0,10.0,University,IT Management / Director
Senior IT Coordinator,fulltime,yearly,0,senior_level,126500.0,8.0,University,General IT / Other IT Role
"Dir, Company Partner Relations",fulltime,yearly,0,senior_level,140000.0,10.0,University,Other / Miscellaneous
"Sr Lead, Well-Being at Work",fulltime,yearly,0,senior_level,80000.0,3.0,University,Other / Miscellaneous
"Senior Incident Response Analyst - Ridgeland, MS",fulltime,yearly,0,senior_level,107726.0,4.0,University,Other / Miscellaneous
Operations Trainer (Remote),fulltime,yearly,1,senior_level,96480.0,5.0,High School,Data & Analytics
Senior Director Professional Services - Americas,fulltime,yearly,0,senior_level,172863.0,10.0,University,IT Management / Director
Application Coordinator Beacon Certified,fulltime,yearly,1,mid_level,92774.5,5.0,University,Other / Miscellaneous
Collaboration Engineer,fulltime,yearly,1,senior_level,107934.5,5.0,University,General IT / Other IT Role
Airport Network Systems Engineer II,fulltime,yearly,1,senior_level,113915.0,10.0,University,Network & Systems
Program Manager,internship,yearly,1,senior_level,133334.5,10.0,University,Project / Program Management
State Filings Representative,fulltime,yearly,0,senior_level,67660.0,5.0,University,Other / Miscellaneous
Tactical Integration Test Engineer - Mid-Level - TGBC,fulltime,yearly,1,mid_level,99546.0,3.0,University,General IT / Other IT Role
Tactical Integration Test Engineer - Senior- TGBC,fulltime,yearly,0,senior_level,123754.0,10.0,University,General IT / Other IT Role
Client Support Specialist,fulltime,yearly,1,mid_level,88648.0,0.0,University,IT Support / Helpdesk
Systems Analyst V,fulltime,monthly,0,mid_level,6439.5,4.0,University,General IT / Other IT Role
Technology Product Manager,fulltime,yearly,0,senior_level,111715.5,5.0,University,IT Management / Director
Project Manager II - ASG,fulltime,yearly,0,senior_level,98941.0,5.0,University,Project / Program Management
Support Technician I,fulltime,yearly,0,mid_level,53406.0,3.0,University,IT Support / Helpdesk
Systems Administrator,fulltime,yearly,1,senior_level,64480.0,3.0,University,Network & Systems
Boomi Developer,fulltime,yearly,0,senior_level,81000.0,3.0,University,Software Development
Agilist II (947),contract,yearly,0,mid_level,101498.5,1.0,University,Other / Miscellaneous
Program Manager,fulltime,yearly,0,senior_level,139140.5,4.0,University,Project / Program Management
Network Developer,fulltime,yearly,0,entry_level,119212.5,1.0,University,Network & Systems
Oracle Health Lead Project Manager,fulltime,yearly,0,senior_level,146937.5,7.0,University,Project / Program Management
"Principal Product Manager, DB Cloud GTM, Outbound and Biz Dev /4",fulltime,yearly,0,senior_level,176596.0,10.0,University,IT Management / Director
"Manager, Information Systems Architecture",fulltime,yearly,0,mid_level,141969.0,8.0,University,IT Management / Director
Director of Product Management Oracle Health,fulltime,yearly,0,senior_level,211287.0,10.0,University,IT Management / Director
IT Support Specialist,fulltime,yearly,1,executive_level,90000.0,5.0,University,IT Support / Helpdesk
Chief Information Officer,internship,yearly,0,senior_level,187500.0,10.0,University,IT Management / Director
"Senior Director, Digital Core",fulltime,yearly,0,senior_level,223194.5,15.0,University,IT Management / Director
Systems Administrator - NISSC II,fulltime,yearly,1,mid_level,97500.0,2.0,University,Network & Systems
Junior Cyber Security Engineer IRES - SSFB/HSV,fulltime,yearly,1,entry_level,104800.0,4.0,University,Cybersecurity
Deputy Cyber Security Service Provider Product Team Lead IRES - SSFB,fulltime,yearly,0,mid_level,198500.0,18.0,University,Cybersecurity
Maximo Developer,fulltime,yearly,0,entry_level,124639.0,6.0,University,Software Development
Systems Engineer (AI/ML),fulltime,yearly,0,entry_level,175500.0,12.0,University,Network & Systems
Unified Communications Engineer,fulltime,yearly,1,mid_level,50500.0,2.0,University,General IT / Other IT Role
System Administrator (Wintel),fulltime,yearly,1,mid_level,66500.0,2.0,University,Network & Systems
UUV Technical Project Manager,fulltime,yearly,0,senior_level,175500.0,12.0,University,Project / Program Management
System Administrator (Wintel),fulltime,yearly,1,mid_level,66500.0,2.0,University,Network & Systems
SolarWinds System Administrator,fulltime,yearly,1,mid_level,86000.0,5.0,University,Network & Systems
IT Service Desk / Watch Stander Supervisor,fulltime,yearly,0,senior_level,104000.0,9.0,University,IT Support / Helpdesk
Network Engineer,fulltime,yearly,1,mid_level,86000.0,5.0,University,Network & Systems
"SITEC Network Administrator, Fort Liberty, NC",fulltime,yearly,1,mid_level,86000.0,2.0,University,Network & Systems
"Scrum Master, Lead Associate",fulltime,yearly,0,senior_level,112000.0,5.0,University,Project / Program Management
Program Analyst / Requirements Manager,fulltime,yearly,0,senior_level,175500.0,3.0,University,IT Management / Director
Mobile Forensic Analyst,fulltime,yearly,0,mid_level,112000.0,5.0,Online/Courses,Other / Miscellaneous
Microsoft Windows Engineer,fulltime,yearly,1,mid_level,86000.0,5.0,University,General IT / Other IT Role
Network Administrator and Information Assurance,fulltime,yearly,0,senior_level,105592.5,3.0,University,Network & Systems
"Sr. PMT-ES, Global Services Security",fulltime,yearly,0,senior_level,169591.0,5.0,University,Cybersecurity
"Sr. Technical Program Manager, NASC Engineering",fulltime,yearly,0,senior_level,182650.0,5.0,University,Project / Program Management
"Customer Incident Response, Customer Incident Response Team",fulltime,yearly,0,senior_level,138347.5,3.0,University,Other / Miscellaneous
Product Manager Hygiene Equipment,fulltime,yearly,0,senior_level,117917.0,7.0,University,IT Management / Director
Software Development Senior Director,fulltime,yearly,0,mid_level,219824.5,10.0,University,IT Management / Director
HR Business Solutions Analyst - Workday,fulltime,yearly,0,mid_level,124361.0,1.0,University,Other / Miscellaneous
"Senior Manager, Business Systems - Internal Only",fulltime,yearly,1,senior_level,175000.0,3.0,University,IT Management / Director
"Senior Technical Program Manager, Amazon",fulltime,yearly,0,senior_level,182650.0,3.0,University,Project / Program Management
"Azure Data Architect, Information Technology",fulltime,yearly,1,entry_level,142162.0,10.0,Online/Courses,Data & Analytics
NVIDIA DGX Infrastructure Architect,fulltime,yearly,0,senior_level,152107.0,13.0,University,Network & Systems
Lead SaaS Techno-Functional Analyst (ERP Financials),fulltime,yearly,0,senior_level,140994.0,12.0,University,General IT / Other IT Role
System Administrator,fulltime,yearly,0,senior_level,167800.0,10.0,University,Network & Systems
"System Development Engineer II, Annapurna Labs",fulltime,yearly,1,senior_level,158750.0,2.0,University,General IT / Other IT Role
"Data Center Chief Engineer, DCC Communities",fulltime,yearly,0,senior_level,133844.5,5.0,University,Data & Analytics
"Security Engineer , Global Services Security",fulltime,yearly,0,entry_level,174400.0,3.0,University,Cybersecurity
Scrum Master/Team Coach,internship,yearly,0,mid_level,201000.0,4.0,University,Project / Program Management
Lead Systems Specialist,internship,yearly,0,senior_level,120013.5,7.0,Online/Courses,Consulting / Specialist
"Principal Guidance Lead SA, Cloud Optimization Success",fulltime,yearly,1,senior_level,224400.0,10.0,University,General IT / Other IT Role
EDI/SAP Analyst,fulltime,yearly,0,senior_level,65000.0,5.0,University,Other / Miscellaneous
IT Program Manager,fulltime,yearly,1,senior_level,125000.0,4.0,University,Project / Program Management
Information Security Specialist III (Patch Management),fulltime,yearly,1,senior_level,71000.0,5.0,University,Cybersecurity
Systems Administrator - Intermediate,fulltime,yearly,0,executive_level,60000.0,3.0,University,Network & Systems
"Technical Program Manager, AWS Mecahnical/Thermal, Hardware Engineering Services",fulltime,yearly,0,senior_level,182650.0,5.0,University,Project / Program Management
"Senior Product Manager - Tech, Core Selling Partner Experience",fulltime,yearly,0,senior_level,185650.0,5.0,Online/Courses,IT Management / Director
Senior Solutions Architect (Federal Proposal Experience),contract,yearly,1,senior_level,225000.0,3.0,University,Consulting / Specialist
SharePoint Developer,fulltime,yearly,0,mid_level,137500.0,3.0,Online/Courses,Software Development
SCA - Computer Systems Analyst,fulltime,hourly,0,mid_level,60320.0,2.0,Online/Courses,General IT / Other IT Role
C5I Training and Readiness Analyst,fulltime,hourly,0,senior_level,104000.0,4.0,University,Data & Analytics
Computer Support Specialist,fulltime,hourly,0,senior_level,81120.0,5.0,Online/Courses,IT Support / Helpdesk
"Sr. Technical Program Manager, AWS Monetization, AWS Monetization - CP Escalations",fulltime,yearly,0,senior_level,182650.0,5.0,University,Project / Program Management
Operations Research Analyst,fulltime,hourly,0,senior_level,208000.0,10.0,University,Other / Miscellaneous
Data Center eWP Global Product Line Manager,fulltime,yearly,0,senior_level,123870.0,5.0,University,Data & Analytics
Intake Analyst / Jr. Architect (Remote Opportunity),fulltime,yearly,1,mid_level,105000.0,5.0,University,General IT / Other IT Role
"Sr. Systems Engineer - Prime Air, Prime Air",fulltime,yearly,0,senior_level,185650.0,5.0,University,Network & Systems
Senior Information Systems Security Officer,fulltime,yearly,0,senior_level,169771.0,10.0,University,Cybersecurity
"Invoice Verification Auditor, Process Solutions",fulltime,yearly,1,mid_level,57711.5,2.0,High School,General IT / Other IT Role
"Product Manager, Information Technology",fulltime,yearly,1,senior_level,99690.5,2.0,University,IT Management / Director
Program Manager - Privileged Access Management,internship,yearly,1,senior_level,157450.0,8.0,University,Project / Program Management
Data Center Operations Manager,fulltime,yearly,0,senior_level,119345.0,4.0,University,Data & Analytics
Senior Technical Program Manager,fulltime,yearly,1,senior_level,169861.0,15.0,University,Project / Program Management
OCI Cloud Architect,fulltime,yearly,0,senior_level,165333.0,10.0,University,General IT / Other IT Role
"Tech Support & Asset Management Supervisor - San Juan, PR",fulltime,yearly,0,senior_level,99864.5,5.0,University,IT Support / Helpdesk
Infrastructure Administrator,fulltime,yearly,0,senior_level,88751.0,2.0,University,Network & Systems
Customer Technical Support Representative,internship,yearly,0,senior_level,53668.5,1.0,University,IT Support / Helpdesk
"Sr. Program Manager, JWO",fulltime,yearly,0,senior_level,144550.0,5.0,University,Project / Program Management
"Sr. Program Manager, JWO",fulltime,yearly,0,senior_level,144550.0,5.0,University,Project / Program Management
Caregiver,other,hourly,0,senior_level,39520.0,2.0,High School,Other / Miscellaneous
Marketing Coordinator,fulltime,yearly,0,senior_level,55000.0,2.0,High School,Other / Miscellaneous
Kitchen Cook,fulltime,hourly,0,senior_level,42640.0,2.0,University,General IT / Other IT Role
Accountant,fulltime,yearly,0,senior_level,57500.0,3.0,University,Other / Miscellaneous
Wealth Management Assistant,contract,hourly,1,entry_level,56160.0,1.0,University,Other / Miscellaneous
Accounting Specialist - Limited-term/Sunset,fulltime,hourly,0,mid_level,66560.0,2.0,University,Consulting / Specialist
FYZICAL SE Boise Hiring PT – Full Benefits Package & 401K,fulltime,yearly,0,senior_level,72500.0,3.0,University,General IT / Other IT Role
Warehouse Specialiest - Japanese bilingual skill plus,fulltime,yearly,0,senior_level,62500.0,5.0,University,Other / Miscellaneous
Regional IT Manager,internship,yearly,0,senior_level,150000.0,10.0,University,IT Management / Director
Retail Department Coordinator,internship,hourly,0,mid_level,27040.0,1.0,University,Data & Analytics
Senior Systems & Security Engineer,internship,yearly,1,senior_level,107859.0,8.0,University,Cybersecurity
Electrical IT Inspector,fulltime,yearly,0,senior_level,131000.0,3.0,High School,IT Management / Director
Utility Construction Project Manager,fulltime,yearly,0,senior_level,82500.0,2.0,High School,Project / Program Management
"Mgr 3, Application Manager",contract,yearly,0,senior_level,79567.0,3.0,University,IT Management / Director
Diagnostic Medical Sonographer,internship,hourly,0,mid_level,76960.0,1.0,University,Other / Miscellaneous
"- Caregiver , 6 month experience, Neg TB Test, Registered Background, Benefits",fulltime,hourly,0,senior_level,46800.0,2.0,High School,General IT / Other IT Role
"Physician Family Practice-Without OB - Make up to $287,476/annually",internship,yearly,0,senior_level,287476.0,2.0,University,General IT / Other IT Role
Controller,fulltime,yearly,0,senior_level,120000.0,4.0,University,Other / Miscellaneous
Asset/Move Project Manager I (Relocation Project Manager),fulltime,yearly,0,senior_level,109000.0,8.0,University,Project / Program Management
Lead Wastewater Process Engineer,fulltime,yearly,0,entry_level,120000.0,15.0,University,General IT / Other IT Role
Senior IT Manager,fulltime,yearly,0,senior_level,135000.0,10.0,University,IT Management / Director
Customer Success Manager,internship,yearly,0,senior_level,164500.0,5.0,University,IT Management / Director
"Travel Nurse RN - Med Surg / Telemetry - $2,164 per week",contract,weekly,0,senior_level,2164.0,2.0,University,Other / Miscellaneous
Front Office Coordinator,internship,yearly,0,senior_level,62500.0,2.0,University,Other / Miscellaneous
Hospitalist,fulltime,yearly,0,senior_level,300300.0,5.0,University,General IT / Other IT Role
Level II Technician,fulltime,yearly,1,executive_level,45000.0,3.0,University,IT Support / Helpdesk
Technical Support Specialist - IT,fulltime,hourly,1,executive_level,85280.0,0.0,University,IT Support / Helpdesk
"Deskside Technician I - Seattle, WA",internship,hourly,1,senior_level,40560.0,1.0,University,IT Support / Helpdesk
Information Technology Manager,fulltime,yearly,0,senior_level,92500.0,0.0,University,IT Management / Director
Case Manager for Personal Injury Law Firm,fulltime,hourly,0,senior_level,50960.0,1.0,University,IT Management / Director
Estimator,fulltime,hourly,1,mid_level,64480.0,5.0,University,Other / Miscellaneous
Materials Specialist,fulltime,hourly,0,senior_level,46800.0,4.0,University,Consulting / Specialist
Psychiatric Mental Health Nurse Practitioner - South Anchorage,fulltime,yearly,1,senior_level,216400.0,2.0,University,General IT / Other IT Role
Electro-Mechanical Assembly Technician,fulltime,hourly,0,mid_level,54080.0,1.0,University,IT Support / Helpdesk
Medical Practice Manager,fulltime,yearly,0,senior_level,75000.0,10.0,University,IT Management / Director
Accounts Receivable Specialist -Solid Waste,fulltime,hourly,0,mid_level,49920.0,2.0,Online/Courses,Consulting / Specialist
Lead Handyman - Maintenance Technician,fulltime,hourly,0,senior_level,74880.0,3.0,University,IT Support / Helpdesk
Entry Level Sales Representative | Salt Lake City,internship,yearly,0,senior_level,49000.0,2.0,University,Intern / Entry Level
Community Manager - Project-Base Section8,fulltime,hourly,0,mid_level,65520.0,2.0,University,IT Management / Director
Financial Controller,contract,hourly,0,senior_level,93600.0,3.0,University,Other / Miscellaneous
Tech Consultant (Onsite Customer Facing Role),contract,weekly,1,senior_level,1225.0,3.0,University,Consulting / Specialist
IT Support Specialist,fulltime,hourly,0,senior_level,176800.0,3.0,University,IT Support / Helpdesk
"IT Manager, Hollywood House",internship,yearly,0,senior_level,90000.0,3.0,Bootcamp,IT Management / Director
MSP Project Engineer,fulltime,yearly,0,senior_level,80000.0,8.0,University,General IT / Other IT Role
IT Service Desk Analyst I,fulltime,yearly,1,mid_level,70683.5,0.0,University,IT Support / Helpdesk
System Administrator,fulltime,yearly,0,executive_level,66857.5,3.0,University,Network & Systems
Customer Service Team Member,internship,yearly,0,mid_level,48000.0,1.0,High School,Other / Miscellaneous
Clinical Supervisor (BCBA),fulltime,yearly,0,senior_level,77500.0,1.0,University,Other / Miscellaneous
Commercial Mortgage Loan Processor,fulltime,yearly,1,senior_level,84900.0,2.0,Online/Courses,Other / Miscellaneous
Account Manager/Customer Success,fulltime,yearly,0,senior_level,92500.0,2.0,University,IT Management / Director
"Licensed Social Worker / LMHC Health Coordinator - $5,000 Sign On - Field Based on Oahu, HI",internship,hourly,1,senior_level,85280.0,2.0,University,Other / Miscellaneous
Store Manager,fulltime,hourly,0,senior_level,39520.0,1.0,University,IT Management / Director
Information Security Engineer,fulltime,yearly,0,senior_level,92955.0,5.0,University,Cybersecurity
"Warehouse Utility Worker, Atlanta Airport",fulltime,hourly,0,executive_level,33280.0,0.0,University,Data & Analytics
"Unarmed Logistics Security Officer - Oakland, CA",parttime,hourly,0,senior_level,40560.0,1.0,High School,Cybersecurity
Sales Supervisor - Part Time,parttime,hourly,0,mid_level,45760.0,2.0,University,Other / Miscellaneous
Account Executive - Remote,fulltime,yearly,0,senior_level,63000.0,9.0,Online/Courses,Other / Miscellaneous
Payroll / HR Specialist,fulltime,hourly,0,senior_level,67600.0,3.0,University,Consulting / Specialist
Speech-Language Pathologist (100% Remote),fulltime,yearly,1,senior_level,83000.0,1.0,University,Other / Miscellaneous
"Sr Dir, CX Modernization",fulltime,yearly,0,senior_level,162500.0,8.0,University,Other / Miscellaneous
Kitchen Professional,fulltime,hourly,0,senior_level,32240.0,0.0,University,General IT / Other IT Role
"Store Leader (Store Manager) - $1,000 Signing Bonus",fulltime,yearly,0,senior_level,72500.0,2.0,University,IT Management / Director
Automotive Technician,fulltime,yearly,0,senior_level,75000.0,2.0,University,IT Support / Helpdesk
"Associate Manager -  Interview Tuesday, November 26th 11AM - 4PM",fulltime,hourly,0,mid_level,29120.0,10.0,University,IT Management / Director
Local Swing Route Driver,contract,hourly,1,senior_level,45760.0,3.0,High School,Other / Miscellaneous
"Travel Nurse RN - Long Term Care - $1,790 per week",temporary,weekly,0,senior_level,1790.0,1.0,University,Other / Miscellaneous
Production Coordinator - Global Events Team,internship,hourly,0,senior_level,54080.0,1.0,University,Other / Miscellaneous
Cath Lab / IR Technician - Traveler,fulltime,weekly,0,mid_level,2783.5,2.0,High School,IT Support / Helpdesk
"Travel LPN / LVN - Long Term Care - $2,080 per week",fulltime,weekly,0,mid_level,2080.0,2.0,University,Other / Miscellaneous
Sr. Billing & Administrative Specialist,internship,hourly,0,executive_level,69680.0,4.0,University,Consulting / Specialist
IT Business Analyst I,fulltime,hourly,0,senior_level,72800.0,2.0,University,Data & Analytics
Senior Administrative Analyst,fulltime,yearly,1,senior_level,85469.5,7.0,Online/Courses,Other / Miscellaneous
Principal Software Engineer,internship,yearly,1,senior_level,217500.0,15.0,University,Software Development
"Account Executive, Inside",internship,yearly,1,senior_level,78875.0,3.0,University,Other / Miscellaneous
Business Intelligence Engineer I,fulltime,yearly,0,executive_level,94000.0,3.0,University,General IT / Other IT Role
IT Specialist,fulltime,hourly,1,executive_level,52000.0,1.0,University,Consulting / Specialist
IT Specialist - Generous benefits!,fulltime,yearly,1,executive_level,82500.0,2.0,University,Consulting / Specialist
IT Systems Analyst for Manufacturing,temporary,yearly,0,senior_level,105000.0,5.0,University,General IT / Other IT Role
IT Support Specialist,internship,yearly,1,entry_level,70000.0,3.0,University,IT Support / Helpdesk
IT Support Engineer III,fulltime,hourly,1,senior_level,78000.0,3.0,University,IT Support / Helpdesk
Restaurant Manager,fulltime,yearly,0,senior_level,67500.0,0.0,University,IT Management / Director
Certified Personal Trainer,other,hourly,0,senior_level,111280.0,2.0,High School,Data & Analytics
Caregiver,parttime,hourly,0,senior_level,37440.0,0.0,University,Other / Miscellaneous
Resident Services Specialist,fulltime,hourly,0,senior_level,45760.0,3.0,University,Consulting / Specialist
Industrial Maintenance Technician,fulltime,hourly,0,senior_level,64480.0,17.0,Online/Courses,IT Support / Helpdesk
Support Services Technician,internship,yearly,0,mid_level,65249.0,1.0,University,IT Support / Helpdesk
NCCCO Crane Instructor,fulltime,hourly,0,senior_level,49920.0,2.0,University,IT Management / Director
Information Technology Manager,fulltime,yearly,1,senior_level,94425.0,5.0,University,IT Management / Director
Commercial Lines Account Manager - Insurance,fulltime,yearly,0,entry_level,57500.0,3.0,University,IT Management / Director
Senior Attorney,fulltime,yearly,0,senior_level,162500.0,5.0,University,Other / Miscellaneous
Window and Door Installer,fulltime,yearly,0,senior_level,65000.0,1.0,High School,Other / Miscellaneous
Regional Account Executive,fulltime,yearly,0,mid_level,65000.0,2.0,Online/Courses,Other / Miscellaneous
Registered Dietitian,fulltime,yearly,0,mid_level,82500.0,2.0,University,General IT / Other IT Role
IT Systems Administrator,fulltime,yearly,0,mid_level,77500.0,5.0,University,Network & Systems
Outside Sales Representative,fulltime,yearly,0,senior_level,100000.0,17.0,University,Other / Miscellaneous
Sales Ambassador,fulltime,yearly,0,senior_level,84106.5,12.0,University,Other / Miscellaneous
Full Charge Bookkeeper / Office Manager,fulltime,yearly,0,senior_level,65000.0,3.0,University,IT Management / Director
Azure Systems Administrator,fulltime,yearly,0,senior_level,82500.0,4.0,University,Network & Systems
Cost Accountant,fulltime,yearly,0,executive_level,90000.0,4.0,University,Other / Miscellaneous
Project Scheduler/ Cost Estimator,fulltime,hourly,0,senior_level,171600.0,20.0,University,Other / Miscellaneous
Head of Operations / Integrator [HT-872080],fulltime,yearly,1,senior_level,140000.0,5.0,University,IT Management / Director
Project Manager Construction,fulltime,yearly,0,senior_level,120000.0,3.0,University,Project / Program Management
AHB Group Field Sales National Small Lead Consultant,contract,yearly,0,mid_level,46362.5,5.0,University,Consulting / Specialist
Per Diem / PRN Certified Surgical Technologist - $36 per hour,internship,hourly,0,senior_level,74880.0,2.0,Online/Courses,General IT / Other IT Role
Associate Project Manager,contract,hourly,1,mid_level,93600.0,1.0,University,Project / Program Management
FT Dishwasher,fulltime,hourly,0,mid_level,35360.0,18.0,University,Other / Miscellaneous
FT Dishwasher,fulltime,hourly,0,mid_level,35360.0,18.0,University,Other / Miscellaneous
"Physician Surgery-General - Make up to $360,000/annually",contract,yearly,0,senior_level,360000.0,5.0,University,Other / Miscellaneous
"Project Manager, Global Process & System Automation, Megapack",fulltime,yearly,0,senior_level,100000.0,3.0,University,Project / Program Management
"Branch Manager (Fremont/Sacramento, CA)",fulltime,yearly,0,mid_level,110000.0,20.0,University,IT Management / Director
"SAP ABAP Developer Analyst || Pasadena, CA ( Hybrid 3 days a week onsi",contract,hourly,1,senior_level,135200.0,7.0,University,Software Development
"Travel Nurse RN - ICU - Intensive Care Unit - $3,132 per week",fulltime,weekly,0,senior_level,3132.0,2.0,University,General IT / Other IT Role
"Travel Nurse RN - ICU - Intensive Care Unit - $2,500 per week",contract,weekly,0,senior_level,2500.0,1.0,University,General IT / Other IT Role
Customer Technical Specialists,internship,yearly,1,mid_level,50500.0,0.0,University,Consulting / Specialist
"Travel Nurse RN - Cardiac Cath Lab - $3,594 per week",internship,weekly,0,senior_level,3594.0,20.0,University,Other / Miscellaneous
Client Services Specialist,fulltime,hourly,1,senior_level,61360.0,3.0,University,Consulting / Specialist
Desktop Engineer,internship,yearly,1,executive_level,81650.0,5.0,Online/Courses,General IT / Other IT Role
"Sr Staff Software Engineer, Embedded Payroll Canada",internship,yearly,1,senior_level,252000.0,10.0,Online/Courses,Software Development
Peer Coach,internship,hourly,0,senior_level,49920.0,3.0,University,Other / Miscellaneous
Sales / Account Executive,fulltime,yearly,0,senior_level,50000.0,1.0,University,Other / Miscellaneous
CNC Machinist Supervisor,fulltime,hourly,0,mid_level,76960.0,5.0,University,Other / Miscellaneous
Linespotter/Sr. Linespotter,fulltime,yearly,1,entry_level,51200.0,4.0,High School,Other / Miscellaneous
BCBA or LBS (Lehigh Valley),fulltime,yearly,0,senior_level,72500.0,20.0,University,Other / Miscellaneous
Team Member,parttime,hourly,0,senior_level,38480.0,1.0,University,Other / Miscellaneous
Manager - IT Identity and Access Management,internship,yearly,0,mid_level,132400.0,5.0,University,IT Management / Director
Customer Service - Consumer Experience,internship,yearly,0,entry_level,50000.0,1.0,High School,Other / Miscellaneous
Enterprise Applications Project Manager,fulltime,yearly,0,senior_level,82500.0,3.0,University,Project / Program Management
It Junior Software Developer,fulltime,yearly,0,entry_level,70000.0,2.0,University,Software Development
Adjunct RN (OBGYN) Clinical Instructor of PM,parttime,hourly,0,mid_level,119600.0,0.0,High School,IT Management / Director
2024-2025 SY SY: IT Help Desk Lead Technician,contract,yearly,1,senior_level,51301.5,5.0,University,IT Support / Helpdesk
Echocardiographer PRN,fulltime,hourly,0,senior_level,111280.0,15.0,University,Other / Miscellaneous
Deputy Director,fulltime,yearly,0,senior_level,85000.0,5.0,University,IT Management / Director
Front of House - Competitive Pay - Dripping Springs,fulltime,hourly,0,senior_level,24960.0,0.0,Online/Courses,General IT / Other IT Role
Product Marketing Manager,contract,hourly,1,senior_level,161200.0,5.0,University,IT Management / Director
Maintenance Buyer,internship,yearly,0,senior_level,80000.0,3.0,University,Data & Analytics
Regional IT Site Support Team Lead - West,internship,yearly,0,senior_level,92500.0,5.0,University,IT Support / Helpdesk
SPECIALTY MOBILE HEALTHCARE SALES SUPPORT,internship,yearly,1,senior_level,80000.0,3.0,High School,IT Support / Helpdesk
Physical Therapist (PT),fulltime,yearly,0,senior_level,108500.0,1.0,University,Other / Miscellaneous
"Coordinator, Product Development",contract,hourly,0,mid_level,52000.0,1.0,University,Other / Miscellaneous
"Procurement Category Manager, Freight and Logistics",internship,yearly,0,senior_level,125500.0,0.0,University,IT Management / Director
Accounts Payable & Facilities Associate - Onsite,fulltime,yearly,0,mid_level,55000.0,2.0,High School,General IT / Other IT Role
"Travel CT Technologist - $2,700 per week",contract,weekly,0,senior_level,2700.0,2.0,University,General IT / Other IT Role
"Travel Cardiac Sonographer - $2,517 per week",internship,weekly,0,mid_level,2517.0,0.0,University,Other / Miscellaneous
Project Manager II,internship,yearly,0,senior_level,82250.0,5.0,University,Project / Program Management
IT Logistics Technician,fulltime,yearly,0,senior_level,55000.0,1.0,University,IT Support / Helpdesk
"Manager, IT Operations",fulltime,yearly,1,senior_level,116301.0,5.0,University,IT Management / Director
Technical Program Manager /EE HW,"fulltime, contract",yearly,0,senior_level,137500.0,2.0,University,Project / Program Management
Project Manager,fulltime,yearly,1,senior_level,117495.0,5.0,University,Project / Program Management
Global Cloud Services Support Engineer,fulltime,yearly,1,executive_level,93083.0,3.0,University,IT Support / Helpdesk
HRIS Analyst - Dayforce,fulltime,yearly,1,senior_level,101324.0,8.0,University,Other / Miscellaneous
Infrastructure Project Manager,fulltime,yearly,1,senior_level,112500.0,2.0,High School,Network & Systems
"Principal Systems Engineer, Product Development",internship,yearly,0,senior_level,170159.0,3.0,University,Network & Systems
"Capacity Delivery Manager, Infrastructure Capacity Management",fulltime,yearly,0,senior_level,156050.0,3.0,University,Network & Systems
"Senior Product Manager, Supply Chain Innovation",fulltime,yearly,0,senior_level,165250.0,5.0,University,Data & Analytics
Information Technology Supervisor,fulltime,yearly,0,mid_level,75000.0,4.0,University,General IT / Other IT Role
Information Systems Security Officer (ISSO) *REMOTE*,fulltime,yearly,1,mid_level,148000.0,10.0,University,Cybersecurity
Systems Engineer,fulltime,yearly,0,senior_level,167958.5,10.0,University,Network & Systems
Director Data Center AirReps,fulltime,yearly,0,senior_level,167280.0,10.0,University,Data & Analytics
"Corporate Security Lead, North America (USA, Canada & Puerto Rico)",fulltime,yearly,0,senior_level,117945.0,10.0,University,Cybersecurity
Resource Protection Analyst,fulltime,yearly,1,senior_level,78368.0,0.0,University,Other / Miscellaneous
PACS and IT Systems Analyst,fulltime,yearly,0,mid_level,66193.0,5.0,University,General IT / Other IT Role
Project Manager,fulltime,yearly,0,senior_level,117264.5,5.0,University,Project / Program Management
SAP Business Process Lead,fulltime,yearly,0,senior_level,136017.0,10.0,University,Other / Miscellaneous
Sr. Product Manager - Paze Fraud Risk,fulltime,yearly,0,senior_level,165000.0,4.0,University,IT Management / Director
SAP Operations Senior Analyst (Remote),fulltime,yearly,1,mid_level,132500.0,18.0,University,Other / Miscellaneous
SIEM Analyst (HYBRID),fulltime,yearly,1,mid_level,145000.0,3.0,University,Other / Miscellaneous
Facility Security Officer (FSO)/Information Systems Security Manager (ISSM),fulltime,yearly,0,senior_level,140000.0,5.0,University,Cybersecurity
MSP Network and Systems Engineer,fulltime,yearly,0,senior_level,70000.0,2.0,Online/Courses,Network & Systems
Lead Creative Technologist,fulltime,yearly,0,senior_level,150000.0,8.0,University,General IT / Other IT Role
Practice Director Data Science,fulltime,yearly,0,senior_level,145000.0,10.0,University,Data & Analytics
Senior IT Auditor,internship,yearly,0,senior_level,126200.0,3.0,University,General IT / Other IT Role
Assembler and Technical Support Specialist,fulltime,yearly,0,mid_level,37500.0,2.0,High School,IT Support / Helpdesk
Network Support Engineer,fulltime,yearly,1,mid_level,75249.0,0.0,University,IT Support / Helpdesk
Global Program Manager - Lifecycle Services,fulltime,yearly,0,senior_level,120907.0,5.0,University,Project / Program Management
Staff Systems Engineer - NextThink,fulltime,yearly,1,senior_level,144150.0,4.0,University,Network & Systems
Systems Security Architect,"fulltime, contract",hourly,1,entry_level,140400.0,7.0,University,Cybersecurity
Product Manager,fulltime,yearly,0,senior_level,97500.0,5.0,University,IT Management / Director
Scrum Master,"fulltime, contract",hourly,1,senior_level,140400.0,7.0,University,Project / Program Management
Systems Engineer,fulltime,yearly,1,senior_level,105000.0,8.0,Online/Courses,Network & Systems
Help Desk Technician Tier 1,fulltime,yearly,0,entry_level,42500.0,1.0,High School,IT Support / Helpdesk
IT Lead - SAP RTR,fulltime,yearly,1,senior_level,140858.0,8.0,University,General IT / Other IT Role
Journeyman Configuration Data Manager 1,fulltime,yearly,0,senior_level,80966.5,6.0,High School,Data & Analytics
IT Support,fulltime,yearly,0,entry_level,65454.0,0.0,High School,IT Support / Helpdesk
"Director, Engineering",fulltime,yearly,1,senior_level,206081.0,8.0,University,IT Management / Director
Site Security Manager,fulltime,yearly,0,senior_level,151047.0,8.0,University,Cybersecurity
Manager Product Management,fulltime,yearly,0,mid_level,163400.0,8.0,University,IT Management / Director
Salesforce Developer,contract,yearly,0,senior_level,122244.5,7.0,University,Software Development
IT Business Relationship Manager,fulltime,hourly,0,senior_level,111280.0,5.0,University,IT Management / Director
Desktop Support Technician,contract,hourly,0,mid_level,52000.0,1.0,High School,IT Support / Helpdesk
"Theater SOF Systems Engineer (Cross-Cutting, Joint & Coalition)",fulltime,yearly,0,senior_level,142501.5,5.0,University,Network & Systems
Lead Applied Cybersecurity Engineer,fulltime,yearly,0,senior_level,173479.0,6.0,University,Cybersecurity
Cybersecurity Engineer,fulltime,yearly,0,senior_level,166062.5,5.0,University,Cybersecurity
Sr Server Engineer,fulltime,yearly,1,senior_level,99423.5,3.0,High School,General IT / Other IT Role
Senior Network Architect,fulltime,yearly,0,senior_level,157500.0,10.0,University,Network & Systems
Business Technical Analyst,fulltime,yearly,0,senior_level,94858.5,3.0,University,General IT / Other IT Role
"Application Analyst - Senior - Shoreview, MN","temporary, fulltime, contract",hourly,1,senior_level,124800.0,7.0,University,Other / Miscellaneous
Associate Implementation Specialist,contract,hourly,0,mid_level,75920.0,2.0,University,Consulting / Specialist
"Business Systems Analyst- Remote, USA",fulltime,yearly,1,mid_level,91500.0,4.0,University,General IT / Other IT Role
Sales Representative - Managed Network Services,fulltime,yearly,0,senior_level,87500.0,5.0,University,Network & Systems
Senior JIRA/Atlassian Administrator,internship,yearly,0,senior_level,85000.0,5.0,University,Other / Miscellaneous
"Senior Analyst, Product Management",fulltime,yearly,0,senior_level,90000.0,4.0,University,Other / Miscellaneous
Identity and Access Management (IAM) Engineer - Tempus,fulltime,yearly,1,mid_level,126100.0,5.0,University,General IT / Other IT Role
Payment Card Industry (PCI) Expert - Tempus,fulltime,yearly,1,mid_level,111150.0,5.0,University,Other / Miscellaneous
Sr Systems Engineer,fulltime,yearly,0,mid_level,112500.0,5.0,University,Network & Systems
IT Strategic Sourcing Lead,fulltime,yearly,0,senior_level,140000.0,5.0,University,General IT / Other IT Role
NOC Tier I (Hybrid),internship,yearly,0,senior_level,51040.0,2.0,University,Other / Miscellaneous
"Product Manager, Assessment Delivery",fulltime,yearly,1,senior_level,135000.0,5.0,University,IT Management / Director
Telecommunications Engineer,fulltime,yearly,0,senior_level,110853.5,1.0,University,General IT / Other IT Role
IT Operations Project Manager,fulltime,yearly,1,mid_level,94000.0,7.0,University,Project / Program Management
ServiceNow HRSD Development || 100% Remote (W2 opportunity - GC/USC Only),contract,yearly,1,senior_level,128679.5,3.0,University,General IT / Other IT Role
Program Director,fulltime,yearly,1,mid_level,207600.0,7.0,University,IT Management / Director
Systems Administrator III,fulltime,yearly,0,entry_level,83092.0,8.0,University,Network & Systems
Business Technical Analyst,fulltime,yearly,0,senior_level,86013.5,3.0,University,General IT / Other IT Role
Training and Support Coordinator,fulltime,yearly,1,senior_level,59000.0,4.0,University,IT Support / Helpdesk
NetSuite Administrator,internship,yearly,0,executive_level,92845.0,3.0,University,General IT / Other IT Role
Endpoint Manager,fulltime,yearly,0,senior_level,119649.5,5.0,University,IT Management / Director
Telecommunications Infrastructure Hybrid Remote,"fulltime, contract",yearly,1,entry_level,160000.0,3.0,High School,Network & Systems
Dynamics 365 CRM Specialists,fulltime,yearly,0,mid_level,80620.0,3.0,University,Consulting / Specialist
Engineering Systems Analyst,fulltime,yearly,0,senior_level,107400.0,5.0,University,General IT / Other IT Role
Solution Owner,fulltime,yearly,1,mid_level,143965.0,7.0,Online/Courses,Other / Miscellaneous
ERP Specialist,fulltime,yearly,0,mid_level,57968.5,5.0,High School,Consulting / Specialist
Solution Center Engineer II,fulltime,yearly,1,mid_level,66000.0,3.0,University,General IT / Other IT Role
Linux Administrator,fulltime,yearly,0,entry_level,93138.0,3.0,University,Other / Miscellaneous
IT Administrative Support/ Desktop Support,contract,hourly,1,mid_level,38480.0,1.0,University,IT Support / Helpdesk
"Director, Technology Management",fulltime,yearly,1,senior_level,199250.0,8.0,University,IT Management / Director
"Assistant Product Manager, Tara Toy",fulltime,yearly,0,senior_level,75000.0,5.0,University,IT Management / Director
Information Technology (IT) Support Technician,fulltime,yearly,0,senior_level,60000.0,2.0,University,IT Support / Helpdesk
IT Desktop Field Analyst,contract,hourly,1,mid_level,57200.0,5.0,University,General IT / Other IT Role
Critical Environments Operator IV,fulltime,yearly,0,mid_level,78640.0,10.0,Online/Courses,General IT / Other IT Role
Healthcare Security Engineer,fulltime,yearly,0,senior_level,97726.5,2.0,University,Cybersecurity
Director IT Security CISO,fulltime,yearly,1,mid_level,162218.5,10.0,University,Cybersecurity
Senior Systems Engineer (Modern Workplace + Automation),fulltime,yearly,1,senior_level,130000.0,8.0,Bootcamp,Network & Systems
"DAS Field Engineer - Raleigh, NC",fulltime,yearly,1,entry_level,70624.5,2.0,University,General IT / Other IT Role
Sr Product Owner (Blue Connect),fulltime,yearly,0,senior_level,141600.0,5.0,University,Other / Miscellaneous
IT Support Specialist,internship,yearly,1,mid_level,51066.0,2.0,Online/Courses,IT Support / Helpdesk
Technical Specialist 3,contract,yearly,0,senior_level,114883.0,8.0,University,Consulting / Specialist
IT Digital Product Owner,internship,yearly,0,senior_level,110091.0,5.0,University,General IT / Other IT Role
Senior Infrastructure Engineer,fulltime,yearly,0,entry_level,110000.0,8.0,Online/Courses,Network & Systems
Information Technology Manager,fulltime,yearly,1,mid_level,73000.0,2.0,University,IT Management / Director
HRIS Systems Analyst,fulltime,yearly,0,mid_level,91854.0,3.0,University,General IT / Other IT Role
Staff Product Manager,fulltime,yearly,0,senior_level,194000.0,3.0,University,IT Management / Director
Senior Manager of Analytics,fulltime,yearly,0,senior_level,133700.0,0.0,University,Data & Analytics
T3 BMDED Engineer,fulltime,yearly,1,senior_level,135000.0,10.0,University,General IT / Other IT Role
IT Generalist,internship,hourly,0,executive_level,78000.0,1.0,High School,General IT / Other IT Role
Systems Administrator - 2 open roles - DOE or DoD TS clearance,fulltime,yearly,0,senior_level,98556.0,1.0,University,Network & Systems
AV/IT Field Service Technician,parttime,yearly,0,senior_level,61228.5,3.0,University,IT Support / Helpdesk
CRMSO Senior Project Manager,fulltime,yearly,0,entry_level,121912.5,8.0,University,Project / Program Management
Tech Solutions Admin,fulltime,yearly,1,mid_level,76650.0,0.0,University,General IT / Other IT Role
Cybersecurity Manager,fulltime,yearly,0,mid_level,117997.0,11.0,University,Cybersecurity
SAP IBP Analyst IV,fulltime,yearly,0,senior_level,106816.5,10.0,University,Other / Miscellaneous
Program Analyst,fulltime,yearly,1,mid_level,97500.0,5.0,University,Other / Miscellaneous
Cloud Data Architect,fulltime,yearly,0,mid_level,104402.0,5.0,University,Data & Analytics
Workday Architect,fulltime,yearly,0,mid_level,144427.5,5.0,University,General IT / Other IT Role
Advanced Systems Engineer,internship,yearly,0,senior_level,114683.5,6.0,University,Network & Systems
Sr. Salesforce Developer,contract,hourly,0,senior_level,128960.0,7.0,University,Software Development
Delivery Manager,internship,yearly,1,senior_level,126692.0,5.0,University,IT Management / Director
Associate Cybersecurity Advisor,fulltime,yearly,0,mid_level,78372.0,2.0,University,Cybersecurity
Information Systems Security Officer,fulltime,yearly,0,mid_level,170000.0,8.0,University,Cybersecurity
Help Desk Analyst | Level 2 (Remote),fulltime,yearly,1,mid_level,75000.0,1.0,University,IT Support / Helpdesk
Project Manager,contract,hourly,0,senior_level,83200.0,1.0,University,Project / Program Management
PDK Developer,fulltime,yearly,0,senior_level,147500.0,5.0,University,Software Development
Agile Coach Project Manager,fulltime,yearly,0,senior_level,121770.0,5.0,University,Project / Program Management
NetSuite Consultant,fulltime,yearly,1,senior_level,120000.0,6.0,University,Consulting / Specialist
Workday Program Manager (Remote),contract,hourly,1,senior_level,161200.0,7.0,University,Project / Program Management
Security Engineer,fulltime,yearly,1,senior_level,127288.5,5.0,University,Cybersecurity
IT Director,fulltime,yearly,0,senior_level,72500.0,5.0,University,IT Management / Director
Sr Manager ITSM,fulltime,yearly,0,senior_level,119984.5,10.0,University,IT Management / Director
Director of Product Integrations,fulltime,yearly,0,senior_level,197500.0,7.0,University,IT Management / Director
IT Coordinator II,fulltime,yearly,1,mid_level,71234.0,5.0,University,General IT / Other IT Role
Application Analyst,"temporary, fulltime, contract",hourly,1,senior_level,124800.0,7.0,University,Other / Miscellaneous
Senior/Staff Software Engineer - Business Systems,fulltime,yearly,0,entry_level,240000.0,8.0,University,Software Development
Senior PeopleSoft Financial Developer (Information Technology Analyst 3 (40 Hour)),fulltime,yearly,0,mid_level,128907.0,10.0,University,Software Development
Cloud Security Solutions Engineer - Mid-Atlantic region (Remote),internship,yearly,1,senior_level,141372.5,5.0,University,Cybersecurity
Product Management Director,internship,yearly,0,senior_level,180000.0,7.0,University,IT Management / Director
PRODUCT MANAGER I- SALESFORCE,fulltime,yearly,0,senior_level,130605.5,5.0,University,IT Management / Director
Senior Technical Product Manager,fulltime,yearly,1,senior_level,175000.0,4.0,University,IT Management / Director
SAP PEO Lead -with Aerospace & Defense,contract,yearly,1,senior_level,140366.5,12.0,University,General IT / Other IT Role
Business Applications Trainer (Hybrid),internship,hourly,0,senior_level,85280.0,3.0,Online/Courses,Data & Analytics
Oracle Functional Consultant(w2 only),contract,hourly,1,senior_level,138320.0,7.0,University,Consulting / Specialist
Business Solutions Manager I,fulltime,yearly,0,senior_level,100431.0,5.0,University,IT Management / Director
"Senior Information Security Engineer, FedRAMP",fulltime,yearly,0,senior_level,202950.0,8.0,University,Cybersecurity
"IT Support Engineer - Contractor, Part-time","parttime, fulltime, contract",hourly,1,executive_level,67600.0,2.0,University,IT Support / Helpdesk
"Director, BPO Strategy & Governance",fulltime,yearly,1,mid_level,201650.0,10.0,University,IT Management / Director
"Senior Software Engineer, Google Cloud Platforms",fulltime,yearly,0,senior_level,200000.0,5.0,Online/Courses,Software Development
"Product Manager II, Search Personalized Quality",fulltime,yearly,0,senior_level,176500.0,5.0,University,IT Management / Director
"Group Outbound Product Manager, Google Cloud",fulltime,yearly,0,senior_level,259500.0,10.0,Online/Courses,IT Management / Director
"Software Engineer III, Infrastructure, Platforms Infrastructure Engineering",fulltime,yearly,0,senior_level,168000.0,2.0,Online/Courses,Network & Systems
"Technical Program Manager, New Pixel Device Programs",fulltime,yearly,0,senior_level,210000.0,8.0,University,Project / Program Management
Technical Program Manager,fulltime,yearly,0,senior_level,96725.0,4.0,Online/Courses,Project / Program Management
DFT Engineer MBIST/IOBIST/ATPG,fulltime,yearly,0,senior_level,148500.0,8.0,University,General IT / Other IT Role
ENTERPRISE PROJECT MANAGER-SENIOR - 63340,fulltime,monthly,0,senior_level,11239.5,5.0,University,Project / Program Management
Product Owner,fulltime,yearly,1,senior_level,106968.0,3.0,University,Other / Miscellaneous
"Director, Design Assurance",internship,yearly,1,mid_level,161884.0,10.0,University,IT Management / Director
Benefits Technology Specialist - Remote,fulltime,yearly,0,senior_level,65000.0,3.0,University,Consulting / Specialist
Senior Network Engineer,contract,yearly,1,senior_level,119457.0,5.0,University,Network & Systems
SAP S/4HANA Functional Consultant for implementation of S/4H segmentation functionalities,contract,yearly,0,senior_level,175536.0,10.0,University,Consulting / Specialist
Level 2 / Escalation Helpdesk Engineer,fulltime,yearly,1,mid_level,80000.0,7.0,University,General IT / Other IT Role
"Program Manager, Business Resilience and Continuity (Hybrid)",fulltime,yearly,0,senior_level,133382.0,10.0,University,Project / Program Management
Security Administration Analyst,fulltime,hourly,0,mid_level,60320.0,3.0,High School,Cybersecurity
"VP - Head of Technology, Innovative Medicine LATAM",contract,yearly,0,mid_level,275250.0,15.0,University,IT Management / Director
Agile Coach Project Manager,fulltime,yearly,0,senior_level,107500.0,4.0,University,Project / Program Management
Network Security Engineer Only W2,contract,yearly,1,entry_level,106965.0,10.0,University,Network & Systems
IT Administrative Support,fulltime,hourly,1,mid_level,28080.0,1.0,University,IT Support / Helpdesk
Implementation Consultant,fulltime,yearly,1,senior_level,42500.0,1.0,High School,Consulting / Specialist
IT Specialist,fulltime,yearly,0,mid_level,57500.0,1.0,High School,Consulting / Specialist
Desktop Support Technician I,fulltime,yearly,0,senior_level,64491.0,1.0,Online/Courses,IT Support / Helpdesk
Domain Architect,"fulltime, contract",hourly,1,mid_level,163280.0,10.0,University,Data & Analytics
SharePoint Developer,contract,yearly,1,mid_level,127671.0,5.0,Online/Courses,Software Development
IT Project Lead/ Manager (Data Center/ On-premises to Cloud Migrations/ AWS),"fulltime, contract",hourly,1,senior_level,140400.0,8.0,University,Data & Analytics
Modeling and Simulation Engineer,fulltime,yearly,1,senior_level,127500.0,2.0,Online/Courses,General IT / Other IT Role
Extended Expertise Consultant/Network Security Consultant,contract,hourly,1,senior_level,145600.0,5.0,University,Network & Systems
"Staff Analyst, Information Systems",fulltime,yearly,1,senior_level,151594.5,3.0,Online/Courses,General IT / Other IT Role
Regional Product Support Engineer 4,internship,yearly,1,senior_level,139376.5,3.0,University,IT Support / Helpdesk
M&S Technical Project Manager,fulltime,yearly,1,senior_level,145000.0,2.0,University,Project / Program Management
Credentialed Trainer - IT EPIC Clinical - Full Time,fulltime,yearly,0,mid_level,43038.0,2.0,High School,Data & Analytics
D365 (Finance) Microsoft Consultant,"fulltime, contract",hourly,1,senior_level,182000.0,10.0,Online/Courses,Consulting / Specialist
Senior Training Specialist,fulltime,yearly,1,senior_level,110000.0,5.0,University,Data & Analytics
Oracle Cloud Financials - Manager,fulltime,yearly,1,senior_level,164211.5,10.0,University,IT Management / Director
IT Systems Analyst,internship,yearly,0,senior_level,84400.0,4.0,University,General IT / Other IT Role
Senior Data Center Engineer,fulltime,yearly,0,senior_level,121500.0,7.0,University,Data & Analytics
Project Manager- Assistive technologies,contract,hourly,0,senior_level,130000.0,3.0,University,Project / Program Management
Health IT Project Manager,fulltime,yearly,1,senior_level,132500.0,7.0,University,Project / Program Management
ARIS Administrator only W2,"fulltime, contract",yearly,1,senior_level,111281.5,3.0,University,Other / Miscellaneous
ERP Information System Analyst - HRIS,fulltime,yearly,0,mid_level,92730.5,10.0,High School,Other / Miscellaneous
"Program Manager, Healthcare Experience",fulltime,hourly,1,senior_level,111280.0,3.0,University,Project / Program Management
Sr. Data Center Engineer,fulltime,hourly,0,senior_level,130000.0,5.0,Online/Courses,Data & Analytics
The System Integration Manager,fulltime,yearly,1,senior_level,143568.5,3.0,University,IT Management / Director
Technical Program Manager / Team Lead,fulltime,yearly,1,senior_level,125000.0,5.0,University,Project / Program Management
AWS cloud Network Engineer,fulltime,yearly,1,senior_level,112500.0,0.0,University,Network & Systems
Application Rationalization Specialist/IT Portfolio Optimization Consultant,fulltime,yearly,0,senior_level,86215.5,3.0,University,Consulting / Specialist
Manager of DevSecOps,fulltime,yearly,0,entry_level,135642.0,3.0,University,Cybersecurity
"Manager of Security Architecture, Identity, and Governance",fulltime,yearly,0,senior_level,140642.0,8.0,University,Cybersecurity
System Admin (Korean),contract,monthly,0,entry_level,6600.0,1.0,University,Other / Miscellaneous
Project Manager 3 | EPMO,fulltime,yearly,1,senior_level,103521.5,5.0,University,Project / Program Management
Expert Systems Engineer,fulltime,yearly,1,entry_level,177000.0,18.0,University,Network & Systems
Team Lead - Operational Threats and Analysis (OTA),fulltime,yearly,0,senior_level,135000.0,9.0,University,Other / Miscellaneous
SITEC - Systems Administrator,fulltime,yearly,0,mid_level,135000.0,12.0,University,Network & Systems
IT Manager,fulltime,yearly,1,senior_level,77000.0,5.0,University,IT Management / Director
Network Support Administrator,"fulltime, contract",yearly,0,senior_level,75000.0,2.0,University,IT Support / Helpdesk
Environmental Client Project Manager - (Stack),fulltime,yearly,0,mid_level,105000.0,5.0,High School,Project / Program Management
SAP RAR Consultant,internship,yearly,1,mid_level,140449.5,5.0,University,Consulting / Specialist
Deskside Support Technician,fulltime,yearly,0,senior_level,57500.0,5.0,University,IT Support / Helpdesk
System Administrator,fulltime,yearly,0,senior_level,52582.5,1.0,High School,Network & Systems
"Commercial Project Manager, Professional Services, Specialty Contractors",fulltime,yearly,1,senior_level,72675.0,5.0,University,Project / Program Management
"Manager, IT Risk & Controls",fulltime,yearly,0,senior_level,128060.5,7.0,University,IT Management / Director
Technology Innovator,fulltime,yearly,0,mid_level,67751.0,6.0,University,General IT / Other IT Role
Managing Director - Digital Learning Content,internship,yearly,0,senior_level,137198.0,3.0,University,IT Management / Director
Service Provider Network Engineer,fulltime,yearly,0,senior_level,170188.5,10.0,University,Network & Systems
OpenShift Engineer,fulltime,yearly,1,mid_level,124000.0,6.0,University,General IT / Other IT Role
Senior Network Security Engineer - MicroSegmentation,fulltime,yearly,1,mid_level,137500.0,10.0,University,Network & Systems
Scrum Master - SI Engineering Initiatives,internship,yearly,1,mid_level,80000.0,1.0,High School,Project / Program Management
Support Technician - Information Technology (Temporary),fulltime,hourly,1,mid_level,78000.0,5.0,University,IT Support / Helpdesk
Scrum Master II,fulltime,yearly,0,senior_level,102288.5,5.0,University,Project / Program Management
Digital Forensics and Incident Response Consultant,fulltime,yearly,1,senior_level,103768.5,2.0,University,Consulting / Specialist
Business Solution Lead,internship,yearly,0,senior_level,96293.0,5.0,University,Other / Miscellaneous
Site IT Engineer - Avon Lake Ohio,fulltime,yearly,0,senior_level,83107.0,1.0,Online/Courses,General IT / Other IT Role
System Administrator,fulltime,yearly,1,mid_level,75000.0,5.0,University,Network & Systems
ERP Administrator - Syspro,fulltime,yearly,0,senior_level,109820.0,5.0,University,Other / Miscellaneous
Oracle Recruiting Cloud Techno-Functional Specialist,fulltime,yearly,0,senior_level,142500.0,3.0,University,Consulting / Specialist
IT,fulltime,yearly,1,senior_level,137000.0,3.0,University,General IT / Other IT Role
Senior Privacy Consultant,internship,yearly,1,senior_level,116650.0,3.0,University,Consulting / Specialist
IT Network Specialist,fulltime,yearly,0,executive_level,92500.0,6.0,University,Network & Systems
Product Support,fulltime,hourly,1,senior_level,39520.0,2.0,High School,IT Support / Helpdesk
Systems Architect I - Cloud Infrastructure,fulltime,yearly,0,mid_level,118293.5,5.0,High School,Network & Systems
Business Solutions Consultant,fulltime,yearly,1,mid_level,134000.0,20.0,University,Consulting / Specialist
IT/Helpdesk Support/ Systems Administrator,fulltime,yearly,0,mid_level,60000.0,3.0,University,IT Support / Helpdesk
Senior Technical Product Manager,fulltime,yearly,1,mid_level,142000.0,7.0,Online/Courses,IT Management / Director
Network Engineer,fulltime,yearly,1,senior_level,123800.0,10.0,University,Network & Systems
Red Team Operator,fulltime,yearly,1,senior_level,98700.0,5.0,University,Other / Miscellaneous
Market Director Revenue Analysis,fulltime,yearly,0,senior_level,124172.0,8.0,University,IT Management / Director
IT Administrative Support,internship,yearly,1,mid_level,42346.0,1.0,University,IT Support / Helpdesk
IT Administrative Support,contract,yearly,0,mid_level,43436.0,1.0,University,IT Support / Helpdesk
Help Desk Analyst,contract,yearly,0,entry_level,55861.5,6.0,University,IT Support / Helpdesk
Networking Specialist,"parttime, fulltime",yearly,1,mid_level,58049.5,1.0,University,Network & Systems
"Manager, Cloud Platform Engineering",contract,yearly,0,mid_level,155400.0,3.0,University,IT Management / Director
PC Technician I,fulltime,hourly,1,mid_level,55120.0,2.0,High School,IT Support / Helpdesk
Sr. Medical Staff System Administrator,fulltime,yearly,1,mid_level,125042.0,5.0,University,Network & Systems
Network Solutions Principal Architect,fulltime,yearly,1,mid_level,112500.0,7.0,High School,Network & Systems
Navy ADNS / CANES Networks Tech (4215),fulltime,hourly,0,mid_level,73840.0,5.0,High School,Network & Systems
Systems Project Manager (Remote),internship,yearly,1,mid_level,133250.0,8.0,University,Project / Program Management
Score Reporting Project Manager,fulltime,yearly,1,entry_level,94332.0,5.0,Online/Courses,Project / Program Management
Vice President of Real Estate,fulltime,yearly,0,senior_level,137582.5,5.0,University,IT Management / Director
Tech Lead - Contact Center Technology (OMAHA),fulltime,yearly,1,entry_level,139556.5,3.0,University,General IT / Other IT Role
RBAC Solutions Integration Specialist,internship,yearly,0,senior_level,169366.5,5.0,University,Consulting / Specialist
"Senior Manager, IT Finance",fulltime,yearly,0,senior_level,226000.0,15.0,University,IT Management / Director
"Manager, SAP Integration lead",internship,yearly,0,senior_level,198563.5,10.0,University,IT Management / Director
HR Administrator/HRIS Analyst,fulltime,yearly,1,senior_level,55000.0,3.0,University,Other / Miscellaneous
Member of Technical Staff - Post-Training,fulltime,yearly,0,senior_level,205600.0,4.0,University,Data & Analytics
Technical Program Manager II,fulltime,yearly,0,senior_level,153550.0,1.0,University,Project / Program Management
Senior Customer Experience Program Manager - CTJ - TS/SCI,fulltime,yearly,0,senior_level,157650.0,8.0,University,Project / Program Management
Senior Program Manager,fulltime,yearly,0,senior_level,183700.0,4.0,Online/Courses,Project / Program Management
Business Support Administrator,fulltime,hourly,0,mid_level,73840.0,2.0,University,IT Support / Helpdesk
Member of Technical Staff - Product Engineer,fulltime,yearly,0,senior_level,153550.0,2.0,University,General IT / Other IT Role
"Azure Core Infrastructure Principal Technical Architect, Detroit Innovation Hub",fulltime,yearly,0,senior_level,199050.0,7.0,University,Network & Systems
Senior Technical Program Manager,fulltime,yearly,1,senior_level,183700.0,4.0,University,Project / Program Management
Principal Product Manager,fulltime,yearly,0,senior_level,215800.0,8.0,University,IT Management / Director
Senior Director IP and Product Management,fulltime,yearly,0,mid_level,238000.0,12.0,University,IT Management / Director
Principal Group Product Manager,fulltime,yearly,0,senior_level,238000.0,10.0,University,IT Management / Director
Cross Solutions Cloud Architect - CTJ - Top Secret,fulltime,yearly,0,senior_level,199050.0,7.0,University,General IT / Other IT Role
Senior Director - Account Management Mid-Market,fulltime,yearly,0,senior_level,209150.0,10.0,University,IT Management / Director
"Enterprise Project Manager, Full-time",fulltime,yearly,0,mid_level,91514.5,5.0,University,Project / Program Management
Information Security Analyst,"fulltime, contract",hourly,0,executive_level,69680.0,3.0,University,Cybersecurity
Dayforce Consultant,"fulltime, contract",hourly,1,senior_level,182000.0,10.0,Online/Courses,Consulting / Specialist
"Senior IT Analyst I , R&D",fulltime,yearly,0,senior_level,167850.0,5.0,University,General IT / Other IT Role
Technical Program Manager,fulltime,yearly,0,senior_level,141000.0,5.0,University,Project / Program Management
Tech and Support Manager,"parttime, fulltime, contract",hourly,0,senior_level,42640.0,2.0,High School,IT Support / Helpdesk
Scrum Master,internship,yearly,1,senior_level,125000.0,5.0,University,Project / Program Management
Associate Vulnerability Engineer - Mid-Atlantic region (Remote),internship,yearly,1,mid_level,91320.0,1.0,University,General IT / Other IT Role
"Senior Representative, Customer Technical Support",fulltime,yearly,1,senior_level,49200.0,2.0,University,IT Support / Helpdesk
Lead SAP TM Consultant,internship,yearly,0,senior_level,102508.0,7.0,University,Consulting / Specialist
Senior Solution Consultant,fulltime,yearly,0,senior_level,95000.0,10.0,University,Consulting / Specialist
IT Quality Assurance Specialist,fulltime,yearly,0,senior_level,103196.0,1.0,High School,Consulting / Specialist
Director of Enabling Technology,internship,yearly,1,senior_level,152839.0,20.0,University,IT Management / Director
Third Party Cyber Risk Management Consultant,fulltime,yearly,1,senior_level,150070.5,5.0,University,Consulting / Specialist
EAM Consultant,fulltime,yearly,1,senior_level,102023.0,4.0,University,Consulting / Specialist
Penetration Tester,contract,hourly,1,senior_level,130000.0,4.0,University,Other / Miscellaneous
Agile Project Manager & Data Insights Lead (JIRA/Tableau),"fulltime, contract",hourly,1,senior_level,234000.0,3.0,University,Project / Program Management
Agile Communications Management Analyst,fulltime,yearly,0,executive_level,96004.0,3.0,University,Project / Program Management
Data Center NOC Operator - Shift M-F 12pm to 8:30pm (Weekends as Needed),fulltime,hourly,0,mid_level,60320.0,2.0,University,Data & Analytics
Epicor Kinetic ERP & Analytics Administrator,fulltime,yearly,1,senior_level,67500.0,3.0,University,Data & Analytics
Associate Platform Manager,internship,yearly,0,senior_level,95050.0,2.0,University,IT Management / Director
"Senior Product Manager, Listings Services",internship,yearly,0,senior_level,152072.5,15.0,Online/Courses,IT Management / Director
Information Technology Help Desk Technician,internship,yearly,1,senior_level,59230.5,2.0,High School,IT Support / Helpdesk
System Administrator,internship,yearly,1,mid_level,106842.5,2.0,University,Network & Systems
Level 2 IT Service Desk Engineer (Hybrid),internship,yearly,0,mid_level,56676.0,3.0,University,IT Support / Helpdesk
Home Delivered Meals Program Manager,fulltime,hourly,0,mid_level,41600.0,4.0,High School,Project / Program Management
Senior Software Systems Engineer,fulltime,yearly,0,entry_level,134877.5,5.0,University,Network & Systems
Sr. Enterprise Platform Engineer,fulltime,yearly,1,senior_level,122300.0,5.0,Online/Courses,General IT / Other IT Role
Senior Cloud Engineer (AWSMSA-02.111924),fulltime,yearly,0,senior_level,151650.5,5.0,University,Network & Systems
Senior Architect — Canadian Wealth - CA,fulltime,hourly,0,senior_level,187200.0,8.0,University,General IT / Other IT Role
Project Manager I,internship,yearly,1,senior_level,77406.5,3.0,University,Project / Program Management
Senior Infrastructure Engineer,fulltime,yearly,0,entry_level,110000.0,8.0,University,Network & Systems
Senior Project Manager (Digital Banking),fulltime,yearly,0,senior_level,106644.0,5.0,University,Project / Program Management
Sr. SharePoint Developer,contract,yearly,0,mid_level,110317.0,5.0,Online/Courses,Software Development
Digital Project Manager,fulltime,yearly,0,senior_level,75000.0,3.0,University,Project / Program Management
Senior Digital Project Manager,fulltime,yearly,0,senior_level,92950.0,6.0,University,Project / Program Management
Help Desk Engineer (Contract),contract,hourly,1,senior_level,36400.0,1.0,University,IT Support / Helpdesk
Managed Services Systems Engineer I,internship,yearly,0,mid_level,62648.0,1.0,High School,Network & Systems
Director of Building Jobs,fulltime,yearly,0,senior_level,73510.0,5.0,University,IT Management / Director
Jr. IT Help Desk Analyst,fulltime,yearly,0,entry_level,46994.5,1.0,University,IT Support / Helpdesk
Sr. Product Manager,fulltime,yearly,1,senior_level,141988.0,4.0,University,IT Management / Director
Network Engineer II,fulltime,yearly,0,mid_level,84077.0,3.0,University,Network & Systems
IT Administrative Support,contract,hourly,1,mid_level,42640.0,1.0,University,IT Support / Helpdesk
Implementation Engineer,fulltime,yearly,0,mid_level,70534.0,3.0,University,General IT / Other IT Role
Sr. Project Manager,fulltime,yearly,1,senior_level,128370.5,5.0,University,Project / Program Management
Cyber Security Compliance Engineer,fulltime,yearly,1,executive_level,113085.0,2.0,University,Cybersecurity
Desktop Support Analyst,fulltime,hourly,1,executive_level,49920.0,3.0,High School,IT Support / Helpdesk
Senior COMSEC Program Manager,fulltime,yearly,0,senior_level,146640.0,10.0,University,Project / Program Management
Supervisor- Network Field Operations,fulltime,yearly,0,mid_level,92560.0,6.0,High School,Network & Systems
"Product Manager, CMF",fulltime,yearly,0,senior_level,115963.0,5.0,University,IT Management / Director
IT Senior Director - Transformation,fulltime,yearly,1,mid_level,208257.0,11.0,University,IT Management / Director
IT Implementation Engineer ll,fulltime,yearly,0,mid_level,75781.5,5.0,High School,General IT / Other IT Role
HRIS Administrator - UKG,fulltime,yearly,0,senior_level,96317.0,5.0,University,Other / Miscellaneous
Identity Access Management and LDAP Administrator,contract,hourly,1,senior_level,156000.0,10.0,University,General IT / Other IT Role
"Customer Incident Response, Customer Incident Response Team",fulltime,yearly,0,senior_level,132486.0,1.0,University,Other / Miscellaneous
"TPM, Marketing Security, Marketing Security",fulltime,yearly,0,mid_level,141076.0,3.0,University,Cybersecurity
"CPI Data Center Cluster Manager, Critical Projects Implementation",fulltime,yearly,0,senior_level,172205.5,5.0,University,Data & Analytics
"Data Center Security Manager (Individual Contributor), IAD Sterling, VA Cluster",fulltime,yearly,0,senior_level,123398.0,3.0,University,Cybersecurity
Cybersecurity Program Manager,fulltime,yearly,0,senior_level,201412.5,8.0,University,Cybersecurity
"Director, Solutions Engineering",fulltime,yearly,0,senior_level,208300.0,12.0,University,IT Management / Director
CT - Senior IAM Engineer,internship,yearly,0,senior_level,155600.0,7.0,University,General IT / Other IT Role
Technical Administrator - Ariba,contract,yearly,0,senior_level,137050.0,5.0,University,General IT / Other IT Role
"Director, LMS Support & Implementation",fulltime,yearly,0,senior_level,169050.0,5.0,University,IT Support / Helpdesk
"Director, Analytics and Reporting",fulltime,yearly,1,mid_level,202900.0,7.0,University,Data & Analytics
Project Manager II,fulltime,yearly,1,senior_level,94350.0,3.0,University,Project / Program Management
Senior Healthcare Project Manager,fulltime,yearly,1,senior_level,118000.0,4.0,University,Project / Program Management
Senior System Administrator,internship,yearly,0,senior_level,120030.5,8.0,University,Network & Systems
"Head of Energy, Innovation, & IT Purchasing North America",contract,yearly,0,senior_level,153785.5,5.0,University,IT Management / Director
FACILITY SECURITY OFFICER / SECURITY ANALYST,fulltime,yearly,1,senior_level,95346.5,5.0,University,Cybersecurity
"Escalations Specialist Japanese, Global Security Organization (GSO)",fulltime,yearly,0,mid_level,64812.0,1.0,University,Cybersecurity
"Escalations Specialist German, Global Security Organization (GSO)",fulltime,yearly,0,mid_level,64812.0,1.0,University,Cybersecurity
Information Security Systems Officer (I),fulltime,yearly,0,mid_level,84150.0,0.0,University,Cybersecurity
"Senior Technical Program Manager, Kuiper Business Development",fulltime,yearly,0,senior_level,182650.0,5.0,University,Project / Program Management
"Technical Infrastructure Program Manager, DCC Communities",fulltime,yearly,0,senior_level,156050.0,3.0,University,Network & Systems
Lead Systems Engineer,internship,yearly,0,senior_level,174426.0,8.0,University,Network & Systems
"Technical Consultant, Risk Control",fulltime,yearly,0,senior_level,133550.0,8.0,University,Consulting / Specialist
Senior Network Engineer - TS/SCI required,fulltime,yearly,0,senior_level,137500.0,10.0,University,Network & Systems
"Product Manager Tech , Direct Tax Technology",fulltime,yearly,0,senior_level,158700.0,4.0,Online/Courses,IT Management / Director
"Sr. Technical Program Manager, Amazon Business Operations",fulltime,yearly,0,senior_level,182650.0,7.0,University,Project / Program Management
"Sr. Security SA for Digital Sovereignty, Global Services Security - Product",fulltime,yearly,0,senior_level,188600.0,8.0,University,Cybersecurity
"Threat Research Analyst, Global Services Security - Customer Incident Response Team",fulltime,yearly,1,senior_level,114121.5,1.0,University,Cybersecurity
"Enterprise Support Manager, ES-NAMER-SMB",fulltime,yearly,0,senior_level,207450.0,5.0,University,IT Support / Helpdesk
"Threat Research Analyst, Global Services Security - Customer Incident Response Team",fulltime,yearly,1,senior_level,114121.5,1.0,University,Cybersecurity
"Customer Incident Response, Global Services Security - Customer Incident Response Team",fulltime,yearly,0,senior_level,135069.0,1.0,University,Cybersecurity
"Associate, Customer Incident Response, Global Services Security - Customer Incident Response Team",fulltime,yearly,0,senior_level,116608.5,1.0,University,Cybersecurity
"Technical Program Manager, AWS Proactive Security",fulltime,yearly,0,senior_level,182650.0,5.0,University,Cybersecurity
"Technical Infrastructure Program Manager III, Supply Chain Operations",fulltime,yearly,0,senior_level,177306.0,7.0,University,Network & Systems
"Sr Associate, Configuration",fulltime,yearly,0,entry_level,51750.0,8.0,University,Other / Miscellaneous
"IT Vendor Management Office, Technology Vendor Manager",contract,yearly,0,mid_level,149050.0,5.0,University,IT Management / Director
Information Technology Manager 14,fulltime,hourly,1,mid_level,92560.0,1.0,University,IT Management / Director
"Portfolio Manager- Arlington, Global Real Estate and Facilities, GREF",fulltime,yearly,0,senior_level,153556.0,7.0,University,IT Management / Director
"Manager, Technical Operations",fulltime,yearly,0,senior_level,156050.0,8.0,University,IT Management / Director
"Carrier Service Delivery Lead, Amazon Connect",fulltime,yearly,0,senior_level,182650.0,5.0,University,Other / Miscellaneous
"Security Engineer, AWS Cloud Response",fulltime,yearly,0,senior_level,174400.0,3.0,University,Cybersecurity
Principal Security Solution Architect,fulltime,yearly,0,senior_level,159073.0,15.0,University,Cybersecurity
"Network Development Engineer, CLOS Fabric Engineering - Availability, Routing and Compliance",fulltime,yearly,0,senior_level,170100.0,4.0,University,Network & Systems
"Training Manager, AWS Managed Services",fulltime,yearly,0,mid_level,144050.0,6.0,Online/Courses,Data & Analytics
CT- Lead Cyber Threat Hunter,internship,yearly,1,mid_level,185300.0,10.0,University,General IT / Other IT Role
"Sr. Product Manager - Tech, WW Prime - BPC",fulltime,yearly,0,senior_level,185650.0,5.0,Online/Courses,IT Management / Director
"Director, Revenue Enablement",internship,yearly,0,senior_level,152663.0,8.0,University,IT Management / Director
"Senior Product Manager - Tech, Amazon Devices - Demand Planning",fulltime,yearly,0,senior_level,185650.0,5.0,Online/Courses,IT Management / Director
"Delivery Practice Manager, Global Financial Services",fulltime,yearly,0,senior_level,207450.0,7.0,University,IT Management / Director
CT -Sr Cyber Threat Hunter,internship,yearly,1,senior_level,155600.0,7.0,University,General IT / Other IT Role
IT Audit Manager,internship,yearly,0,mid_level,137600.0,5.0,University,IT Management / Director
Technical Validation Analyst,internship,yearly,0,senior_level,98300.0,4.0,University,General IT / Other IT Role
"Program Manager, NASC Network Planning",fulltime,yearly,0,senior_level,109350.0,3.0,University,Network & Systems
Validation Analyst,internship,yearly,0,mid_level,92000.0,4.0,University,Other / Miscellaneous
Sr. Technical Implementation Analyst,internship,yearly,0,senior_level,120000.0,7.0,University,General IT / Other IT Role
"Technical Program Manager, Fire Tablets",fulltime,yearly,1,senior_level,156150.0,5.0,University,Project / Program Management
"GND- Planning, Implementation, and Coordination (PIC) Team Engineer, GND - Planning, Implementation, Coordination (PIC) Team",fulltime,yearly,0,senior_level,101158.5,3.0,High School,General IT / Other IT Role
Sr. Technical Enablement Engineer - Palo Alto Networks,fulltime,yearly,1,senior_level,125300.0,5.0,University,Network & Systems
CT - Senior Security Analytics & Automation Engineer,internship,yearly,0,senior_level,155600.0,3.0,University,Cybersecurity
"Principal Product Manager, Amazon Q Business",fulltime,yearly,0,senior_level,222400.0,7.0,University,IT Management / Director
Project Manager,fulltime,yearly,1,senior_level,115801.5,7.0,University,Project / Program Management
"Sr Worldwide Specialist Solutions Architect - GenAI, Amazon SageMaker",fulltime,yearly,0,senior_level,188600.0,8.0,University,Data & Analytics
"Worldwide Specialist Solutions Architect - GenAI, Amazon SageMaker",fulltime,yearly,0,senior_level,161250.0,2.0,University,Data & Analytics
Lead Engineer,internship,yearly,0,senior_level,192800.0,8.0,University,General IT / Other IT Role
Program Manager (OpenText),fulltime,yearly,0,senior_level,164230.5,10.0,University,Project / Program Management
Sr. Platform Engineer,internship,yearly,0,senior_level,154650.0,7.0,University,General IT / Other IT Role
Sr Director Digital Transformation - Customer Service,internship,yearly,0,senior_level,206100.0,10.0,University,IT Management / Director
"Professional Services Partner Leader, PSBD",fulltime,yearly,0,senior_level,176700.0,5.0,University,Other / Miscellaneous
Product Analyst,internship,yearly,0,senior_level,92813.0,2.0,University,Other / Miscellaneous
Project Manager - Senior,fulltime,yearly,0,mid_level,138963.5,12.0,University,Project / Program Management
"Software Development Engineer, AWS Proactive Security Detective Tooling",fulltime,yearly,0,entry_level,173038.5,3.0,University,Cybersecurity
Lead IT Architect – Operational Reporting & Analytics,internship,yearly,0,senior_level,194300.0,10.0,University,Data & Analytics
"Solutions Architect, Technical Content Programs AWS CX - Documentation",fulltime,yearly,0,senior_level,161250.0,2.0,University,Consulting / Specialist
Cyber Defense Lead,fulltime,yearly,1,senior_level,145000.0,5.0,University,General IT / Other IT Role
Principal Customer Delivery Architect,fulltime,yearly,0,senior_level,224400.0,10.0,University,General IT / Other IT Role
"Program Manager I, ALDF Field",fulltime,yearly,0,mid_level,79101.5,2.0,University,Project / Program Management
Service Technical Support,fulltime,hourly,0,mid_level,93600.0,5.0,University,IT Support / Helpdesk
Sr. Product Support Analyst,internship,hourly,0,senior_level,67600.0,2.0,University,IT Support / Helpdesk
CT Senior Global Cyber Incident Coordinator,internship,yearly,0,senior_level,157500.0,6.0,University,General IT / Other IT Role
CT Sr. Privilege Access Engineer,internship,yearly,0,senior_level,155600.0,4.0,University,General IT / Other IT Role
SAP S4 Principal Technical Architect,internship,yearly,0,senior_level,231100.0,13.0,University,Consulting / Specialist
Desktop Support Technician,fulltime,yearly,1,mid_level,47642.5,1.0,University,IT Support / Helpdesk
"Senior Product Manager, Hardware - Product Development",fulltime,yearly,0,senior_level,165250.0,5.0,University,IT Management / Director
"Senior Information System Security Officer, CUAS",fulltime,yearly,0,senior_level,119777.0,10.0,University,Cybersecurity
Lead Product Manager - Content Governance Platform & Tools,internship,yearly,0,senior_level,325000.0,5.0,University,IT Management / Director
Lead Product Manager - Creator Growth & Governance,internship,yearly,0,senior_level,325000.0,5.0,University,IT Management / Director
GRC Cybersecurity Analyst,fulltime,yearly,0,mid_level,94629.0,5.0,Online/Courses,Cybersecurity
Software Support Specialist (Remote),fulltime,hourly,1,mid_level,64480.0,1.0,University,IT Support / Helpdesk
Computer Technician,contract,hourly,0,mid_level,38480.0,0.0,High School,IT Support / Helpdesk
Mac Engineer,fulltime,hourly,0,executive_level,58240.0,3.0,University,General IT / Other IT Role
Business Analyst- MIS Dashboards,contract,hourly,0,senior_level,156000.0,5.0,University,Data & Analytics
IT Support Specialist,fulltime,yearly,0,mid_level,61500.0,2.0,University,IT Support / Helpdesk
Desktop Support,contract,hourly,0,mid_level,52000.0,1.0,University,IT Support / Helpdesk
Corporate IT Support Analyst,internship,hourly,0,senior_level,62400.0,0.0,University,IT Support / Helpdesk
Help Desk Specialist,contract,hourly,0,mid_level,61360.0,3.0,High School,IT Support / Helpdesk
QNAP Storage Technical Support,fulltime,hourly,0,senior_level,58240.0,3.0,University,IT Support / Helpdesk
Desktop Administrator,internship,yearly,0,mid_level,81900.0,2.0,University,Other / Miscellaneous
Help Desk Analyst,fulltime,yearly,0,entry_level,60741.0,15.0,University,IT Support / Helpdesk
Tech Support Analyst,fulltime,yearly,0,mid_level,87500.0,3.0,Online/Courses,IT Support / Helpdesk
IT Supervisor,fulltime,yearly,0,senior_level,61250.0,2.0,University,General IT / Other IT Role
Desktop Support Engineer,fulltime,yearly,0,executive_level,57500.0,1.0,University,IT Support / Helpdesk
IT Support,contract,hourly,0,senior_level,38480.0,1.0,University,IT Support / Helpdesk
"IT Instructor - CompTIA , Microsoft , Cisco Trainer",fulltime,hourly,0,executive_level,72800.0,3.0,High School,Data & Analytics
"Network, Server, Security & Data Specialist",parttime,hourly,0,mid_level,41600.0,2.0,University,Network & Systems
Information Technology Support Specialist (Active TS/SCI /wPoly),internship,hourly,0,senior_level,83200.0,3.0,University,IT Support / Helpdesk
Senior IT Technician,fulltime,yearly,0,mid_level,57250.0,15.0,University,IT Support / Helpdesk
IT Desktop Support Technician,contract,hourly,0,mid_level,48880.0,2.0,University,IT Support / Helpdesk
IT Project Coordinator & Availability Manager,fulltime,yearly,0,mid_level,85489.0,2.0,University,Project / Program Management
Cloud Security,fulltime,yearly,0,senior_level,110000.0,5.0,University,Cybersecurity
Videoteleconference and Help Desk Technician,fulltime,hourly,0,mid_level,92560.0,3.0,Online/Courses,IT Support / Helpdesk
IT Coordinator or IT Manager,fulltime,yearly,0,senior_level,84500.0,3.0,University,IT Management / Director
Sr IT Support Partner,internship,yearly,0,mid_level,92500.0,5.0,University,IT Support / Helpdesk
Director of IT,fulltime,yearly,0,senior_level,118357.0,5.0,University,IT Management / Director
Desktop Technician,fulltime,hourly,0,entry_level,34320.0,1.0,High School,IT Support / Helpdesk
Senior IT Administrator,fulltime,yearly,0,senior_level,137500.0,5.0,University,General IT / Other IT Role
Desktop Support Technician,fulltime,hourly,0,mid_level,52000.0,2.0,University,IT Support / Helpdesk
Associate IT Analyst - 0-3Yrs Exp,fulltime,yearly,0,mid_level,62500.0,1.0,University,General IT / Other IT Role
IT Generalist,internship,hourly,0,entry_level,59280.0,1.0,University,General IT / Other IT Role
NOC Technician,internship,hourly,0,mid_level,57200.0,2.0,University,IT Support / Helpdesk
IS Remote Support Specialist,internship,yearly,0,mid_level,69550.0,5.0,High School,IT Support / Helpdesk
SOC Cybersecurity Analyst,fulltime,yearly,0,mid_level,104933.5,2.0,University,Cybersecurity
Security Researcher,internship,yearly,0,senior_level,153550.0,3.0,University,Cybersecurity
Principal Architect SAP Security,fulltime,yearly,0,senior_level,167000.0,7.0,University,Cybersecurity
Point of Sale Implementations Specialist,fulltime,monthly,0,senior_level,67500.0,2.0,University,Consulting / Specialist
Director of Divisional Technology & Cyber Risk Management,internship,yearly,0,mid_level,197377.5,10.0,University,IT Management / Director
"Automotive EV Technical Support Specialist (Part-Time, Evening Shift)","parttime, fulltime",yearly,1,senior_level,49894.0,2.0,High School,IT Support / Helpdesk
"Technical Program Manager Lead, Fiber Capacity Delivery",fulltime,yearly,0,senior_level,259500.0,10.0,Online/Courses,Project / Program Management
"Technical Program Manager III, Software Engineering, Google Cloud",fulltime,yearly,0,senior_level,176500.0,5.0,University,Software Development
"Senior Product Manager, Vertex Search Developer Platform",fulltime,yearly,0,senior_level,210000.0,8.0,University,Software Development
"Cloud Solutions Architect, Rapid Innovation Team",fulltime,yearly,0,senior_level,176500.0,5.0,University,Consulting / Specialist
"Senior Software Engineer, Infrastructure, Core",fulltime,yearly,0,senior_level,200000.0,5.0,University,Network & Systems
"Engineering Program Manager, Google Distributed Cloud",fulltime,yearly,0,mid_level,173000.0,5.0,University,Project / Program Management
Business Execution Consultant,fulltime,yearly,0,senior_level,84926.5,2.0,University,Consulting / Specialist
Information Security Analyst - Data Loss Prevention,fulltime,yearly,0,senior_level,87958.0,2.0,University,Cybersecurity
Senior Lead Systems Operations Engineer - Technology Major Incident Lead,fulltime,yearly,0,senior_level,157235.5,7.0,University,General IT / Other IT Role
Network and Connectivity Engineer,fulltime,yearly,0,senior_level,98921.0,4.0,University,Network & Systems
DIRECTOR-INFORMATION TECHNOLOGY-REGARDS,contract,yearly,0,senior_level,158085.0,20.0,University,IT Management / Director
Operational Engineering Lead Vaccines Manufacturing,internship,yearly,0,senior_level,170715.5,10.0,University,General IT / Other IT Role
Supervisory IT Project Manager,fulltime,yearly,1,mid_level,151163.0,1.0,Online/Courses,Project / Program Management
Project Manager- Remote,fulltime,yearly,1,mid_level,77500.0,1.0,University,Project / Program Management
INTERDISCPLINARY COMPUTER ENG/OPERATIONS RESEARCH ANALYST/COMP SCI,"parttime, fulltime",yearly,0,mid_level,142502.0,1.0,Online/Courses,General IT / Other IT Role
Information Technology Specialist (CUSTSPT),"parttime, fulltime",hourly,0,executive_level,52000.0,2.0,Online/Courses,Consulting / Specialist
Information Technology Specialist (System Administrator/Database Management),"parttime, fulltime",hourly,0,executive_level,78000.0,3.0,Online/Courses,Network & Systems
Senior Cybersecurity Governance Specialist,fulltime,yearly,1,senior_level,124774.5,3.0,University,Cybersecurity
Cyber-Security Engineer,fulltime,yearly,0,senior_level,131153.5,5.0,University,Cybersecurity
Office 365 Jr. Administrator,fulltime,hourly,0,entry_level,93600.0,3.0,Online/Courses,Other / Miscellaneous
Service Technician/Technical Support,fulltime,yearly,0,senior_level,77500.0,3.0,University,IT Support / Helpdesk
Compiler Design Engineer,fulltime,yearly,1,entry_level,151008.0,5.0,University,General IT / Other IT Role
Systems Architect,fulltime,yearly,1,senior_level,153589.5,7.0,University,General IT / Other IT Role
JITTC-N Systems Administrator,fulltime,yearly,0,senior_level,95000.0,3.0,High School,Network & Systems
Contractor- IT Project Manager,contract,yearly,0,senior_level,133778.5,5.0,University,Project / Program Management
"Senior Technical Lead of Infrastructure Engineering / Infrastructure Automation (Hybrid - 3 Days in Office - Dallas, TX or McLean, VA)",fulltime,yearly,0,senior_level,201000.0,10.0,University,Network & Systems
Senior Scrum Master,fulltime,yearly,0,senior_level,130797.5,3.0,University,Project / Program Management
Hands-on Project Manager with people skills,fulltime,yearly,1,senior_level,61000.0,3.0,University,Project / Program Management
Project manager II,fulltime,yearly,1,senior_level,113500.0,3.0,University,Project / Program Management
Program Manager with Avaya Specialist,"fulltime, contract",yearly,1,senior_level,112512.0,10.0,University,Project / Program Management
IT Support Specialist,fulltime,yearly,1,mid_level,41807.0,1.0,University,IT Support / Helpdesk
Product Team Strategy Manager - USDS,internship,yearly,0,senior_level,156444.0,2.0,University,IT Management / Director
IT Infrastructure Manager,fulltime,yearly,0,senior_level,108750.0,3.0,University,Network & Systems
Cybersecurity Analyst,fulltime,yearly,1,senior_level,107500.0,19.0,University,Cybersecurity
Solution Architect,contract,yearly,0,senior_level,143495.0,10.0,University,General IT / Other IT Role
Senior Project Manager,"fulltime, contract",hourly,1,senior_level,213200.0,10.0,University,Project / Program Management
Salesforce Developer,fulltime,hourly,1,senior_level,98800.0,3.0,University,Software Development
"Assistant Vice President, Digital Core Banking Product Manager",fulltime,yearly,0,senior_level,110000.0,3.0,University,IT Management / Director
SAP LE-WM Functional Analyst III,internship,yearly,0,senior_level,110458.0,8.0,University,Other / Miscellaneous
IT Field Tech,fulltime,hourly,0,senior_level,59280.0,1.0,University,General IT / Other IT Role
Technical Support Specialist,fulltime,yearly,1,entry_level,49307.5,2.0,University,IT Support / Helpdesk
"Vice President, Information Technology",internship,yearly,1,senior_level,162885.0,10.0,University,IT Management / Director
Enterprise Platform Architect,fulltime,yearly,0,senior_level,277500.0,14.0,University,General IT / Other IT Role
Her PLAN - Directory Manager,fulltime,yearly,1,senior_level,88195.5,10.0,University,IT Management / Director
Director of Information Technology,fulltime,yearly,0,entry_level,128500.0,3.0,University,IT Management / Director
Product Operations Specialist,internship,yearly,0,mid_level,78615.0,3.0,University,Consulting / Specialist
Wireless Engineer - Remote,internship,yearly,1,mid_level,490000.0,3.0,University,General IT / Other IT Role
"Senior Product Line Manager, Foundry Services",fulltime,yearly,0,senior_level,140000.0,7.0,University,IT Management / Director
Lead Product Manager,fulltime,yearly,1,senior_level,202200.0,10.0,University,IT Management / Director
"Sr Product Manager, GenAI Platform & Tools",fulltime,yearly,1,senior_level,192600.0,7.0,University,Data & Analytics
Integrations Engineer,fulltime,yearly,0,senior_level,92500.0,1.0,University,General IT / Other IT Role
Product Manager,fulltime,yearly,0,senior_level,125000.0,1.0,University,IT Management / Director
Senior System Administrator,fulltime,hourly,0,mid_level,123760.0,2.0,University,Network & Systems
Renewals Representative,fulltime,yearly,0,senior_level,73050.0,1.0,University,Other / Miscellaneous
Head of Product & Strategy - HealthTech Startup,fulltime,yearly,0,senior_level,375000.0,7.0,Online/Courses,IT Management / Director
Desktop Support Analyst,fulltime,hourly,0,mid_level,54080.0,4.0,University,IT Support / Helpdesk
SAP Solution Architect (Finance),fulltime,yearly,0,mid_level,175000.0,10.0,University,General IT / Other IT Role
Information Security Risk Specialist,fulltime,yearly,0,mid_level,187500.0,3.0,University,Cybersecurity
CSOC ANALYST II,fulltime,yearly,0,mid_level,89663.5,3.0,University,Other / Miscellaneous
Solution Architect,contract,yearly,0,mid_level,175000.0,5.0,University,General IT / Other IT Role
Tactical Network Training Specialist,fulltime,yearly,1,senior_level,71423.5,3.0,University,Network & Systems
Oracle EBS Trade Management Functional consultant,contract,hourly,1,senior_level,124800.0,5.0,University,Consulting / Specialist
Cybersecurity Specialist III,fulltime,yearly,1,senior_level,114062.5,10.0,University,Cybersecurity
AV Systems Engineer Senior,fulltime,yearly,0,senior_level,142350.0,8.0,University,Network & Systems
Senior Software / Systems Engineer,fulltime,yearly,1,entry_level,142350.0,8.0,University,Network & Systems
Systems Engineering Integrator (Lunar Surface Systems),fulltime,yearly,0,senior_level,114062.5,3.0,University,Network & Systems
Enterprise Voice Engineer II,fulltime,yearly,1,mid_level,77562.5,2.0,University,General IT / Other IT Role
CBRN Incident Response Specialist,fulltime,yearly,0,senior_level,122275.0,6.0,University,Consulting / Specialist
Information Services Project Manager,fulltime,yearly,1,mid_level,115000.0,0.0,High School,Project / Program Management
SharePoint Application Analyst/Developer,fulltime,yearly,0,mid_level,102500.0,2.0,Online/Courses,Software Development
Technical Trainer- I,fulltime,yearly,0,senior_level,72066.0,1.0,University,Data & Analytics
"Associate Strategy Director, Performance Creative - Temporary",fulltime,hourly,1,mid_level,137280.0,6.0,University,IT Management / Director
Jr Technology Infrastructure Build Technician,fulltime,yearly,0,senior_level,57282.5,1.0,University,IT Support / Helpdesk
Finance Systems Analyst,fulltime,yearly,0,senior_level,140000.0,5.0,University,General IT / Other IT Role
Finance Systems Integrations Analyst,fulltime,yearly,0,senior_level,140000.0,8.0,University,General IT / Other IT Role
"Senior Specialist Product Manager, Fund Secondaries",fulltime,yearly,0,senior_level,137493.0,10.0,University,IT Management / Director
HRIT Workday Delivery Manager,internship,yearly,0,mid_level,149200.0,9.0,University,IT Management / Director
Product Manager,fulltime,yearly,1,senior_level,126210.5,5.0,University,IT Management / Director
Business Information Security (BIS) Principal,fulltime,yearly,0,senior_level,219000.0,9.0,University,Cybersecurity
Senior Product Manager,fulltime,yearly,1,senior_level,123003.0,5.0,University,IT Management / Director
Network Engineer,fulltime,yearly,0,senior_level,106283.5,5.0,University,Network & Systems
Senior Analytics Engineer,internship,yearly,0,senior_level,110976.0,5.0,University,Data & Analytics
SAP MII Developer,internship,yearly,0,senior_level,112104.5,3.0,University,Software Development
Senior Salesforce Administrator,fulltime,yearly,1,entry_level,108629.5,7.0,University,Other / Miscellaneous
Vice President of Application Development,fulltime,yearly,1,senior_level,240000.0,10.0,University,IT Management / Director
IT Physician Clinical Application Liaison - Digital Technology Services,fulltime,yearly,1,mid_level,76997.0,3.0,University,Data & Analytics
Product Manager II,fulltime,yearly,0,senior_level,132657.0,8.0,University,IT Management / Director
Control Systems Engineer,fulltime,yearly,0,senior_level,86025.0,5.0,University,Network & Systems
Junior Project Manager,fulltime,yearly,0,entry_level,67183.0,1.0,University,Project / Program Management
Trackwise/Salesforce Administrator,fulltime,yearly,0,senior_level,90000.0,2.0,University,Other / Miscellaneous
IT Project Manager with developer experience,contract,yearly,0,senior_level,155119.5,20.0,University,Software Development
GP Administrator,fulltime,yearly,0,mid_level,92257.5,5.0,University,Other / Miscellaneous
SOC Technical Project Manager,fulltime,yearly,1,senior_level,155285.0,6.0,University,Project / Program Management
IT Warehouse System Support III (Shift 4am-1pm),fulltime,yearly,0,senior_level,74735.5,5.0,High School,IT Support / Helpdesk
Technical Services Analyst,fulltime,yearly,0,senior_level,76697.0,5.0,University,General IT / Other IT Role
ERP Project Manager,fulltime,yearly,0,mid_level,126862.5,5.0,University,Project / Program Management
SharePoint System Specialist II,fulltime,yearly,0,senior_level,85022.0,2.0,High School,Consulting / Specialist
Senior Cloud Engineer IS,fulltime,hourly,1,senior_level,141440.0,5.0,University,Network & Systems
Systems Analyst,fulltime,yearly,0,senior_level,97155.0,6.0,University,General IT / Other IT Role
Senior Program Manager - F-15,fulltime,yearly,0,mid_level,136472.0,12.0,University,Project / Program Management
Cloud Technical Lead- Remote,fulltime,yearly,1,senior_level,130295.5,5.0,University,General IT / Other IT Role
Information Technology Systems - Department Director,fulltime,yearly,0,senior_level,102345.0,1.0,University,IT Management / Director
Senior Product Manager Online Banking,fulltime,yearly,0,senior_level,146477.5,5.0,Online/Courses,IT Management / Director
Senior Project Manager - Investment Management,fulltime,yearly,0,senior_level,165000.0,8.0,University,Project / Program Management
Information Systems Security Officer II (ISSO II),fulltime,yearly,0,senior_level,101173.5,2.0,University,Cybersecurity
Information Technology/Assurance Specialist II,fulltime,yearly,0,mid_level,116495.0,5.0,University,Consulting / Specialist
Senior Principal Software Engineer - Studio in the Cloud,fulltime,yearly,0,senior_level,156005.5,8.0,University,Software Development
Agile Coach,fulltime,yearly,1,senior_level,120000.0,5.0,University,Project / Program Management
Project Manager - Oracle Utilities,contract,hourly,1,senior_level,176800.0,8.0,University,Project / Program Management
Implementation Consultant I,fulltime,yearly,1,mid_level,53544.0,1.0,University,Consulting / Specialist
I.T. Operations Coordinator,fulltime,yearly,1,senior_level,57204.0,5.0,University,Other / Miscellaneous
IT Business Relationship Manager,fulltime,yearly,0,senior_level,163900.0,8.0,University,IT Management / Director
Vulnerability Analyst,fulltime,yearly,1,mid_level,104000.0,7.0,University,General IT / Other IT Role
Third Party Cyber Risk Management Resource,fulltime,yearly,1,senior_level,112000.0,12.0,High School,General IT / Other IT Role
"Systems Integration, Advisor",fulltime,yearly,0,senior_level,145500.0,10.0,University,General IT / Other IT Role
System Administrator (Solarwinds),fulltime,yearly,1,mid_level,66500.0,2.0,University,Network & Systems
Senior Tier 2 Network Operations Center (NOC) Technician,fulltime,yearly,1,senior_level,86000.0,5.0,High School,IT Support / Helpdesk
Security Operations Center (SOC) Analyst,fulltime,yearly,1,senior_level,66500.0,6.0,University,Cybersecurity
Network Integration Engineer,fulltime,yearly,1,mid_level,135000.0,8.0,University,Network & Systems
Linux Systems Engineer,fulltime,yearly,1,mid_level,104000.0,5.0,High School,Network & Systems
SOFTWARE PROJECT MANAGER,fulltime,yearly,0,senior_level,90779.0,3.0,University,Project / Program Management
Application Development Analyst,"fulltime, contract",hourly,0,senior_level,148720.0,5.0,University,Other / Miscellaneous
"DIRECTOR, LOYALTY - HRX",fulltime,yearly,1,executive_level,127529.0,5.0,University,IT Management / Director
Network Administrator SME III,fulltime,yearly,0,senior_level,104575.0,10.0,University,Network & Systems
DREN Enclave Project Manager,fulltime,yearly,1,mid_level,120180.0,4.0,University,Project / Program Management
Data Center Strategy and Operations Lead,fulltime,yearly,0,senior_level,150946.5,7.0,University,Data & Analytics
System Analyst,fulltime,yearly,0,mid_level,61269.5,3.0,University,Other / Miscellaneous
"Senior Product Manager, Ford Pro App",fulltime,yearly,1,senior_level,155604.5,7.0,Online/Courses,IT Management / Director
JUNIOR SYSTEMS ENGINEER,fulltime,yearly,0,senior_level,68751.5,2.0,University,Network & Systems
Operating Systems Analyst,fulltime,yearly,1,senior_level,80450.0,3.0,University,General IT / Other IT Role
AV/IT Support Specialist - One World Observatory,parttime,hourly,0,senior_level,57200.0,1.0,University,IT Support / Helpdesk
IT Business Systems Analyst/Project Manager,fulltime,yearly,1,senior_level,117500.0,4.0,University,Project / Program Management
Customer Service Technical Support Analyst,fulltime,yearly,1,senior_level,56500.0,2.0,University,IT Support / Helpdesk
Help Desk Technician,fulltime,yearly,1,senior_level,65000.0,2.0,University,IT Support / Helpdesk
IT Development Manager,fulltime,yearly,0,senior_level,116875.0,6.0,University,IT Management / Director
Senior Cybersecurity Analyst - CSIRT(Remote Or Hybrid),fulltime,yearly,1,senior_level,119700.0,2.0,Online/Courses,Cybersecurity
Lead Engineer - Threat Hunting and Countermeasures (SOAR)(Remote Or Hybrid),fulltime,yearly,1,senior_level,155700.0,5.0,Online/Courses,General IT / Other IT Role
"Director, Global Brand Engagement, IT Cosmetics DMI",fulltime,yearly,1,senior_level,171500.0,8.0,University,IT Management / Director
"Android Vulnerability Research Engineer and Developer, Senior",fulltime,yearly,1,senior_level,138800.0,8.0,University,Software Development
Palo Alto Firewall Engineer,fulltime,yearly,1,senior_level,123800.0,10.0,University,General IT / Other IT Role
"Command and Control Transformation Architect, Lead",fulltime,yearly,1,senior_level,158300.0,10.0,University,General IT / Other IT Role
Cloud Information Systems Security Engineer,fulltime,yearly,1,senior_level,123800.0,5.0,University,Cybersecurity
IT System Support Analyst,fulltime,yearly,1,senior_level,88500.0,2.0,University,IT Support / Helpdesk
F5 Engineer,fulltime,yearly,1,senior_level,98700.0,2.0,University,General IT / Other IT Role
Associate Tier 2 Support Analyst,fulltime,yearly,0,mid_level,52278.5,2.0,University,IT Support / Helpdesk
HRIS Analyst (Business Transformation Analyst),fulltime,hourly,0,mid_level,76960.0,2.0,University,Other / Miscellaneous
"Vans: Sr. Director, Design Concepts (Global)",fulltime,yearly,0,senior_level,218700.0,12.0,University,IT Management / Director
Security Platform Administrator (CTI),fulltime,yearly,0,mid_level,94500.0,3.0,University,Cybersecurity
CRM Analyst,fulltime,yearly,0,mid_level,91412.5,0.0,University,Other / Miscellaneous
Network Operations Engineer I,fulltime,yearly,0,mid_level,76465.0,4.0,High School,Network & Systems
Integration Engineer 5,contract,yearly,0,senior_level,148207.5,15.0,University,General IT / Other IT Role
Sr. Project Manager,fulltime,yearly,0,entry_level,110077.5,5.0,University,Project / Program Management
Intelligence Program Manager,fulltime,yearly,0,senior_level,130000.0,8.0,University,Project / Program Management
Cybersecurity Assessor,fulltime,yearly,0,senior_level,136921.5,3.0,University,Cybersecurity
ERP Specialist,fulltime,yearly,0,executive_level,67500.0,2.0,University,Consulting / Specialist
"Senior Manager, GitHub Docs",fulltime,yearly,1,senior_level,176050.0,7.0,University,IT Management / Director
SharePoint Developer,fulltime,yearly,1,mid_level,88295.5,6.0,Online/Courses,Software Development
Technical Trainer,fulltime,yearly,1,senior_level,103054.0,3.0,Online/Courses,Data & Analytics
ServiceNow Idea and Demand Manager (Journeyman),fulltime,yearly,1,mid_level,97500.0,2.0,University,IT Management / Director
Project Manager (Remote),fulltime,yearly,1,senior_level,127500.0,15.0,University,Project / Program Management
SAP EWM Jr Consultant,contract,hourly,0,senior_level,104000.0,3.0,University,Consulting / Specialist
IT Consultant - SAP development L2,contract,hourly,0,senior_level,85280.0,5.0,University,Consulting / Specialist
ServiceNow Developer,contract,hourly,0,senior_level,91520.0,4.0,University,Software Development
Maximo Developer,contract,hourly,0,senior_level,110240.0,7.0,University,Software Development
EUC Support Engineer,contract,hourly,0,mid_level,61360.0,5.0,University,IT Support / Helpdesk
Navy IT Administrator (4529),internship,yearly,0,mid_level,99327.5,6.0,University,General IT / Other IT Role
Procurement Systems Administrator,fulltime,yearly,1,senior_level,132440.5,10.0,University,Network & Systems
Systems Engineer,fulltime,yearly,1,senior_level,172427.5,10.0,University,Network & Systems
IT Support Technician,parttime,hourly,0,mid_level,53040.0,2.0,University,IT Support / Helpdesk
Sr Security Engineer,fulltime,yearly,0,senior_level,157851.0,2.0,University,Cybersecurity
Platform Administrator III - Salesforce,fulltime,yearly,0,mid_level,133478.0,5.0,University,Other / Miscellaneous
MSC Engineer III (Data Center),fulltime,yearly,1,senior_level,130000.0,5.0,High School,Data & Analytics
"Senior Director, Clean Room Data Collaboration",fulltime,yearly,0,senior_level,186000.0,5.0,University,Data & Analytics
"Governance, Risk, Compliance Analyst",fulltime,yearly,0,senior_level,120000.0,2.0,University,Other / Miscellaneous
Sr Director Enterprise Technology,"parttime, fulltime",yearly,1,senior_level,201169.5,10.0,University,IT Management / Director
Sr Director Customer Technology,"parttime, fulltime",yearly,1,senior_level,189044.0,15.0,University,IT Management / Director
Sr Director Field Technology,"parttime, fulltime",yearly,1,senior_level,197302.0,10.0,University,IT Management / Director
EHR Technical Implementation Manager,internship,yearly,1,senior_level,170000.0,3.0,Online/Courses,IT Management / Director
Sr. Product Manager-Data Platform (Remote),fulltime,yearly,1,senior_level,150000.0,5.0,University,Data & Analytics
Sr HRIS Analyst (Workday),fulltime,yearly,1,senior_level,99000.0,5.0,University,Other / Miscellaneous
Senior Workday Certified Project Manager,fulltime,yearly,1,senior_level,155000.0,3.0,University,Project / Program Management
"Vice President, CRM Strategy & Transformation",fulltime,yearly,0,senior_level,240000.0,10.0,University,IT Management / Director
IT Associate,fulltime,yearly,1,senior_level,64225.0,4.0,University,General IT / Other IT Role
Associate Identity and Access Management Engineer,fulltime,yearly,1,mid_level,72500.0,1.0,University,General IT / Other IT Role
Incident Response Analyst,fulltime,yearly,1,senior_level,98856.5,3.0,University,Other / Miscellaneous
Oracle PPM Cloud Principal Consultant,contract,yearly,0,senior_level,120121.0,11.0,University,Consulting / Specialist
Vulnerability Assessment Analyst,internship,yearly,0,mid_level,77660.0,4.0,High School,General IT / Other IT Role
Principal Product Manager - Remote,internship,yearly,1,senior_level,223500.0,15.0,Online/Courses,IT Management / Director
Network Support Technician – Level 1,fulltime,yearly,0,mid_level,40464.5,3.0,High School,IT Support / Helpdesk
Project Information Specialist I - New Graduate,internship,yearly,0,entry_level,74500.0,2.0,University,Consulting / Specialist
IT Technologist I,fulltime,yearly,1,executive_level,49000.0,1.0,University,General IT / Other IT Role
Operations Supervisor- Datacenter,fulltime,yearly,0,senior_level,87947.5,5.0,High School,Data & Analytics
Senior Systems Analyst- IT-Applications Mgmt,fulltime,yearly,0,senior_level,110832.5,3.0,University,General IT / Other IT Role
System Administrator – TS/SCI,fulltime,yearly,0,executive_level,116875.0,8.0,University,Network & Systems
"Director, Operations Data Delivery",fulltime,yearly,1,senior_level,176583.0,3.0,University,Data & Analytics
Implementation Project Manager II (Work Remotely Anywhere in the U.S.),fulltime,yearly,1,senior_level,76500.0,5.0,University,Project / Program Management
Senior Engineering Product Manager LM2500,internship,yearly,0,senior_level,129447.5,5.0,University,IT Management / Director
"Application Administrator II, IT",fulltime,yearly,1,mid_level,89795.5,3.0,University,General IT / Other IT Role
Project Manager - (Remote),internship,yearly,1,mid_level,83382.0,2.0,University,Project / Program Management
Security Engineer,fulltime,yearly,1,senior_level,125000.0,1.0,University,Cybersecurity
VP Critical Markets,fulltime,yearly,1,mid_level,172395.0,7.0,University,IT Management / Director
Senior IT Support Analyst,fulltime,yearly,1,senior_level,67781.5,2.0,University,IT Support / Helpdesk
ECLSS System Engineer,contract,yearly,0,senior_level,119776.0,5.0,University,General IT / Other IT Role
Technical Project Manager II,fulltime,yearly,0,senior_level,93042.0,3.0,University,Project / Program Management
D365 F&O Functional Solution Architect - Post-Implementation Support,fulltime,yearly,1,senior_level,140000.0,5.0,University,IT Support / Helpdesk
Frontline Support Manager,fulltime,yearly,1,mid_level,93018.0,7.0,Online/Courses,IT Support / Helpdesk
Senior Systems Administrator,fulltime,yearly,1,entry_level,93248.5,5.0,University,Network & Systems
Security Engineer (Cloud Security),fulltime,yearly,1,senior_level,137500.0,5.0,University,Cybersecurity
Senior Network Engineer,fulltime,yearly,1,senior_level,125695.0,5.0,Online/Courses,Network & Systems
Integration Specialist,fulltime,yearly,0,mid_level,72500.0,2.0,University,Consulting / Specialist
Senior Salesforce Developer,contract,yearly,0,senior_level,107500.0,8.0,University,Software Development
Information Systems Security Officer (IAM II) - Top Secret Clearance,fulltime,yearly,0,senior_level,119342.0,20.0,University,Cybersecurity
"Program Manager Strategic Planning, Day Shift, System Strategy",fulltime,yearly,0,senior_level,111695.5,3.0,University,Project / Program Management
ERP Systems Analyst / Programmer,fulltime,yearly,1,mid_level,99839.5,5.0,University,Software Development
EMR Optimization Specialist,fulltime,yearly,0,senior_level,74666.5,5.0,University,Consulting / Specialist
IT Support Specialist,internship,yearly,0,mid_level,76968.0,2.0,University,IT Support / Helpdesk
Technical Team Lead,fulltime,yearly,1,mid_level,157500.0,7.0,University,General IT / Other IT Role
Staff Systems Integration Engineer,fulltime,yearly,0,entry_level,144800.0,3.0,University,General IT / Other IT Role
"Sr. Manager, Support Readiness (Serviceability)",fulltime,yearly,0,senior_level,245500.0,3.0,University,IT Support / Helpdesk
Briefer Technical Trainer (Part-time) - REMOTE Opportunity (National Capital Region),parttime,hourly,1,mid_level,87360.0,10.0,Online/Courses,Data & Analytics
Implementation Project Manager - Public Sector,fulltime,yearly,0,mid_level,123757.5,5.0,University,Project / Program Management
Implementation Project Manager,fulltime,yearly,0,mid_level,125305.5,5.0,University,Project / Program Management
"Product Manager, Strategic Tender Pricing (freight / logistics)",fulltime,yearly,0,mid_level,108000.0,3.0,University,IT Management / Director
Business Systems Analyst,internship,yearly,1,mid_level,88152.5,3.0,University,General IT / Other IT Role
Systems Administrator (Low Band),fulltime,yearly,0,entry_level,82700.5,5.0,University,Network & Systems
IT Systems Administrator,fulltime,yearly,0,mid_level,95653.0,3.0,University,Network & Systems
Vulnerability Management Analyst (Web Applications),fulltime,yearly,0,mid_level,100951.0,4.0,University,General IT / Other IT Role
"Experienced Engineering Manager, Security",fulltime,yearly,0,senior_level,289080.0,8.0,University,Cybersecurity
Software Support Engineer,fulltime,yearly,0,senior_level,62500.0,1.0,High School,IT Support / Helpdesk
Sr. Scrum Master/Project Manager with Utility Experience,contract,hourly,1,senior_level,176800.0,10.0,University,Project / Program Management
"IT Customer Experience Analyst Schaumburg, IL Hybrid",fulltime,yearly,0,senior_level,81594.5,4.0,University,General IT / Other IT Role
Project Manager Lead - Cloud Software Deployment US Remote,fulltime,yearly,1,senior_level,127567.0,7.0,University,Project / Program Management
"Experienced Consultant, Salesforce (Chicago)",internship,yearly,0,senior_level,108650.0,2.0,University,Consulting / Specialist
"Senior Consultant, NetSuite (Minneapolis)",internship,yearly,0,entry_level,122250.0,4.0,University,Consulting / Specialist
Senior Innovation Project Manager,fulltime,yearly,0,senior_level,110000.0,5.0,University,Project / Program Management
Platform Product Manager – Adobe Real Time CDP – R01543119,internship,yearly,0,senior_level,118748.0,13.0,University,IT Management / Director
"Director, Engineering (Client & Performance)",fulltime,yearly,1,senior_level,326500.0,5.0,University,IT Management / Director
Quickbase Developer,fulltime,yearly,0,senior_level,91029.5,3.0,High School,Software Development
Client Support Engineer,fulltime,yearly,1,senior_level,65000.0,3.0,University,IT Support / Helpdesk
Mid-Level System Administrator,fulltime,yearly,0,senior_level,139000.0,5.0,University,Network & Systems
"Director, IT Network Operations",fulltime,yearly,0,executive_level,157500.0,10.0,University,Network & Systems
Security Systems Engineer,fulltime,yearly,0,mid_level,75000.0,2.0,University,Network & Systems
Senior IT Analyst - Leadership Support,fulltime,yearly,1,senior_level,81527.5,8.0,University,IT Support / Helpdesk
"Principal Consultant, Projects – Dynamics 365 F&SCM",fulltime,yearly,0,senior_level,148475.0,6.0,University,Consulting / Specialist
"Senior Consultant, Finance – Dynamics 365 F&SCM",fulltime,yearly,0,entry_level,126802.0,3.0,University,Consulting / Specialist
Laserfiche & PCI Compliance Administrator,fulltime,yearly,0,senior_level,83200.0,3.0,University,Other / Miscellaneous
Senior Product Manager,fulltime,yearly,0,senior_level,129000.0,5.0,University,IT Management / Director
Principal Engineering Program Manager,fulltime,yearly,0,senior_level,198650.0,10.0,University,Project / Program Management
"Sr Design Program Manager, Growth",fulltime,yearly,0,senior_level,163050.0,8.0,University,Project / Program Management
Systems Engineer III,fulltime,yearly,1,senior_level,82500.0,5.0,University,Network & Systems
Cloud Engineer,fulltime,yearly,0,senior_level,135000.0,5.0,University,Network & Systems
Technical Product Owner,internship,yearly,0,entry_level,122093.0,3.0,University,General IT / Other IT Role
"Cloud Architect - GCP, Terraform, GitLab, CCoE",contract,hourly,1,entry_level,218400.0,2.0,University,General IT / Other IT Role
Network System Administrator or Senior,fulltime,yearly,1,mid_level,111019.5,2.0,University,Network & Systems
Information Technology Manager,fulltime,yearly,0,senior_level,112500.0,5.0,University,IT Management / Director
ServiceNow Developer [JOB ID: 20241120],fulltime,yearly,1,executive_level,114732.0,5.0,University,Software Development
Cybersecurity Engineer (SOAR) [JOB ID 20241120],fulltime,yearly,1,executive_level,100000.0,3.0,University,Cybersecurity
DLP Engineer [JOB ID 20241120],fulltime,yearly,1,executive_level,113624.0,5.0,University,General IT / Other IT Role
Cybersecurity Engineer [JOB ID 20241120],fulltime,yearly,1,mid_level,100000.0,5.0,University,Cybersecurity
Interface Engineer - Information Technology,fulltime,hourly,1,senior_level,88400.0,3.0,High School,General IT / Other IT Role
Platform Infrastructure Engineer,fulltime,yearly,1,senior_level,141455.5,5.0,University,Network & Systems
Product Manager - Agent Incentives,fulltime,yearly,1,mid_level,126000.0,2.0,University,IT Management / Director
Engineer II – Search PaaS (Platform as a Service),fulltime,yearly,0,mid_level,132500.0,2.0,University,General IT / Other IT Role
Product Owner,fulltime,yearly,1,senior_level,85000.0,2.0,University,Other / Miscellaneous
Enterprise Application Integration (EA) Engineer - 2269,fulltime,yearly,0,senior_level,120120.0,5.0,University,General IT / Other IT Role
Technical Program Manager - Compliance Assessments,"fulltime, contract",hourly,0,senior_level,101920.0,5.0,Online/Courses,Project / Program Management
Director of IT,fulltime,yearly,1,senior_level,153091.0,3.0,University,IT Management / Director
Financial Systems Analyst,fulltime,yearly,0,mid_level,117400.0,5.0,University,General IT / Other IT Role
Consulting Systems Engineer,fulltime,yearly,0,mid_level,150000.0,3.0,University,Network & Systems
Proposals - Senior Manager,fulltime,yearly,1,mid_level,165157.0,6.0,University,IT Management / Director
Desktop Support,contract,hourly,0,mid_level,46800.0,4.0,University,IT Support / Helpdesk
Desktop Support Technician,contract,hourly,0,mid_level,45760.0,4.0,University,IT Support / Helpdesk
Integration Engineer,fulltime,yearly,0,senior_level,100000.0,5.0,University,General IT / Other IT Role
Sr IT EventOps Engineer,fulltime,yearly,1,senior_level,118750.0,3.0,University,General IT / Other IT Role
Desktop Support Technician,contract,hourly,1,mid_level,48880.0,4.0,University,IT Support / Helpdesk
Senior IT Service Desk Specialist,fulltime,yearly,1,entry_level,118208.0,2.0,University,IT Support / Helpdesk
Desktop Support Technician,contract,hourly,1,mid_level,49920.0,4.0,University,IT Support / Helpdesk
"Associate Product Owner - Hybrid, GA",fulltime,yearly,0,senior_level,112500.0,6.0,University,Other / Miscellaneous
"IT Service & Incident Analyst II - Onsite, Columbus GA",fulltime,yearly,0,senior_level,66000.0,2.0,University,General IT / Other IT Role
Salesforce Administrator,fulltime,yearly,1,senior_level,105062.5,6.0,University,Other / Miscellaneous
Desktop Support-1,contract,yearly,0,senior_level,53441.0,2.0,High School,IT Support / Helpdesk
Desktop Support-1,contract,yearly,1,senior_level,59441.0,2.0,High School,IT Support / Helpdesk
IT Support Technician-1,contract,yearly,0,mid_level,46685.5,2.0,University,IT Support / Helpdesk
Desktop Support-1,contract,yearly,0,executive_level,57590.5,2.0,University,IT Support / Helpdesk
Desktop Support-1,contract,yearly,0,senior_level,59953.0,2.0,University,IT Support / Helpdesk
Lead Project Manager,fulltime,yearly,1,senior_level,92368.0,5.0,University,Project / Program Management
Sr Director of Customer Success,fulltime,yearly,0,senior_level,184106.5,10.0,University,IT Management / Director
"Practice Area Leader, Rule of Law and Security Sector Strengthening",internship,yearly,0,mid_level,194500.0,15.0,University,Cybersecurity
Security Engineer,"parttime, fulltime",yearly,0,mid_level,111449.5,1.0,University,Cybersecurity
Workstation Support Specialist,"fulltime, contract",hourly,1,executive_level,47840.0,2.0,University,IT Support / Helpdesk
IT Contract Administration Support Specialist,fulltime,yearly,1,senior_level,60000.0,2.0,High School,IT Support / Helpdesk
IT Solutions Program Manager,fulltime,yearly,1,senior_level,141545.0,5.0,University,Project / Program Management
Product Growth Manager – Payments,"fulltime, contract",hourly,0,senior_level,109200.0,8.0,University,IT Management / Director
Clinical Program Consultant - Remote,fulltime,yearly,1,mid_level,130600.0,3.0,University,Consulting / Specialist
"Supervisor, IT Service Delivery",fulltime,yearly,0,mid_level,111500.0,5.0,University,General IT / Other IT Role
Network Architect,fulltime,yearly,0,senior_level,160000.0,3.0,University,Network & Systems
Senior Systems Administrator L3,fulltime,yearly,0,mid_level,110000.0,3.0,University,Network & Systems
System Architect,fulltime,yearly,1,mid_level,160000.0,3.0,University,General IT / Other IT Role
Systems Network Engineer L2,fulltime,yearly,0,mid_level,117500.0,3.0,University,Network & Systems
Cyber Specialist,fulltime,yearly,0,senior_level,92500.0,1.0,University,Consulting / Specialist
Systems Engineer Senior L2,fulltime,yearly,1,mid_level,117500.0,3.0,University,Network & Systems
Information Security Assurance Analyst,fulltime,yearly,0,mid_level,89676.0,3.0,High School,Cybersecurity
Senior Technical Designer,fulltime,yearly,1,mid_level,183700.0,6.0,University,General IT / Other IT Role
Azure Customer Engineer,fulltime,yearly,0,senior_level,153550.0,2.0,University,General IT / Other IT Role
Security Researcher,fulltime,yearly,0,mid_level,153550.0,3.0,University,Cybersecurity
Senior Product Manager,fulltime,yearly,0,senior_level,183700.0,5.0,Online/Courses,IT Management / Director
Technical Program Manager,fulltime,yearly,0,senior_level,183700.0,2.0,University,Project / Program Management
"Principal Product Manager,Bing Places Data",fulltime,yearly,0,senior_level,215800.0,8.0,University,Data & Analytics
"AVP, IAM Security Engineer",internship,yearly,1,mid_level,127500.0,1.0,High School,Cybersecurity
"AVP, Information Security DevOps Engineer",internship,yearly,1,mid_level,102500.0,5.0,High School,Cybersecurity
"AVP, Threat Informed Defense Engineer",internship,yearly,1,mid_level,127500.0,3.0,High School,IT Management / Director
Help Desk Support,"fulltime, contract",hourly,1,senior_level,47840.0,2.0,University,IT Support / Helpdesk
"Senior Product Manager, Thirty Million Words",fulltime,yearly,0,senior_level,155000.0,7.0,Online/Courses,IT Management / Director
Senior Systems Engineer,contract,yearly,0,mid_level,109255.5,8.0,University,Network & Systems
Sr. Product Manager,fulltime,yearly,0,senior_level,155512.5,5.0,University,IT Management / Director
Project Manager,internship,yearly,0,senior_level,106340.0,5.0,University,Project / Program Management
Technical Program Manager,internship,yearly,0,senior_level,131654.0,5.0,University,Project / Program Management
Senior Software Systems Engineer,fulltime,yearly,1,senior_level,189100.0,12.0,Online/Courses,Network & Systems
"Capability Transformation Portfolio Lead, Capability Transformation",fulltime,yearly,0,mid_level,194900.0,12.0,Online/Courses,General IT / Other IT Role
"Senior Program Director, Technology - Simon Initiative",fulltime,yearly,0,senior_level,139989.0,10.0,Online/Courses,IT Management / Director
Workday Technical Project Manager,contract,hourly,0,senior_level,197600.0,10.0,University,Project / Program Management
"AVP, Environmental",internship,yearly,1,mid_level,196373.5,10.0,University,IT Management / Director
"Senior Director, Service Training",contract,yearly,1,mid_level,157260.0,15.0,University,Data & Analytics
Project Manager - Infrastructure/Cabling,internship,yearly,1,entry_level,100673.5,10.0,University,Network & Systems
Principal Cybersecurity,fulltime,yearly,0,senior_level,197800.0,8.0,University,Cybersecurity
Senior Services Operations Analyst,internship,yearly,1,senior_level,110000.0,2.0,University,Other / Miscellaneous
IT Project Manager,"parttime, fulltime, internship",yearly,0,senior_level,71717.0,5.0,University,Project / Program Management
Software Implementation Project Manager,contract,yearly,1,senior_level,128788.5,7.0,University,Project / Program Management
Head of Product - Global Products & Services,fulltime,yearly,0,senior_level,200196.0,10.0,University,IT Management / Director
Engineering Tech Lead,fulltime,yearly,1,mid_level,182293.0,4.0,University,General IT / Other IT Role
Product Manager,internship,yearly,0,senior_level,107350.0,5.0,University,IT Management / Director
"Technical Program Manager, CRM",internship,yearly,0,senior_level,143448.5,5.0,University,Project / Program Management
Desktop Support Technician,contract,hourly,1,mid_level,48880.0,4.0,University,IT Support / Helpdesk
Desktop Support Technician,contract,hourly,1,mid_level,43680.0,1.0,University,IT Support / Helpdesk
"Senior Principal Consultant, Professional Services",fulltime,yearly,1,senior_level,146000.0,8.0,University,Consulting / Specialist
Sr. Program Manager,fulltime,yearly,0,senior_level,144842.5,7.0,University,Project / Program Management
Jr. Business Systems Analyst @Tennessee- Local Profiles only,"fulltime, contract",hourly,1,senior_level,55120.0,3.0,University,General IT / Other IT Role
OTM Consultant,fulltime,yearly,1,senior_level,125000.0,10.0,University,Consulting / Specialist
Senior Staff Technical Program Manager,fulltime,yearly,0,senior_level,178500.0,5.0,University,Project / Program Management
Senior Systems Engineer,fulltime,yearly,0,mid_level,130000.0,6.0,University,Network & Systems
Senior Auto Bodily Injury Technical Specialist,contract,yearly,1,senior_level,115900.0,3.0,High School,Consulting / Specialist
"Director, Device System â€“ Design Control",fulltime,yearly,1,senior_level,212100.0,10.0,University,IT Management / Director
Teamcenter Product Architect,internship,yearly,0,mid_level,135161.0,10.0,University,General IT / Other IT Role
Technical Operations Administrator,contract,hourly,1,executive_level,75920.0,3.0,University,General IT / Other IT Role
Information Systems Project Manager,fulltime,yearly,1,senior_level,98574.0,5.0,University,Project / Program Management
Desktop Support Technician,contract,hourly,0,mid_level,45760.0,4.0,University,IT Support / Helpdesk
HRIS Analyst - On-site,fulltime,yearly,0,mid_level,90945.5,5.0,High School,General IT / Other IT Role
Senior Business Systems Analyst,fulltime,yearly,0,senior_level,103854.0,5.0,University,General IT / Other IT Role
Program Test Systems Engineer,fulltime,yearly,0,senior_level,137500.0,7.0,University,Network & Systems
Junior Network Administrator,fulltime,yearly,1,entry_level,67497.0,2.0,University,Network & Systems
Mainframe Lead with Payroll Exp,contract,hourly,1,senior_level,140400.0,10.0,University,Data & Analytics
Desktop Technical Support,"fulltime, contract",hourly,0,mid_level,57200.0,5.0,University,IT Support / Helpdesk
Manager Unified Communications,fulltime,yearly,0,mid_level,97518.0,3.0,University,IT Management / Director
Cloud Infrastructure Engineer Prin,fulltime,yearly,1,senior_level,134700.0,7.0,University,Network & Systems
IT Manager,fulltime,yearly,0,senior_level,96708.0,7.0,Online/Courses,IT Management / Director
Desktop Support Technician,contract,hourly,1,mid_level,43680.0,1.0,University,IT Support / Helpdesk
Product Manager – Shop Management Solutions,fulltime,yearly,1,entry_level,135080.5,8.0,University,IT Management / Director
Product Manager – Shop Foundations,fulltime,yearly,1,entry_level,137985.0,8.0,University,IT Management / Director
IT Support Specialist,fulltime,yearly,0,senior_level,82500.0,4.0,University,IT Support / Helpdesk
Level 3 Engineer w/ Managerial Advancement Opportunities,internship,yearly,0,entry_level,106626.0,10.0,University,IT Management / Director
System Admin Specialist,fulltime,yearly,0,senior_level,67390.5,3.0,Online/Courses,Consulting / Specialist
Principal Systems Analyst,fulltime,yearly,0,mid_level,164000.0,12.0,University,General IT / Other IT Role
Technical Success Manager (Remote),fulltime,yearly,1,executive_level,148800.0,8.0,University,IT Management / Director
Application Security Engineer,"temporary, contract",hourly,0,senior_level,130000.0,10.0,University,Cybersecurity
Staff Engineer,fulltime,yearly,1,senior_level,157085.5,5.0,University,General IT / Other IT Role
Government Information Security - Program Manager,fulltime,yearly,0,senior_level,180906.0,6.0,University,Cybersecurity
IT Specialist,fulltime,yearly,1,mid_level,56250.0,0.0,Online/Courses,Consulting / Specialist
IT SPECIALIST (INFOSEC),"parttime, fulltime",yearly,0,mid_level,94005.5,20.0,Online/Courses,Cybersecurity
"Director, McKesson Brands Product Engineer",contract,yearly,0,senior_level,193850.0,10.0,University,IT Management / Director
Associate Implementation Specialist,contract,hourly,0,mid_level,75920.0,2.0,University,Consulting / Specialist
"IT Analyst, Laboratory Systems - Clinical Lab",internship,hourly,0,senior_level,126880.0,3.0,University,General IT / Other IT Role
Computer Support Specialist IV,fulltime,yearly,1,executive_level,87500.0,4.0,University,IT Support / Helpdesk
Data Systems Manager,fulltime,yearly,0,senior_level,65000.0,5.0,University,Data & Analytics
Information Technology Project Manager 14 - Agile Coach,fulltime,hourly,1,mid_level,92560.0,1.0,University,Project / Program Management
Chief Architect Federal NSG - CTJ - Poly,fulltime,yearly,0,senior_level,199050.0,7.0,University,IT Management / Director
Space Test and Training Network Engineer L3,fulltime,yearly,0,mid_level,182500.0,10.0,University,Network & Systems
Solutions Architect,fulltime,hourly,1,mid_level,100880.0,4.0,High School,Consulting / Specialist
PC Configuration and Installation Technicians,fulltime,yearly,0,mid_level,53534.0,2.0,High School,IT Support / Helpdesk
Consulting Member of Technical Staff,fulltime,yearly,0,senior_level,184801.5,10.0,University,General IT / Other IT Role
Information Security Specialist IV (IA Log Analyzer),fulltime,yearly,1,senior_level,92500.0,7.0,University,Cybersecurity
Ecosystem Product Manager - USDS,internship,yearly,0,senior_level,197720.0,4.0,University,IT Management / Director
Senior Cloud Platform Engineer,fulltime,yearly,1,senior_level,119300.0,6.0,University,General IT / Other IT Role
Senior ERP Systems Administrator,fulltime,yearly,0,senior_level,108431.0,10.0,University,Network & Systems
Senior HPC Systems Engineer,fulltime,yearly,0,mid_level,124982.0,2.0,University,Network & Systems
Project Manager 2,contract,hourly,0,senior_level,176800.0,10.0,University,Project / Program Management
Probability & Statistics and Linear Algebra || (Only Bachelors Degree preferred ),"parttime, contract",hourly,1,senior_level,41600.0,2.0,Online/Courses,General IT / Other IT Role
Senior Systems Analyst/Programmer (Systems Programmer/Analyst),fulltime,yearly,1,senior_level,60000.0,2.0,Online/Courses,Software Development
IT Service Delivery Manager,contract,hourly,0,senior_level,140400.0,10.0,University,IT Management / Director
SAP Services - Basis Consultant,contract,hourly,0,senior_level,141440.0,12.0,University,Consulting / Specialist
People Analytics & Systems Engineer,fulltime,yearly,1,mid_level,81556.5,2.0,University,Network & Systems
Project Manager,contract,hourly,0,senior_level,135200.0,10.0,Online/Courses,Project / Program Management
DevSecOps Engineer,internship,yearly,0,mid_level,118873.5,5.0,High School,Cybersecurity
Supportability and Release Readiness Manager,fulltime,yearly,1,senior_level,196250.0,5.0,Online/Courses,IT Support / Helpdesk
Systems/Programmer I - Physical Med & Rehab,fulltime,hourly,0,mid_level,40560.0,0.0,University,Software Development
EAM Sr Project Manager,contract,yearly,0,senior_level,145190.0,10.0,University,Project / Program Management
Strategic Program Analyst,fulltime,yearly,1,senior_level,81448.0,3.0,University,Other / Miscellaneous
Network Administrator 2,"parttime, fulltime, internship",yearly,1,entry_level,73000.0,5.0,University,Network & Systems
Chief Technology Officer (CTO),parttime,hourly,1,senior_level,197600.0,5.0,University,IT Management / Director
Lead Systems Administrator / Engineer,fulltime,yearly,0,senior_level,102500.0,2.0,University,Network & Systems
"Director, ISV Partner Commercialization",contract,yearly,0,mid_level,153247.0,5.0,University,IT Management / Director
"Sr. Product Manager, Advanced Search",fulltime,yearly,1,senior_level,160000.0,5.0,University,IT Management / Director
Director of Information Technology,fulltime,yearly,0,senior_level,140000.0,5.0,University,IT Management / Director
Solutions Engineer (Implementation),fulltime,yearly,1,senior_level,140000.0,4.0,University,General IT / Other IT Role
Senior Applications Engineer,internship,yearly,0,senior_level,108606.5,4.0,High School,General IT / Other IT Role
Salesforce CPQ Implementation Consultant (US/Canada - Remote),internship,yearly,1,senior_level,98147.5,2.0,University,Consulting / Specialist
Security Advisor - REMOTE,fulltime,yearly,1,senior_level,164957.5,5.0,University,Cybersecurity
Migration Consultant,fulltime,yearly,1,senior_level,125000.0,3.0,University,Consulting / Specialist
Supervisor - Technology Support Services,fulltime,yearly,0,mid_level,135647.0,10.0,Online/Courses,IT Support / Helpdesk
Sr Staff Technical Program Manager,internship,yearly,0,senior_level,156250.0,5.0,University,Project / Program Management
IT Desktop Manager - Business Solutions,fulltime,yearly,0,mid_level,78456.5,8.0,High School,IT Management / Director
Systems Engineer I,fulltime,yearly,0,senior_level,71762.5,3.0,University,Network & Systems
Network Services Program Manager,contract,yearly,1,mid_level,121880.0,4.0,University,Network & Systems
HRIS Analyst,fulltime,yearly,1,mid_level,91279.0,4.0,University,Other / Miscellaneous
"Services Solutions Architect, Cloud",fulltime,yearly,1,senior_level,151000.0,10.0,University,Consulting / Specialist
Technical Lead For Network/DC Operations,fulltime,yearly,0,entry_level,140000.0,7.0,University,Network & Systems
IT Support Technician,fulltime,yearly,0,mid_level,48027.0,3.0,High School,IT Support / Helpdesk
Project Manager Learning and Performance,fulltime,yearly,1,senior_level,100500.0,5.0,Online/Courses,Project / Program Management
"Senior Director, Government Relations and Policy Position, Health IT",fulltime,yearly,1,senior_level,162500.0,5.0,University,IT Management / Director
Sr. Project Manager (EHR/ Data Migration/ InterSystems Caché Database/ Oracle/ SQL),"fulltime, contract",hourly,1,senior_level,218400.0,12.0,University,Project / Program Management
"Product Owner, Dwelling (Onsite)",fulltime,yearly,0,senior_level,90000.0,7.0,University,General IT / Other IT Role
Senior IT Infrastructure Engineer,fulltime,yearly,1,senior_level,148700.0,12.0,Online/Courses,Network & Systems
Senior Product Manager,fulltime,yearly,1,senior_level,146000.0,6.0,University,IT Management / Director
Information System Security Officer (ISSO),fulltime,yearly,0,senior_level,140609.0,8.0,University,Cybersecurity
Oracle Cloud HCM - (OTL/Absence ) Manager (1464),fulltime,yearly,1,mid_level,155309.0,10.0,University,IT Management / Director
Help Desk Support Specialist II,fulltime,yearly,1,mid_level,50091.0,2.0,High School,IT Support / Helpdesk
Technical Support Specialist II,fulltime,yearly,0,senior_level,60160.0,2.0,University,IT Support / Helpdesk
Product Manager - Endpoint Technologies,fulltime,yearly,1,senior_level,130413.0,2.0,University,IT Management / Director
Sr Product Owner - Digital Client Experience,fulltime,yearly,1,senior_level,153188.5,5.0,University,General IT / Other IT Role
Enterprise Security Architect,fulltime,yearly,0,entry_level,136913.5,5.0,High School,Cybersecurity
"Project Manager, New Product Development",fulltime,yearly,1,senior_level,68815.0,2.0,University,Project / Program Management
Technical Project Manager,contract,hourly,1,senior_level,140400.0,7.0,University,Project / Program Management
Senior Network Engineer,fulltime,yearly,0,mid_level,120000.0,6.0,University,Network & Systems
IT Support Analyst II,fulltime,hourly,0,mid_level,79040.0,2.0,University,IT Support / Helpdesk
Director Of Production,internship,yearly,0,senior_level,150000.0,5.0,University,IT Management / Director
Senior Customer Support Engineer,fulltime,yearly,1,senior_level,95050.0,2.0,Online/Courses,IT Support / Helpdesk
Senior Technology Analyst,internship,monthly,0,senior_level,9637.5,5.0,Online/Courses,General IT / Other IT Role
Desktop Support Technician,fulltime,yearly,0,mid_level,50000.0,3.0,University,IT Support / Helpdesk
IT Systems Engineer,fulltime,yearly,1,senior_level,95343.5,5.0,University,Network & Systems
"Senior Product Manager, Provider Experience & Data",fulltime,yearly,1,mid_level,143383.5,3.0,University,Data & Analytics
Staff Engineer - SRE Platform,fulltime,yearly,0,mid_level,170000.0,10.0,University,General IT / Other IT Role
"Manager, Network Operations Center",fulltime,yearly,0,senior_level,126693.5,1.0,University,Network & Systems
5-Axis Laser Program Manager,fulltime,yearly,0,senior_level,98892.5,5.0,University,Project / Program Management
Director of Revenue Management,fulltime,yearly,0,senior_level,120658.0,10.0,University,IT Management / Director
SAP GRC Consultant,fulltime,yearly,1,senior_level,92956.0,3.0,University,Consulting / Specialist
AWS Engineer,fulltime,yearly,0,mid_level,122950.0,6.0,University,General IT / Other IT Role
"Product Support Expert, Field Support",fulltime,yearly,1,senior_level,65000.0,3.0,University,IT Support / Helpdesk
Senior Project Manager,fulltime,yearly,0,entry_level,136163.5,10.0,University,Project / Program Management
Scrum Master (Contract to Hire),contract,hourly,1,senior_level,132080.0,3.0,University,Project / Program Management
Desktop Support Technician - SC - On Site,internship,yearly,0,mid_level,53168.0,3.0,University,IT Support / Helpdesk
Project Manager,fulltime,yearly,0,mid_level,100805.5,6.0,University,Project / Program Management
IT Manager (Hybrid),fulltime,yearly,0,mid_level,115141.5,5.0,University,IT Management / Director
Program Manager,fulltime,yearly,0,senior_level,107893.5,15.0,University,Project / Program Management
Systems Analyst (INFOR XA ERP = MAPICS),internship,yearly,0,senior_level,101028.5,5.0,University,General IT / Other IT Role
IT Manager,internship,yearly,1,senior_level,111238.0,7.0,University,IT Management / Director
Senior Windows System Administrator,contract,hourly,0,entry_level,161200.0,16.0,University,Network & Systems
Service Desk Technician,fulltime,yearly,0,senior_level,47000.0,0.0,High School,IT Support / Helpdesk
Software Support Specialist I,fulltime,yearly,1,senior_level,45765.0,1.0,University,IT Support / Helpdesk
Network Domain/Email Engineer,fulltime,yearly,0,mid_level,94664.0,2.0,University,Network & Systems
Network Security Engineer,fulltime,yearly,0,mid_level,94664.0,1.0,University,Network & Systems
Director of Engineering,fulltime,yearly,1,senior_level,155000.0,10.0,University,IT Management / Director
IT Service Desk Technician II,fulltime,yearly,0,executive_level,51500.0,2.0,High School,IT Support / Helpdesk
Scientific Product Manager (Biotechnology Company),fulltime,yearly,0,senior_level,72500.0,3.0,Online/Courses,IT Management / Director
Principal Program Manager,"fulltime, contract",yearly,1,senior_level,125000.0,8.0,University,Project / Program Management
Help Desk Technician 1,fulltime,yearly,1,mid_level,70673.0,4.0,University,IT Support / Helpdesk
Network Engineer/Administrator,contract,hourly,0,mid_level,140400.0,5.0,University,Network & Systems
Enterprise Architect,fulltime,yearly,1,senior_level,172500.0,8.0,University,Consulting / Specialist
IT Tech Analyst,fulltime,yearly,0,entry_level,61738.5,1.0,University,General IT / Other IT Role
IT Tech Analyst,fulltime,yearly,0,entry_level,63163.0,1.0,University,General IT / Other IT Role
Energy Analyst,fulltime,yearly,1,senior_level,60318.0,1.0,University,Other / Miscellaneous
IT Support Technician,fulltime,yearly,1,mid_level,62630.5,5.0,High School,IT Support / Helpdesk
Quality and Training Analyst I,fulltime,yearly,0,senior_level,71329.5,3.0,University,Data & Analytics
ITSM Platform Administrator,internship,yearly,0,senior_level,92943.0,4.0,University,General IT / Other IT Role
Telephony Administrator,fulltime,yearly,0,senior_level,53500.0,4.0,University,Other / Miscellaneous
"Senior Director, Discovery IT",fulltime,yearly,0,senior_level,236608.5,15.0,University,IT Management / Director
Cybersecurity Architect,fulltime,yearly,1,mid_level,157688.5,10.0,Online/Courses,Cybersecurity
"Director, ISV Partner Commercialization",contract,yearly,0,mid_level,141000.0,5.0,University,IT Management / Director
Production Services Application Support,internship,yearly,0,senior_level,140085.5,10.0,University,IT Support / Helpdesk
Model-Based Systems Engineering Specialist,fulltime,yearly,0,mid_level,132500.0,5.0,University,Network & Systems
IAM Architect,"fulltime, contract",hourly,1,senior_level,104000.0,10.0,University,General IT / Other IT Role
IT Field Support Technician/ Desktop Support,contract,hourly,1,mid_level,45760.0,4.0,University,IT Support / Helpdesk
VP Mobility,internship,yearly,1,senior_level,152033.0,5.0,University,IT Management / Director
Technical Support - Entry Level,fulltime,hourly,1,executive_level,41600.0,1.0,Online/Courses,IT Support / Helpdesk
Product Support Manager,fulltime,yearly,1,senior_level,110000.0,2.0,Online/Courses,IT Support / Helpdesk
Principal Enterprise Architect - SAP,internship,yearly,1,mid_level,151300.0,12.0,University,Consulting / Specialist
IT Vendor Management Specialist,contract,yearly,1,mid_level,114200.0,7.0,University,Consulting / Specialist
Associate Product Manager (Technology ),fulltime,yearly,0,senior_level,104860.0,2.0,University,IT Management / Director
Sr. Product Manager - Remote,fulltime,yearly,1,senior_level,133315.0,8.0,University,IT Management / Director
IT Senior Systems Engineer,fulltime,yearly,0,entry_level,124200.0,8.0,University,Network & Systems
Outside Plant Network Engineer,fulltime,yearly,1,mid_level,82460.0,8.0,University,Network & Systems
CCIE Certified Lab Expert,fulltime,yearly,0,senior_level,114233.5,7.0,University,Other / Miscellaneous
Senior Microsoft Systems Engineer (Secret clearance required),fulltime,yearly,1,senior_level,175000.0,10.0,University,Network & Systems
Staff Product Security Privacy Engineer,fulltime,yearly,0,senior_level,224050.0,8.0,University,Cybersecurity
IT Director,fulltime,hourly,0,senior_level,88400.0,3.0,University,IT Management / Director
Network Field Operations Engineer,fulltime,hourly,0,senior_level,50960.0,2.0,University,Network & Systems
Information Systems Security Officer,internship,yearly,1,senior_level,133770.5,6.0,University,Cybersecurity
Senior Product Manager,fulltime,yearly,0,senior_level,161208.5,5.0,University,IT Management / Director
AV/IT Technical User Support,internship,hourly,0,senior_level,86320.0,5.0,University,IT Support / Helpdesk
ServiceNow Administrator,internship,yearly,0,mid_level,130000.0,8.0,University,Other / Miscellaneous
"Manager, IT Applications - Workday",fulltime,yearly,1,senior_level,109063.5,3.0,University,IT Management / Director
Software Asset Specialist,internship,yearly,0,senior_level,102352.5,20.0,University,Consulting / Specialist
"Technical Lead, Perception Simulation Realism",fulltime,yearly,1,senior_level,309000.0,10.0,University,General IT / Other IT Role
"Staff Systems Engineer, Depot Automation",fulltime,yearly,1,senior_level,246000.0,8.0,University,Network & Systems
"Technical Lead Manager, Simulation",fulltime,yearly,1,senior_level,256000.0,5.0,University,IT Management / Director
"Technical Lead, Perception Fallback Systems",fulltime,yearly,1,senior_level,309000.0,10.0,University,General IT / Other IT Role
Perception Systems Test Engineer,fulltime,yearly,1,senior_level,207500.0,8.0,University,General IT / Other IT Role
"Analyst III, IMS Security",fulltime,yearly,0,senior_level,124201.5,8.0,University,Cybersecurity
"Technical Program Manager, Machine Learning",fulltime,yearly,1,senior_level,207500.0,4.0,University,Project / Program Management
Field Safety Lead,fulltime,yearly,1,senior_level,271000.0,10.0,University,Other / Miscellaneous
"Product Manager, Planner",fulltime,yearly,1,senior_level,217500.0,2.0,University,IT Management / Director
"PMO Director of Digital Health, Pelvic Health",fulltime,yearly,1,mid_level,236000.0,10.0,University,Project / Program Management
Principal Cloud Software Engineer - Digital Health Platform,fulltime,yearly,1,mid_level,179000.0,7.0,University,Software Development
Associate Project Manager,contract,yearly,1,senior_level,101241.5,4.0,University,Project / Program Management
Windows Server System Administrator (16 yrs exp),fulltime,yearly,1,entry_level,155000.0,16.0,University,Network & Systems
CRM Salesforce Associate,fulltime,yearly,1,mid_level,67500.0,2.0,University,Other / Miscellaneous
Security Operations Manager.,fulltime,yearly,0,senior_level,56000.0,2.0,University,Cybersecurity
Industrial/organizational Psychologist,internship,yearly,1,senior_level,151231.0,7.0,University,Other / Miscellaneous
Senior IT Project Manager (Hybrid),contract,hourly,0,senior_level,150800.0,5.0,University,Project / Program Management
Cleared PC Technician (Journeyman-Top Secret),fulltime,yearly,1,mid_level,60142.0,6.0,University,IT Support / Helpdesk
Jr. Salesforce Administrator,fulltime,yearly,1,entry_level,93071.5,2.0,University,Other / Miscellaneous
Director Consumer Support,fulltime,yearly,1,senior_level,125000.0,8.0,University,IT Support / Helpdesk
Injection Operations Engineer (BH0143),fulltime,yearly,0,senior_level,105000.0,2.0,University,General IT / Other IT Role
"Salesforce Developer, CRM",fulltime,yearly,0,executive_level,137500.0,1.0,University,Software Development
Chief IT Operations,fulltime,yearly,0,mid_level,177932.0,15.0,University,IT Management / Director
Senior Security Controls Assessor,contract,hourly,1,entry_level,135200.0,7.0,University,Cybersecurity
Technical Director infrastructure applications architecture exp,"fulltime, contract",hourly,0,senior_level,122720.0,7.0,High School,Network & Systems
Salesforce Developer,fulltime,yearly,1,mid_level,116140.5,5.0,University,Software Development
Desktop Support Technician,contract,hourly,0,mid_level,50960.0,1.0,University,IT Support / Helpdesk
Deskside Support Technician - End user computing,fulltime,hourly,0,mid_level,49920.0,3.0,University,IT Support / Helpdesk
Advisory Solution Consultant,fulltime,yearly,1,senior_level,167400.0,7.0,Online/Courses,Consulting / Specialist
Senior Development Engineer,fulltime,yearly,0,senior_level,120500.0,7.0,University,General IT / Other IT Role
IT Network Administrator,fulltime,yearly,1,senior_level,70000.0,3.0,High School,Network & Systems
Computer Field Technician/ Help Desk,"temporary, fulltime, contract",hourly,1,executive_level,52000.0,1.0,High School,IT Support / Helpdesk
Junior Systems Administrator - Windows (Remote),fulltime,yearly,1,senior_level,65000.0,2.0,University,Network & Systems
IT Project Manager (Prosci Change Management Certification),contract,hourly,0,executive_level,105040.0,4.0,University,Project / Program Management
Senior IT Support Specialist,fulltime,yearly,1,executive_level,69000.0,4.0,University,IT Support / Helpdesk
IT Solutions Analyst Lead,fulltime,yearly,0,entry_level,126643.5,7.0,University,General IT / Other IT Role
Senior Project Manager - Admin Cost Containment,fulltime,yearly,0,senior_level,96150.0,4.0,High School,Project / Program Management
IT Cybersecurity Specialist (INFOSEC),fulltime,yearly,0,mid_level,177932.0,5.0,Online/Courses,Cybersecurity
Director Purchased Services - Healthcare,fulltime,yearly,0,mid_level,122500.0,7.0,University,IT Management / Director
QAD ERP Administrator,fulltime,yearly,0,senior_level,115000.0,5.0,University,Other / Miscellaneous
Technical Support Specialist,contract,hourly,1,mid_level,39520.0,1.0,High School,IT Support / Helpdesk
INFORMATION TECHNOLOGY SPECIALIST (INFOSEC),"parttime, fulltime",yearly,1,mid_level,152935.5,3.0,Online/Courses,Cybersecurity
EHR Implementation Lead,fulltime,yearly,0,senior_level,115000.0,5.0,University,Other / Miscellaneous
IT DC Support Specialist,fulltime,yearly,1,executive_level,65955.0,5.0,University,IT Support / Helpdesk
Telecom Engineer,"temporary, contract",hourly,0,senior_level,78000.0,1.0,University,General IT / Other IT Role
Desktop Support Technician,contract,hourly,1,mid_level,40560.0,1.0,University,IT Support / Helpdesk
Cybersecurity Analyst,fulltime,yearly,0,senior_level,75000.0,2.0,University,Cybersecurity
Audit Associate - IT/IS,internship,yearly,0,mid_level,82760.0,2.0,University,General IT / Other IT Role
Financial Systems Architect,fulltime,yearly,1,mid_level,142800.0,10.0,University,General IT / Other IT Role
Systems Administrator,fulltime,yearly,1,senior_level,55000.0,3.0,University,Network & Systems
Project Manager,"fulltime, contract",hourly,0,senior_level,145600.0,7.0,University,Project / Program Management
IT Systems Administrator,fulltime,yearly,0,senior_level,85024.0,3.0,University,Network & Systems
Cyber Defence SOC Analyst,fulltime,yearly,0,senior_level,87500.0,2.0,University,General IT / Other IT Role
Avaya Telecommunication Specialist,"temporary, contract",hourly,0,senior_level,82160.0,3.0,University,Consulting / Specialist
Principal Solutions Architect - SASE/Zero Trust,fulltime,yearly,0,senior_level,258750.0,10.0,University,Consulting / Specialist
Systems Engineer,fulltime,yearly,0,mid_level,83940.0,5.0,University,Network & Systems
"Vice President, Product Owner - Digital Platform Authentication and Security",fulltime,yearly,0,mid_level,147500.0,7.0,Online/Courses,Cybersecurity
Cloud Operation Engineer,fulltime,yearly,0,senior_level,109868.0,5.0,University,General IT / Other IT Role
Azure Cloud Administrator,contract,hourly,0,entry_level,187200.0,10.0,University,General IT / Other IT Role
Project Manager - Remote,fulltime,yearly,1,senior_level,103355.5,5.0,University,Project / Program Management
Mission Owner,"fulltime, contract",hourly,1,senior_level,145600.0,8.0,University,Other / Miscellaneous
GCP Engineer,contract,yearly,0,senior_level,105860.0,11.0,University,General IT / Other IT Role
"VP, Product",fulltime,yearly,0,mid_level,132500.0,10.0,Bootcamp,IT Management / Director
XCTC Network Technician,parttime,yearly,0,senior_level,56519.0,18.0,University,IT Support / Helpdesk
Financial Systems Analyst - EPM,fulltime,yearly,1,mid_level,107500.0,5.0,University,General IT / Other IT Role
Data Product Manager and Architect,fulltime,yearly,0,senior_level,209000.0,10.0,University,Data & Analytics
Principal (VP),fulltime,yearly,1,senior_level,198355.5,7.0,University,IT Management / Director
IT Asset Management & Mobility Specialist,fulltime,yearly,0,entry_level,40000.0,2.0,University,Consulting / Specialist
Service Desk Specialist-Level 1,fulltime,hourly,1,executive_level,52000.0,1.0,University,IT Support / Helpdesk
Deskside Support Specialist Journeyman,contract,hourly,1,senior_level,57200.0,6.0,University,IT Support / Helpdesk
Project Analyst,internship,yearly,1,entry_level,56397.0,5.0,University,Other / Miscellaneous
AWS Systems Administrator,"fulltime, contract",hourly,1,senior_level,140400.0,4.0,University,Network & Systems
Project Manager,"fulltime, contract",hourly,0,senior_level,140400.0,10.0,University,Project / Program Management
Project Manager,contract,yearly,1,mid_level,112536.0,4.0,University,Project / Program Management
Identity Access Management Analyst,contract,hourly,1,senior_level,192400.0,15.0,University,General IT / Other IT Role
Principal Engineering Manager,fulltime,yearly,1,senior_level,208964.0,8.0,University,IT Management / Director
Group Director Strategy,fulltime,yearly,0,entry_level,210000.0,10.0,University,IT Management / Director
System Administrator,contract,hourly,0,mid_level,111280.0,1.0,University,Network & Systems
Systems Engineer I,fulltime,yearly,0,senior_level,61000.0,1.0,University,Network & Systems
IT Service Desk Technician II,fulltime,hourly,0,executive_level,45760.0,1.0,High School,IT Support / Helpdesk
EAM Project Manager,contract,hourly,0,senior_level,140400.0,10.0,University,Project / Program Management
Systems Architect,"fulltime, contract",hourly,1,senior_level,130000.0,5.0,University,General IT / Other IT Role
"Senior Analytical Lead, Apps",fulltime,yearly,0,senior_level,141500.0,8.0,Online/Courses,Other / Miscellaneous
"Training Lab Architect, Cloud Learning Services",fulltime,yearly,0,mid_level,160000.0,4.0,University,Data & Analytics
Service Delivery Support Technician II,fulltime,yearly,1,mid_level,56847.5,4.0,High School,IT Support / Helpdesk
"Digital Product Management (3-8 Years) – Hybrid in Titusville, NJ",contract,hourly,1,senior_level,108160.0,3.0,University,General IT / Other IT Role
"Senior Specialist, IT Audits and SOX Compliance",internship,yearly,0,senior_level,99400.0,5.0,University,Consulting / Specialist
Senior Systems Administrator,"fulltime, contract",yearly,1,senior_level,146084.5,10.0,University,Network & Systems
"Sr Manager, Technical Program Management",internship,yearly,0,senior_level,215700.0,10.0,University,IT Management / Director
Technical Program Manager,internship,yearly,0,senior_level,147950.0,3.0,University,Project / Program Management
Systems Architect,internship,yearly,0,mid_level,152000.0,5.0,University,General IT / Other IT Role
Senior NetSuite Developer,fulltime,yearly,1,senior_level,142500.0,4.0,University,Software Development
Product Owner,fulltime,yearly,0,senior_level,163500.0,5.0,University,Other / Miscellaneous
General Manager,fulltime,yearly,1,senior_level,125379.5,7.0,University,IT Management / Director
Configuration Management Intern - Summer 2025,temporary,hourly,0,senior_level,39520.0,4.0,University,Intern / Entry Level
Senior Program Manager,fulltime,yearly,1,senior_level,78000.0,7.0,University,Project / Program Management
NetSuite Administrator,fulltime,yearly,0,senior_level,70912.5,1.0,University,General IT / Other IT Role
"Solution Architect, Bureau of IT Application and Platform Engineering",fulltime,yearly,1,mid_level,114005.0,6.0,High School,General IT / Other IT Role
Technical Services Manager,fulltime,yearly,0,mid_level,75000.0,8.0,High School,IT Management / Director
Applications Engineer,fulltime,yearly,0,mid_level,85627.0,5.0,University,General IT / Other IT Role
System Specialist,fulltime,yearly,0,senior_level,60000.0,1.0,University,Consulting / Specialist
Information Technology Manager,fulltime,yearly,0,senior_level,135000.0,7.0,University,IT Management / Director
"Specialist, Provider Network Administration (Remote)",internship,hourly,1,mid_level,56160.0,3.0,University,Network & Systems
IT Sr Systems Analyst - Compliance & Legal,internship,yearly,0,senior_level,111616.5,3.0,University,General IT / Other IT Role
Program Manager,contract,yearly,0,senior_level,129153.5,10.0,University,Project / Program Management
IT Systems Administrator,contract,yearly,0,entry_level,93656.5,5.0,University,Network & Systems
"Cybersecurity Director, Homeland Security Programs",contract,yearly,0,senior_level,170149.5,10.0,University,Cybersecurity
Desktop Support Analyst,contract,yearly,1,entry_level,61131.5,5.0,University,IT Support / Helpdesk
IT Engineer,"fulltime, contract",yearly,1,executive_level,82500.0,5.0,University,General IT / Other IT Role
IT Product Manager,contract,yearly,0,entry_level,121132.0,5.0,University,IT Management / Director
Enterprise Architect,contract,yearly,0,entry_level,142624.0,5.0,University,Consulting / Specialist
Tier III Boundary Protection Engineer (NE III) (Government),fulltime,yearly,0,mid_level,129600.0,16.0,University,General IT / Other IT Role
Network Management Systems (NMS) Manager / IT Systems Architect Level III (Government),fulltime,yearly,0,mid_level,139050.0,16.0,University,Network & Systems
Cyber Security Analyst,contract,yearly,0,entry_level,104444.5,5.0,University,Cybersecurity
Chief of Staff (CTO's Office),fulltime,yearly,1,senior_level,205647.0,6.0,University,IT Management / Director
Platform Architect – Hybrid Cloud/AWS/GenAI,fulltime,yearly,1,senior_level,139500.0,5.0,University,Data & Analytics
"Business Systems Configuration Specialist, Expert (Hybrid/ Oakland)",fulltime,yearly,1,mid_level,155000.0,7.0,University,Consulting / Specialist
TM1 Analyst,fulltime,yearly,0,entry_level,74320.0,1.0,University,Other / Miscellaneous
Sr. One Stream Administrator (Sr. Financial Systems Analyst),internship,yearly,0,senior_level,98650.0,4.0,University,General IT / Other IT Role
Senior ERP Consultant,fulltime,yearly,1,senior_level,105000.0,3.0,University,Consulting / Specialist
System Engineer-Intelligence & Cyber (Active TS/SCI Poly Security Clearance Required),internship,yearly,0,senior_level,157735.0,10.0,University,Cybersecurity
"Director, Platform Partnerships",fulltime,yearly,1,senior_level,190000.0,8.0,University,IT Management / Director
Security Analyst-C - TS/SCI clearance required,fulltime,yearly,0,mid_level,110599.5,5.0,University,Cybersecurity
Project Manager Lead- ITG,fulltime,yearly,0,entry_level,125743.5,5.0,University,Project / Program Management
Network Engineer Staff-ITG,fulltime,yearly,0,mid_level,122726.0,2.0,University,Network & Systems
Help Desk Technician 4-ITG,fulltime,yearly,0,senior_level,72780.0,4.0,High School,IT Support / Helpdesk
SCRUM MASTER,fulltime,yearly,0,senior_level,131624.5,10.0,University,Project / Program Management
IT Support Specialist,fulltime,yearly,1,executive_level,57500.0,2.0,High School,IT Support / Helpdesk
Independent Software Vendor (ISV) Vertical SME,fulltime,yearly,0,entry_level,99900.0,10.0,University,General IT / Other IT Role
Solution Engineers,fulltime,yearly,0,entry_level,111376.0,3.0,University,General IT / Other IT Role
Technical Services Manager (Northeast) - Plunger Lift,fulltime,yearly,0,senior_level,92500.0,5.0,High School,IT Management / Director
IT Project Manager,fulltime,yearly,0,senior_level,129304.0,7.0,University,Project / Program Management
Technical Program Manager III,fulltime,yearly,1,senior_level,162000.0,3.0,University,Project / Program Management
Infrastructure Engineer III,fulltime,yearly,1,mid_level,142000.0,3.0,University,Network & Systems
"Global Command Center, Sr. Technology Analyst",fulltime,yearly,0,senior_level,98429.0,3.0,University,General IT / Other IT Role
"Sr. Manager, Scrum Master",fulltime,yearly,1,senior_level,145728.0,8.0,University,Project / Program Management
C-130 Acquisition Program Manager,fulltime,yearly,0,senior_level,117091.5,5.0,University,Project / Program Management
Systems Administrator,fulltime,yearly,0,executive_level,107500.0,3.0,University,Network & Systems
"Product Manager, Vice President",fulltime,yearly,0,mid_level,161775.0,5.0,University,IT Management / Director
Technical Product Manager – Vice President,fulltime,yearly,0,senior_level,154750.0,7.0,University,IT Management / Director
"Product Manager, Vice President - Digital Web Strategy & Content Optimization Lead",fulltime,yearly,0,mid_level,161775.0,5.0,University,IT Management / Director
Financial Analysis - Transformation & Innovation Product manager – Vice President,fulltime,yearly,0,senior_level,164250.0,8.0,University,IT Management / Director
Client Success Manager- IT EU Global Enterprise,internship,yearly,0,entry_level,83400.0,3.0,University,IT Management / Director
"AVP, Audit Manager - IT",internship,yearly,1,mid_level,102500.0,3.0,High School,IT Management / Director
"VP, Treasury - Payments Product Manager",internship,yearly,1,mid_level,147500.0,8.0,High School,IT Management / Director
IT Support Technician,fulltime,yearly,1,senior_level,51719.0,2.0,University,IT Support / Helpdesk
LIMS Associate,internship,yearly,1,mid_level,76500.0,1.0,University,Other / Miscellaneous
"Technical Product Manager, Support Systems, YouTube",fulltime,yearly,0,senior_level,214000.0,7.0,University,IT Support / Helpdesk
Systems Engineer/Head of Design,fulltime,yearly,1,senior_level,136687.5,10.0,University,Network & Systems
Enterprise Initiative Consultant,fulltime,hourly,0,senior_level,132080.0,5.0,University,Consulting / Specialist
Senior Segment Manager - Internal Only,fulltime,yearly,1,senior_level,121000.0,7.0,University,IT Management / Director
H#12665-1 Ionic Platform Tech Lead,contract,hourly,1,senior_level,145600.0,3.0,University,General IT / Other IT Role
"Director, Project Delivery",fulltime,yearly,0,senior_level,121007.5,5.0,University,IT Management / Director
"Manager, Service Desk - IM-Infrastructure",internship,hourly,0,senior_level,118560.0,2.0,University,IT Support / Helpdesk
Service Desk Analyst 2,fulltime,yearly,0,executive_level,61910.5,5.0,High School,IT Support / Helpdesk
"Director, Cybersecurity Product Management",fulltime,yearly,0,mid_level,294200.0,7.0,University,Cybersecurity
"Senior Associate, Product Manager- Retail Bank",fulltime,yearly,0,mid_level,122800.0,1.0,University,Data & Analytics
Computer Support Specialist,fulltime,hourly,0,mid_level,59280.0,1.0,University,IT Support / Helpdesk
"Technical Finance Consultant, Senior Associate (Workday Training and Certification provided)",internship,yearly,0,entry_level,143000.0,4.0,University,Data & Analytics
"Project Management Planning Consultant, CFPMO",fulltime,yearly,0,senior_level,140800.0,8.0,University,Project / Program Management
"Project Manager, CFPMO",fulltime,yearly,0,mid_level,118500.0,5.0,University,Project / Program Management
"Project Management Training Consultant, CFPMO Enablement Team",fulltime,yearly,0,senior_level,118500.0,5.0,University,Project / Program Management
"System Administrator, Mid",fulltime,yearly,1,mid_level,120762.5,3.0,University,Network & Systems
"System Administrator, Junior",fulltime,yearly,1,mid_level,91671.0,2.0,University,Network & Systems
Senior Product Owner,fulltime,yearly,1,senior_level,168900.0,5.0,University,Other / Miscellaneous
IT Support Manager,fulltime,yearly,0,senior_level,89723.5,5.0,University,IT Support / Helpdesk
Learning Management System Helpdesk Administrator,fulltime,yearly,1,senior_level,88742.5,3.0,Online/Courses,Other / Miscellaneous
"Manager, Network Cable Plant Manager (ITS)",internship,yearly,0,senior_level,157500.0,6.0,University,Network & Systems
Sr. System Administrator,internship,yearly,1,entry_level,86480.5,5.0,University,Network & Systems
CyberArk PAM Engineer,fulltime,yearly,1,senior_level,113400.5,4.0,University,General IT / Other IT Role
Virtual IT Manager/Small Business vCIO,fulltime,yearly,1,mid_level,85426.5,5.0,University,IT Management / Director
Azure Cloud Lead System Administrator- 90933,fulltime,yearly,0,mid_level,130404.5,5.0,University,Network & Systems
IT Systems Manager,contract,yearly,0,senior_level,119197.0,10.0,University,IT Management / Director
Technical Trainer,contract,yearly,0,senior_level,97392.0,2.0,University,Data & Analytics
Information Technology (IT),fulltime,yearly,0,mid_level,76488.5,5.0,University,General IT / Other IT Role
Senior Security Operations Analyst - Remote,fulltime,yearly,1,entry_level,115000.0,5.0,University,Cybersecurity
Senior Cloud Operations Solution Developer,"fulltime, contract",yearly,0,senior_level,149299.0,10.0,University,Software Development
SCRUM Master,"fulltime, contract",yearly,0,senior_level,134764.5,10.0,University,Project / Program Management
IT Project Manager,fulltime,yearly,1,senior_level,105526.0,3.0,University,Project / Program Management
Technical Business Analyst/Product Manager,fulltime,yearly,1,senior_level,125000.0,5.0,University,Data & Analytics
IS Service Desk Analyst,fulltime,yearly,0,mid_level,49758.0,2.0,University,IT Support / Helpdesk
Network Engineer,fulltime,yearly,0,mid_level,115687.5,3.0,High School,Network & Systems
Systems Engineer,fulltime,yearly,1,mid_level,78925.0,3.0,High School,Network & Systems
IT Manager,fulltime,hourly,0,senior_level,57200.0,3.0,University,IT Management / Director
Mission Systems Engineer,fulltime,yearly,1,mid_level,155000.0,7.0,University,Network & Systems
Security Program Manager,fulltime,yearly,1,senior_level,117583.5,10.0,University,Cybersecurity
"Senior Manager, Cloud Automation",fulltime,yearly,0,senior_level,154275.0,5.0,University,IT Management / Director
Cloud Solutions Architect,fulltime,yearly,0,mid_level,149386.0,10.0,University,Consulting / Specialist
Product Manager Global Customer Platform,fulltime,yearly,0,senior_level,161775.0,5.0,University,IT Management / Director
Product Implementation Specialist,fulltime,hourly,0,senior_level,56160.0,1.0,University,Consulting / Specialist
Site Reliability Team - Lead Technical Program Manager,fulltime,yearly,0,senior_level,166250.0,5.0,University,Project / Program Management
Chase Travel - Senior Product Associate,fulltime,yearly,0,mid_level,124875.0,5.0,University,Other / Miscellaneous
"Life Insurance and Annuity Product Manager, Associate",fulltime,yearly,0,mid_level,125000.0,5.0,University,IT Management / Director
Chief of Staff - Lead Technical Program Manager,fulltime,yearly,0,senior_level,166250.0,5.0,University,Project / Program Management
"Vice President, Digital Product Manager - Banking Payments",fulltime,yearly,0,senior_level,161775.0,5.0,University,IT Management / Director
Data Center Engineer,fulltime,yearly,1,mid_level,133400.0,5.0,University,Data & Analytics
Clinical Apps Professional 4 - Beacon - IT Applications-Ancillary - FT - Day - Remote,fulltime,yearly,1,senior_level,151900.0,5.0,University,General IT / Other IT Role
Associate Director,fulltime,yearly,0,mid_level,145000.0,7.0,University,IT Management / Director
"Director, IAM Security Access Control",contract,yearly,0,senior_level,173219.0,7.0,University,Cybersecurity
Project Manager,fulltime,monthly,0,senior_level,5077.0,5.0,Online/Courses,Project / Program Management
End User Support Technician Tier 2,fulltime,yearly,0,mid_level,62729.0,1.0,High School,IT Support / Helpdesk
Product Manager,fulltime,yearly,1,senior_level,140000.0,5.0,Online/Courses,IT Management / Director
Identity Access Management Governance Manager,fulltime,yearly,1,senior_level,132452.0,10.0,University,IT Management / Director
"Cyber Program Manager, Lead",fulltime,yearly,1,senior_level,151330.5,7.0,University,Project / Program Management
"Executive Director, Analytics and Technology",fulltime,yearly,0,senior_level,154593.5,10.0,University,Data & Analytics
"IT Support Technician, Executive and Office Services",fulltime,yearly,1,mid_level,63637.0,3.0,High School,IT Support / Helpdesk
Walk-Up IT Support Tech Lead,fulltime,yearly,0,mid_level,64910.0,3.0,University,IT Support / Helpdesk
Systems Engineer,fulltime,yearly,0,senior_level,103648.0,6.0,University,Network & Systems
Business Systems Administrator,fulltime,yearly,1,senior_level,84046.0,3.0,University,Network & Systems
Solutions Engineering Lead,fulltime,yearly,1,entry_level,141234.5,10.0,University,General IT / Other IT Role
Cryptography Services Manager,fulltime,yearly,1,mid_level,135150.5,5.0,University,IT Management / Director
Operational Technology Analyst II,internship,yearly,0,mid_level,87202.0,1.0,University,General IT / Other IT Role
"Sr Cloud Engineer, IT Engineer IV",fulltime,yearly,1,senior_level,119474.0,10.0,Online/Courses,Network & Systems
AEGIS Weapon System Aegis System Equipped Vessel Senior Systems Engineer,fulltime,yearly,0,entry_level,156613.0,12.0,University,Network & Systems
Sr. Helpdesk Tech and IT Administrator,fulltime,yearly,0,senior_level,74604.0,4.0,University,General IT / Other IT Role
Director of Information Security,fulltime,yearly,0,mid_level,165000.0,10.0,University,Cybersecurity
Applications Engineer II,fulltime,yearly,1,senior_level,144500.0,5.0,University,General IT / Other IT Role
Applications Systems Analyst- Ambulatory,fulltime,hourly,0,senior_level,93600.0,2.0,University,General IT / Other IT Role
Product Manager - Tracked Systems,fulltime,yearly,0,senior_level,125323.5,10.0,University,IT Management / Director
Product Manager,fulltime,yearly,1,senior_level,155000.0,5.0,University,IT Management / Director
Cybersecurity SOC Analyst Level 3-5,contract,yearly,0,entry_level,126184.5,1.0,University,Cybersecurity
Cybersecurity Analyst Critical Assets & Incident Response CERT Level 3-5,contract,yearly,0,entry_level,134134.0,1.0,University,Cybersecurity
"COMPUTER TECHNICIAN, INFORMATION SERVICES",fulltime,yearly,0,mid_level,42895.5,3.0,University,IT Support / Helpdesk
"NETWORK ADMINISTRATOR, INFORMATION SERVICES",fulltime,yearly,0,executive_level,52203.5,3.0,University,Network & Systems
"Litigation & Practice Technology, Project Manager",fulltime,yearly,0,mid_level,175000.0,3.0,University,Project / Program Management
Application Analyst II - Grand Central and Prelude,fulltime,yearly,0,mid_level,95752.5,2.0,University,Other / Miscellaneous
Product Owner,fulltime,yearly,1,senior_level,113299.0,5.0,University,Other / Miscellaneous
Cybersecurity Analyst,fulltime,yearly,0,entry_level,94767.0,2.0,University,Cybersecurity
Senior SAP GRC and Fiori Security Specialist,fulltime,yearly,0,mid_level,124156.5,4.0,University,Cybersecurity
Oracle Cloud SCM Senior Consultant,fulltime,yearly,0,entry_level,151100.0,2.0,University,Consulting / Specialist
Oracle EBS SCM Manager,fulltime,yearly,0,entry_level,174900.0,9.0,University,IT Management / Director
Oracle Cloud SCM Manager,fulltime,yearly,0,entry_level,174900.0,9.0,University,IT Management / Director
Oracle EBS Financials Manager,fulltime,yearly,0,entry_level,174900.0,9.0,University,IT Management / Director
Oracle Cloud Finance Senior Consultant,fulltime,yearly,0,entry_level,151100.0,2.0,University,Consulting / Specialist
Oracle EBS Financials SC,fulltime,yearly,0,entry_level,151100.0,6.0,University,Other / Miscellaneous
Oracle Cloud Financials Manager,fulltime,yearly,0,entry_level,174900.0,9.0,University,IT Management / Director
SAP SD/OTC Senior Consultant,fulltime,yearly,0,mid_level,151100.0,5.0,University,Consulting / Specialist
Encore - Technology Strategy Senior Consultant,fulltime,yearly,0,mid_level,183600.0,5.0,University,Consulting / Specialist
SAP BRIM Senior Consultant,fulltime,yearly,0,mid_level,151100.0,5.0,University,Consulting / Specialist
Eightfold Functional Lead,fulltime,yearly,0,mid_level,166600.0,1.0,University,Other / Miscellaneous
Workday AMS Integrations Consultant,fulltime,yearly,0,mid_level,130500.0,2.0,University,Consulting / Specialist
Workday AMS Integrations Senior Consultant,fulltime,yearly,0,mid_level,130500.0,4.0,University,Consulting / Specialist
Product Owner - Product Led Model,fulltime,yearly,0,senior_level,97995.0,3.0,High School,Other / Miscellaneous
"Product Manager III, Upstream - PI Arterial",internship,yearly,0,senior_level,131754.5,3.0,University,IT Management / Director
Senior Threat Analyst,fulltime,yearly,0,mid_level,123188.5,12.0,University,Other / Miscellaneous
System Architect & Information Lead L4,fulltime,yearly,1,mid_level,155000.0,5.0,University,General IT / Other IT Role
Cyber Security Engineer (HBSS/ENS),fulltime,yearly,1,mid_level,112500.0,5.0,University,Cybersecurity
Infrastructure Engineer Senior Lead,fulltime,yearly,0,senior_level,145000.0,7.0,University,Network & Systems
CPU Physical Design Automation Engineer,fulltime,yearly,0,senior_level,114468.0,1.0,University,General IT / Other IT Role
Technical Consultant ll - Property,fulltime,yearly,0,senior_level,125550.0,8.0,University,Consulting / Specialist
IT Business Analyst,fulltime,hourly,1,mid_level,81120.0,4.0,High School,Data & Analytics
Infrastructure Engineer II,fulltime,yearly,0,senior_level,117500.0,5.0,University,Network & Systems
"Computer User Support Specialist, Jr",fulltime,yearly,0,entry_level,50000.0,1.0,University,IT Support / Helpdesk
Senior Systems Administrator,fulltime,hourly,0,senior_level,83200.0,10.0,University,Network & Systems
VP of Engineering,fulltime,yearly,0,senior_level,216097.0,15.0,University,IT Management / Director
Principal Security Analyst,fulltime,yearly,0,mid_level,134894.5,8.0,University,Cybersecurity
Information Technology Project Manager - PPQA,fulltime,hourly,1,mid_level,92560.0,1.0,University,Project / Program Management
Cyber Engineer,fulltime,yearly,0,senior_level,145000.0,1.0,University,General IT / Other IT Role
"Cloud Support Engineer-I, GovCloud Support Team (US)",fulltime,yearly,0,senior_level,115000.0,1.0,University,IT Support / Helpdesk
"Principal Program Manager, Global Logistics - Destination Operations",fulltime,yearly,0,senior_level,165700.0,7.0,University,Project / Program Management
"Sr. Program Manager , AWS Support Amazon Customer Excellence System",fulltime,yearly,0,senior_level,144550.0,5.0,University,IT Support / Helpdesk
"Senior Technical Program Manager, Salesforce, Kuiper Commercial Revenue Operations",fulltime,yearly,0,senior_level,182650.0,5.0,University,Project / Program Management
"Sr. Technical Program Manager, AGI Data Services",fulltime,yearly,0,senior_level,182650.0,7.0,University,Project / Program Management
Product Owner II (Underwriting Domain),fulltime,yearly,1,senior_level,148050.0,5.0,University,Data & Analytics
Integration Manager,internship,yearly,1,senior_level,122600.0,3.0,University,IT Management / Director
Sr. Worldwide Specialist – GenAI/ML,fulltime,yearly,0,senior_level,176700.0,5.0,University,Data & Analytics
Lead Systems Specialist,internship,yearly,0,senior_level,109846.0,2.0,Online/Courses,Consulting / Specialist
"Network Development Engineer, Office Network Engineering",fulltime,yearly,1,senior_level,170100.0,4.0,University,Network & Systems
"IT Director, Digital Engineering",fulltime,yearly,1,mid_level,182257.5,10.0,University,IT Management / Director
Staff Product Manager | Customer Growth - Remote USA (*eligible states),fulltime,yearly,1,senior_level,177102.0,7.0,Online/Courses,IT Management / Director
"Director, Practice Development",fulltime,yearly,1,mid_level,155062.5,8.0,University,IT Management / Director
Director of Application Support,contract,yearly,1,senior_level,153258.0,15.0,University,IT Support / Helpdesk
Director of Business System Applications,fulltime,yearly,0,executive_level,76329.0,5.0,Online/Courses,IT Management / Director
Video Tech Support Engineer - USDS,internship,yearly,0,senior_level,147540.0,2.0,University,IT Support / Helpdesk
LEAD MANAGEMENT ANALYST,fulltime,yearly,0,senior_level,125263.5,5.0,Online/Courses,Other / Miscellaneous
Sr IT Recruiter (Cleared Space) - 1099-NEC Contractor - Commissi,contract,yearly,1,executive_level,98117.0,4.0,Online/Courses,IT Management / Director
CORRESPONDENCE ANALYST,fulltime,yearly,0,executive_level,109024.5,5.0,Online/Courses,Other / Miscellaneous
Information Technology Specialist,fulltime,yearly,0,mid_level,95177.0,5.0,Online/Courses,Consulting / Specialist
Systems Engineer,fulltime,yearly,1,senior_level,115000.0,15.0,University,Network & Systems
TS Cleared -Senior SOC Analyst - 100% ONSITE - Top SECRET,fulltime,yearly,0,senior_level,133732.0,8.0,University,General IT / Other IT Role
Network Administrator - Senior- ONSITE - Top SECRET is required,fulltime,yearly,0,senior_level,114907.5,5.0,University,Network & Systems
Onsite Technical Support Engineer,fulltime,yearly,0,mid_level,82296.0,1.0,University,IT Support / Helpdesk
Extended Expertise Consultant/Network Security Consultant,contract,hourly,1,senior_level,145600.0,5.0,University,Network & Systems
Desktop Support Officer,fulltime,yearly,0,executive_level,45743.5,2.0,University,IT Support / Helpdesk
IT Applications Administrator,fulltime,yearly,0,senior_level,63032.5,2.0,High School,General IT / Other IT Role
2025 Summer Intern - Cybersecurity Intern,"fulltime, internship",yearly,0,senior_level,45681.5,0.0,Online/Courses,Cybersecurity
"Director of Revenue, North America",fulltime,yearly,0,senior_level,157528.5,10.0,University,IT Management / Director
Security Engineer - Identity,fulltime,yearly,1,senior_level,120000.0,4.0,University,Cybersecurity
Security Solutions Executive,fulltime,yearly,1,senior_level,125000.0,3.0,University,Cybersecurity
Cloud Adoption Specialist - Google,fulltime,yearly,0,senior_level,132500.0,2.0,University,Consulting / Specialist
Application Analyst,fulltime,yearly,0,mid_level,90220.5,5.0,University,Other / Miscellaneous
"Sr. Principal NetSuite Consultant -Retail / Apparel, Footwear, & Accessories",fulltime,yearly,0,entry_level,157110.5,6.0,University,Data & Analytics
IT Manager / Technical Lead,fulltime,yearly,0,mid_level,98707.5,5.0,University,IT Management / Director
Information Systems Security Engineer (ISSE),fulltime,yearly,0,mid_level,104925.0,3.0,University,Cybersecurity
"Application Software, Journeyman",fulltime,yearly,0,senior_level,98991.0,7.0,University,General IT / Other IT Role
"Senior Cybersecurity, ISSM",fulltime,yearly,0,senior_level,126624.0,12.0,University,Cybersecurity
Systems Engineer,fulltime,yearly,1,mid_level,135201.0,15.0,High School,Network & Systems
Desktop Support Technician,fulltime,hourly,1,mid_level,47840.0,1.0,High School,IT Support / Helpdesk
AHA! Expert (Product Manager),fulltime,yearly,1,senior_level,114575.5,2.0,University,IT Management / Director
"Senior Product Manager, New Product (Remote/Hybrid)",fulltime,yearly,1,senior_level,145627.5,5.0,University,IT Management / Director
Sr. Talent Sourcer (6 month contract),contract,yearly,1,senior_level,109461.0,4.0,University,Other / Miscellaneous
Senior Talent Sourcer (contract to hire),contract,yearly,1,senior_level,128038.0,4.0,University,Other / Miscellaneous
"Senior Product Manager, Platform Lifecycle",fulltime,yearly,1,senior_level,173130.0,8.0,University,IT Management / Director
Program Manager | Onsite | Dallas,fulltime,yearly,0,senior_level,110000.0,7.0,University,Project / Program Management
Junior Computer Systems Analyst,fulltime,yearly,0,entry_level,94000.0,3.0,Online/Courses,Intern / Entry Level
Computer User Support Specialist - Journeyman,fulltime,yearly,0,senior_level,72500.0,3.0,Online/Courses,IT Support / Helpdesk
Military Training Analyst - P.T.O.C.,parttime,yearly,0,senior_level,89274.5,4.0,University,Data & Analytics
Sr Manager Mobile Engineering,fulltime,yearly,0,senior_level,149285.5,3.0,Online/Courses,IT Management / Director
IT Field Engineer I (Odessa),fulltime,yearly,1,mid_level,59986.0,2.0,University,General IT / Other IT Role
Product Manager,internship,yearly,0,mid_level,100487.0,5.0,University,IT Management / Director
Director of Information Technology (IT),fulltime,yearly,0,senior_level,141207.5,7.0,University,IT Management / Director
Senior Technical Program Manager – Cluster Management & Infrastructure Engineering,fulltime,yearly,0,mid_level,195000.0,7.0,University,Network & Systems
Senior Technical Program Manager – Network Infrastructure Engineering,fulltime,yearly,0,mid_level,195000.0,5.0,University,Network & Systems
Senior Technical Program Manager – Containers OS Language Runtimes Engineering,fulltime,yearly,0,mid_level,195000.0,7.0,University,Project / Program Management
"Senior Product Manager, Platform Lifecycle",internship,yearly,1,senior_level,173130.0,8.0,University,IT Management / Director
Systems Administrator Desktop Lead,fulltime,yearly,0,senior_level,77500.0,5.0,University,Network & Systems
"Corporate Security Specialist, Information Systems",fulltime,hourly,0,senior_level,59280.0,3.0,University,Cybersecurity
Information Technologies Product Owner III - Digital and Technology Partners - Remote,internship,yearly,1,mid_level,150532.5,5.0,University,General IT / Other IT Role
Operations Analyst,fulltime,yearly,1,mid_level,76284.0,6.0,University,Other / Miscellaneous
SAP Consultant,internship,yearly,0,mid_level,130735.0,5.0,University,Consulting / Specialist
Thermal System Architect,internship,yearly,0,senior_level,214500.0,12.0,University,General IT / Other IT Role
Network Specialist,fulltime,yearly,0,senior_level,125000.0,5.0,University,Network & Systems
IT Infrastructure Administrator RSC Lodi,fulltime,yearly,0,senior_level,88000.0,5.0,University,Network & Systems
Security Branch Manager,fulltime,yearly,0,senior_level,61000.0,5.0,University,Cybersecurity
Director - Technical Innovation BPC - Inn.Lab Marketing,fulltime,yearly,0,senior_level,130407.5,10.0,University,IT Management / Director
"Sr Space and Satellite Systems Technical Program Manager, Aerospace Solutions",fulltime,yearly,0,senior_level,182650.0,5.0,University,Project / Program Management
Technical Support Manager,fulltime,yearly,0,senior_level,75000.0,5.0,University,IT Support / Helpdesk
"Security Risk Analyst Lead, Fulltime, Remote, NJ",fulltime,yearly,1,entry_level,97422.0,2.0,University,Cybersecurity
"Field Services Analyst III, Fulltime, Onsite, Long Branch, NJ",fulltime,yearly,0,senior_level,85881.0,3.0,University,General IT / Other IT Role
Practice Director - Data Engineering (AI/ML),fulltime,yearly,0,senior_level,183764.0,10.0,University,Data & Analytics
Network Engineer,fulltime,yearly,1,senior_level,101439.5,3.0,University,Network & Systems
MCD - Technical specialist 3,fulltime,yearly,0,senior_level,112955.5,10.0,University,Consulting / Specialist
Deskside Support Specialist,fulltime,hourly,1,senior_level,52000.0,6.0,University,IT Support / Helpdesk
Technical Support Specialist L3 - USA,internship,yearly,1,executive_level,51969.0,3.0,University,IT Support / Helpdesk
RADIATION ONCOLOGY INFORMATION SYSTEM ADMINISTRATOR - FULLTIME,fulltime,yearly,1,senior_level,71291.0,3.0,University,Network & Systems
"Business System Analyst, Enterprise Fraud Strategy",fulltime,yearly,0,mid_level,71023.5,5.0,University,Other / Miscellaneous
Senior Server Administrator,fulltime,yearly,0,mid_level,83521.5,4.0,University,Other / Miscellaneous
Senior-IS-Analyst,fulltime,yearly,0,senior_level,116350.0,9.0,University,Other / Miscellaneous
Consultant Life Inforce Management,internship,yearly,1,mid_level,93850.0,5.0,Online/Courses,Consulting / Specialist
Project Manager,contract,hourly,1,senior_level,150800.0,2.0,University,Project / Program Management
D365 Managed Support Lead,fulltime,yearly,1,senior_level,127113.0,8.0,University,IT Support / Helpdesk
"Senior Product Manager, Search",fulltime,yearly,0,senior_level,210000.0,8.0,University,IT Management / Director
AEGIS Weapon System Aegis System Equipped Vessel Senior Systems Engineer,fulltime,yearly,0,senior_level,156684.0,12.0,University,Network & Systems
IT and Data Administrator,fulltime,yearly,0,senior_level,65400.0,2.0,High School,Data & Analytics
IT Technician,fulltime,yearly,0,senior_level,52989.0,2.0,Online/Courses,IT Support / Helpdesk
Project Manager - Developing Brain,fulltime,yearly,0,mid_level,114680.5,5.0,University,Project / Program Management
Field Technician,fulltime,yearly,1,senior_level,85000.0,5.0,University,IT Support / Helpdesk
IT Field Technician,fulltime,yearly,0,executive_level,62500.0,5.0,University,IT Support / Helpdesk
"Network Engineer, Senior",fulltime,yearly,1,senior_level,123800.0,5.0,University,Network & Systems
Product Owner for the Pro-Audio Market Segment,internship,yearly,0,senior_level,122157.5,5.0,University,Other / Miscellaneous
Probability & Statistics and Linear Algebra || (Only Bachelors Degree preferred ),"parttime, contract",hourly,1,senior_level,41600.0,2.0,Online/Courses,General IT / Other IT Role
Jr. Project Manager,fulltime,yearly,1,senior_level,77040.0,1.0,University,Project / Program Management
"Solution Architect, MES",internship,yearly,1,executive_level,113523.5,7.0,University,General IT / Other IT Role
Help Center Specialist,fulltime,hourly,0,mid_level,54080.0,1.0,University,Consulting / Specialist
Senior Systems Engineer,fulltime,yearly,0,senior_level,107170.0,7.0,University,Network & Systems
Jr. Project Manager,fulltime,yearly,0,senior_level,65000.0,1.0,University,Project / Program Management
Systems Analyst Lead - Epic,fulltime,yearly,0,senior_level,107515.0,10.0,University,General IT / Other IT Role
IPTV - DAS Project Manager,fulltime,yearly,0,senior_level,101051.5,5.0,University,Project / Program Management
Technical Project Manager,contract,hourly,1,senior_level,140400.0,7.0,University,Project / Program Management
Senior Storage Engineer,fulltime,yearly,0,entry_level,120000.0,0.0,University,General IT / Other IT Role
DC Tech (AZ),fulltime,yearly,0,mid_level,67983.5,3.0,University,General IT / Other IT Role
Decisions Support - Decisions Support Analyst,parttime,yearly,0,executive_level,82241.0,3.0,University,IT Support / Helpdesk
Senior Project Manager,contract,yearly,0,senior_level,149523.5,1.0,University,Project / Program Management
IT Specialist II,fulltime,hourly,0,senior_level,64480.0,4.0,University,Consulting / Specialist
Systems Engineers – $75k-$110k/Year +Bonuses,fulltime,yearly,1,executive_level,92500.0,15.0,University,Network & Systems
Desktop Support Technician,fulltime,yearly,1,mid_level,50000.0,2.0,University,IT Support / Helpdesk
Help Desk Technician I,fulltime,yearly,1,mid_level,61760.5,2.0,University,IT Support / Helpdesk
Principal – SAP Transportation Management (TM),contract,hourly,0,senior_level,105040.0,10.0,University,Other / Miscellaneous
Agile Project Manager,fulltime,yearly,1,senior_level,103745.0,5.0,University,Project / Program Management
Azure DevOps/Cloud Engineer,fulltime,hourly,0,senior_level,150800.0,5.0,University,Network & Systems
"Project Manager – Financial Oversight, CCTV/Access Control & Security Expertise Preferred",fulltime,yearly,0,senior_level,85000.0,5.0,University,Cybersecurity
IT Service Manager,fulltime,yearly,0,mid_level,109262.5,5.0,University,IT Management / Director
Associate Integrations Engineer,fulltime,yearly,1,mid_level,94190.0,2.0,University,General IT / Other IT Role
Principal – SAP ABAP/Fiori,contract,hourly,0,senior_level,124800.0,10.0,University,Other / Miscellaneous
Principal – SAP Vendor Invoice Management (VIM),contract,hourly,0,senior_level,104000.0,10.0,University,Other / Miscellaneous
Senior Solution Consultant,fulltime,yearly,0,senior_level,125548.5,10.0,University,Consulting / Specialist
Principal – SAP GTM (Global Trade Management),contract,hourly,0,senior_level,114400.0,10.0,University,Other / Miscellaneous
IT Senior Cloud Platform Engineer,fulltime,yearly,0,entry_level,134385.0,7.0,University,General IT / Other IT Role
HRIS Analyst I,fulltime,yearly,0,entry_level,74150.0,1.0,University,Other / Miscellaneous
Business Systems Analyst III,fulltime,yearly,0,senior_level,100152.5,4.0,University,General IT / Other IT Role
Principal SAP RTR (Record to Report),contract,hourly,0,senior_level,124800.0,10.0,University,Other / Miscellaneous
XCTC Network Technician,parttime,yearly,0,senior_level,53814.0,18.0,University,IT Support / Helpdesk
Senior Project Manager,contract,hourly,1,senior_level,126880.0,1.0,University,Project / Program Management
UKG Telestaff and Workforce Pro Time Functional/Technical Support Specialist,fulltime,yearly,1,senior_level,112500.0,4.0,University,IT Support / Helpdesk
IT Specialist (DATAMGT),parttime,yearly,1,senior_level,157049.0,5.0,Online/Courses,Data & Analytics
Project Manager with PMP Certification,contract,yearly,1,senior_level,143521.5,10.0,University,Project / Program Management
Lead Cybersecurity Governance Specialist,fulltime,yearly,1,senior_level,147513.0,5.0,University,Cybersecurity
"TikTok Shop - Senior Product Manager, Category - Seattle",internship,yearly,0,senior_level,296400.0,3.0,University,IT Management / Director
"TikTok Shop - Product Manager, Billing and Settlements",internship,yearly,0,senior_level,226442.0,5.0,University,IT Management / Director
Product Manager Senior-Credit Line,fulltime,yearly,1,mid_level,125110.5,5.0,University,IT Management / Director
Systems Architect - PowerApps and Dynamics 365,contract,yearly,0,senior_level,112891.0,3.0,University,General IT / Other IT Role
Cyber Security Technician,internship,yearly,0,senior_level,78359.5,4.0,University,IT Support / Helpdesk
"Technical Program Manager III, Data Automation and Tooling, Technical Infrastructure",fulltime,yearly,0,senior_level,176500.0,5.0,Online/Courses,Network & Systems
IT Auditor II,fulltime,yearly,1,senior_level,79235.5,4.0,University,General IT / Other IT Role
Technician (Cyber Security),contract,yearly,0,senior_level,67068.0,4.0,University,IT Support / Helpdesk
Senior Project Manager/Scrum Master,contract,hourly,1,senior_level,136240.0,10.0,University,Project / Program Management
Staff Product Manager (d/f/m) - US,fulltime,yearly,1,senior_level,220000.0,7.0,University,IT Management / Director
Utilities Systems Analyst III,fulltime,yearly,1,mid_level,115572.5,1.0,University,General IT / Other IT Role
Desktop Support Technician,fulltime,yearly,0,entry_level,50000.0,2.0,University,IT Support / Helpdesk
Integration Developer,fulltime,yearly,0,senior_level,113490.0,5.0,University,Software Development
Project Manager (Salesforce),fulltime,yearly,1,senior_level,89114.5,5.0,University,Project / Program Management
Sales Manager (IT & Cyber Security),fulltime,yearly,0,senior_level,144521.5,5.0,University,Cybersecurity
Corporate Policy Officer/Communications Security (COMSEC) Auditor,fulltime,yearly,0,mid_level,131990.0,0.0,High School,Cybersecurity
Tier 1 Service Desk Technician- HYBRID,fulltime,yearly,1,mid_level,49193.0,2.0,High School,IT Support / Helpdesk
Information Technology Helpdesk Technician,fulltime,yearly,1,mid_level,50000.0,3.0,University,IT Support / Helpdesk
Senior Performance Engineer,internship,yearly,1,mid_level,147087.5,10.0,University,General IT / Other IT Role
HRIS Administrator,internship,yearly,0,mid_level,49398.0,3.0,High School,Other / Miscellaneous
Sr. Project Manager,fulltime,yearly,1,senior_level,119509.5,5.0,Online/Courses,Project / Program Management
Project Manager Senior - Performance Improvement,fulltime,yearly,0,mid_level,117200.0,10.0,University,Project / Program Management
Senior Customer Technical Program Manager - Foundry Services (MAG),fulltime,yearly,0,senior_level,163470.0,5.0,University,Project / Program Management
Senior Infrastructure and Design Automation Engineer – Foundry Services (MAG),fulltime,yearly,0,senior_level,210733.0,7.0,University,Network & Systems
Project Manager - Research,fulltime,yearly,1,mid_level,111700.5,7.0,University,Project / Program Management
SOC Analyst - Level 1 (C12),fulltime,yearly,0,senior_level,120500.0,3.0,University,Other / Miscellaneous
IT Field Services Technician,"parttime, fulltime, contract",hourly,1,mid_level,37440.0,1.0,High School,IT Support / Helpdesk
Network Engineer,internship,yearly,0,mid_level,113614.0,7.0,University,Network & Systems
Client Solutions Project Manager,fulltime,yearly,1,senior_level,138282.5,5.0,Online/Courses,Project / Program Management
Systems Engineer,fulltime,yearly,1,senior_level,82500.0,6.0,University,Network & Systems
Cloud Network Engineer,contract,yearly,0,mid_level,138272.5,9.0,University,Network & Systems
Help Desk Level 1 IT,fulltime,hourly,1,executive_level,46800.0,1.0,University,IT Support / Helpdesk
Product Specialist,parttime,yearly,1,mid_level,79773.5,3.0,University,Consulting / Specialist
"Engineer, Sailpoint IIQ",internship,yearly,0,senior_level,133478.5,5.0,University,Data & Analytics
Field Support Specialist II (North Central Region),internship,yearly,1,mid_level,65000.0,2.0,Online/Courses,IT Support / Helpdesk
"IT and Network Support Specialist (Contract, Part-Time, As-Needed)","parttime, contract",yearly,1,mid_level,47176.0,2.0,University,IT Support / Helpdesk
Technology Operations Service Coordinator,fulltime,yearly,1,mid_level,49750.0,1.0,University,General IT / Other IT Role
"Director, Software Engineering",fulltime,yearly,0,senior_level,220000.0,8.0,University,Software Development
Project Manager Specialist,fulltime,yearly,0,senior_level,90661.5,3.0,University,Project / Program Management
Identity and Access Management Privilege Access Management Specialist - AVP,fulltime,yearly,1,mid_level,122500.0,3.0,University,IT Management / Director
"Manager, Program Planning and Cost Control",fulltime,yearly,0,senior_level,129358.0,8.0,University,IT Management / Director
"Principal Cloud Network Engineer, Azure Fiber",fulltime,yearly,0,senior_level,215800.0,9.0,University,Network & Systems
Senior Product Manager,fulltime,yearly,0,senior_level,183700.0,5.0,University,IT Management / Director
IT Cyber Security Analyst,fulltime,yearly,0,senior_level,78486.0,5.0,University,Cybersecurity
IT Customer Experience Deputy,contract,yearly,0,senior_level,86415.5,1.0,University,General IT / Other IT Role
Senior Technician (ICT Systems),contract,yearly,0,mid_level,78037.5,2.0,University,IT Support / Helpdesk
Sustainability Reporting Specialist,fulltime,yearly,1,mid_level,91040.0,3.0,University,Data & Analytics
Product Manager,internship,yearly,0,senior_level,138396.5,5.0,University,IT Management / Director
Learning Project Manager,internship,yearly,0,senior_level,77967.5,1.0,University,Project / Program Management
"IT Director, Digital Workplace",internship,yearly,0,senior_level,117218.5,10.0,University,IT Management / Director
"Specialist, Cyber Intelligence",fulltime,yearly,0,mid_level,114989.5,2.0,University,Consulting / Specialist
Technical Professional 193810,fulltime,yearly,0,senior_level,82576.5,2.0,University,General IT / Other IT Role
Appian Developer,"fulltime, contract",yearly,1,senior_level,110402.5,1.0,University,Software Development
IT Contract Sr Specialist,contract,yearly,1,mid_level,114200.0,7.0,University,Consulting / Specialist
"Sr. Architect, IT Information Delivery",fulltime,yearly,1,senior_level,146698.5,7.0,University,General IT / Other IT Role
Product Manager (Global Billing & Invoicing),contract,yearly,1,mid_level,155226.0,8.0,University,IT Management / Director
FAS Technician,internship,yearly,0,mid_level,89461.5,2.0,University,IT Support / Helpdesk
IT Technician,internship,yearly,0,executive_level,73306.5,3.0,University,IT Support / Helpdesk
Engineering Manager - DON Coordination,fulltime,yearly,1,senior_level,214201.0,5.0,University,IT Management / Director
Summer 2025 Intern – Scrum Master,fulltime,hourly,1,mid_level,47840.0,2.0,University,Project / Program Management
Summer 2025 Intern – Business Systems Analyst,fulltime,hourly,1,mid_level,47840.0,2.0,University,Intern / Entry Level
Senior Specialist IT Service Center,fulltime,yearly,1,mid_level,63175.0,2.0,University,Consulting / Specialist
Network Analyst,fulltime,yearly,0,mid_level,73768.0,2.0,University,Network & Systems
Senior Memory Systems Architect,"fulltime, contract",hourly,0,senior_level,162240.0,8.0,University,General IT / Other IT Role
Infra Service Delivery,contract,hourly,0,senior_level,105040.0,10.0,University,Other / Miscellaneous
"Technical Program Manager III, Infrastructure Resource Management, YouTube",fulltime,yearly,0,senior_level,176500.0,5.0,University,Network & Systems
"Program Manager III, Data Protection, Search",fulltime,yearly,0,senior_level,173000.0,5.0,University,Project / Program Management
"Software Engineer III, Infrastructure, Google Cloud Compute Infrastructure",fulltime,yearly,0,senior_level,168000.0,2.0,Online/Courses,Network & Systems
Shopify Plus Tech Lead,internship,yearly,1,senior_level,122524.5,5.0,University,General IT / Other IT Role
Regional IT Support Specialist,internship,yearly,0,mid_level,77226.0,3.0,University,IT Support / Helpdesk
"Governance, Risk, and Compliance, Principal Engineer",internship,yearly,0,senior_level,177421.5,7.0,University,General IT / Other IT Role
TD&R Channels Product Manager,fulltime,yearly,0,senior_level,166423.5,6.0,University,IT Management / Director
Systems Engineer - MUST BE US Citizen With Active Secret or DHS clearance!,fulltime,yearly,1,senior_level,124617.5,6.0,University,Network & Systems
Director 2 - Healthcare Technology Management,fulltime,yearly,0,senior_level,115000.0,5.0,University,IT Management / Director
PowerBI Developer - MUST Be US Citizen with Active Secret clearance!,fulltime,yearly,1,senior_level,103696.5,5.0,University,Software Development
Product Manager I,internship,yearly,0,mid_level,139638.0,7.0,University,IT Management / Director
Chief of Staff (CTO's Office),fulltime,yearly,1,senior_level,181986.0,6.0,University,IT Management / Director
Principal Product Owner,fulltime,yearly,0,senior_level,199000.0,7.0,High School,Other / Miscellaneous
"Electric Compliance & Risk Consultant, Senior",fulltime,yearly,1,senior_level,137000.0,5.0,University,Consulting / Specialist
Principal Program Manager,fulltime,yearly,1,senior_level,189000.0,10.0,University,Project / Program Management
Sr Product Manager - Data Analytics,fulltime,yearly,0,mid_level,133850.0,5.0,University,Data & Analytics
"Associate, Configuration Mgmt (Cincinnati, OH)",contract,yearly,0,entry_level,66122.5,1.0,University,Other / Miscellaneous
Infrastructure Analyst V (Middleware Engineer),fulltime,yearly,0,entry_level,125807.5,10.0,University,Network & Systems
IT Project Manager,fulltime,yearly,0,senior_level,114700.0,5.0,University,Project / Program Management
Associate System/Network Administrator,fulltime,yearly,0,mid_level,88402.0,5.0,University,Network & Systems
Principal Network Administrator,fulltime,yearly,0,senior_level,132107.0,15.0,University,Network & Systems
VP - Product Delivery - Digital Payments,fulltime,yearly,0,senior_level,153125.0,7.0,Online/Courses,IT Management / Director
Sr. Associate - Product Program Manager - Digital Payments,fulltime,yearly,0,senior_level,111600.0,3.0,Online/Courses,Project / Program Management
IT Project Manager,fulltime,yearly,0,mid_level,103769.0,5.0,University,Project / Program Management
"Associate Director, IT Strategy Consulting, State and Local Government",contract,yearly,0,mid_level,150340.0,6.0,University,IT Management / Director
"Director IT Strategy Consulting, State and Local Government - Data & Analytics",internship,yearly,0,mid_level,183710.0,7.0,University,Data & Analytics
"AVP, IT Development",fulltime,yearly,1,senior_level,248000.0,7.0,University,IT Management / Director
VP Business Systems Development,fulltime,yearly,1,senior_level,210000.0,8.0,University,IT Management / Director
Mobility & Collab Engineer I,fulltime,yearly,0,mid_level,86819.0,2.0,University,General IT / Other IT Role
Field Services Support Specialist,fulltime,yearly,1,senior_level,72500.0,3.0,University,IT Support / Helpdesk
Technical Project Manager,fulltime,yearly,1,senior_level,104000.0,5.0,High School,Project / Program Management
Information Systems Security Officer (ISSO),fulltime,yearly,0,senior_level,190000.0,12.0,University,Cybersecurity
Technical Project Manager - Data engineering,fulltime,yearly,0,senior_level,138347.0,3.0,University,Project / Program Management
System Security Engineer,fulltime,yearly,1,senior_level,158300.0,10.0,University,Cybersecurity
Virtualization Engineer and Architect,fulltime,yearly,1,senior_level,158350.0,14.0,University,General IT / Other IT Role
SharePoint / Power Apps Dev. & Admin.,fulltime,yearly,0,mid_level,102500.0,2.0,Online/Courses,Other / Miscellaneous
Junior Quickbase Admin,fulltime,yearly,0,entry_level,60989.0,3.0,University,Intern / Entry Level
PC Helpdesk Field Technician,fulltime,hourly,0,mid_level,70720.0,2.0,University,IT Support / Helpdesk
Sr. Director of Partnerships,fulltime,yearly,1,senior_level,260000.0,10.0,University,IT Management / Director
Inventory Asset Management,contract,yearly,0,senior_level,108575.0,5.0,University,Other / Miscellaneous
IT Manager,contract,yearly,0,senior_level,135000.0,5.0,University,IT Management / Director
Technology Product Manager,fulltime,yearly,0,senior_level,163470.0,6.0,University,IT Management / Director
Senior IT Finance Architect,fulltime,yearly,0,senior_level,210733.0,8.0,University,General IT / Other IT Role
SAP Financial Planning and Analytics Systems Analyst,fulltime,yearly,0,senior_level,124361.0,4.0,University,Data & Analytics
SAP and Vistex Software Developer,fulltime,yearly,0,senior_level,154271.0,4.0,University,Software Development
"IS Project Manager (Onsite in Dallas, TX or remote based in the US if not local)",fulltime,yearly,1,senior_level,141232.0,5.0,University,Project / Program Management
ITS Integrated Systems Developer 2024-02686,fulltime,hourly,1,senior_level,76960.0,1.0,University,Software Development
Bus & Tech App Analyst,fulltime,yearly,0,mid_level,94767.5,6.0,High School,General IT / Other IT Role
User Support Analyst,fulltime,yearly,1,mid_level,76284.0,6.0,High School,IT Support / Helpdesk
Financial Services--Risk Transformation Technology Platforms----Manager---San Antonio,internship,yearly,0,senior_level,154100.0,6.0,Online/Courses,IT Management / Director
"IT Senior Architect, Security (Hybrid)",fulltime,yearly,0,senior_level,152905.0,2.0,University,Cybersecurity
Senior IT Project Manager- Release Train Engineer (Hybrid),fulltime,yearly,0,senior_level,142120.0,10.0,University,Project / Program Management
ERP Application Support Analyst,fulltime,hourly,0,mid_level,43680.0,2.0,University,IT Support / Helpdesk
"Senior Platform Engineer, Workday",fulltime,yearly,0,mid_level,143550.0,4.0,High School,General IT / Other IT Role
Application Reliability Analyst,fulltime,yearly,0,senior_level,85800.0,2.0,University,General IT / Other IT Role
Sr Cybersecurity Vulnerability Specialist,fulltime,yearly,0,senior_level,124450.0,4.0,University,Cybersecurity
IT Operations Service Delivery Rep- Limited Term Position,contract,yearly,0,senior_level,51980.0,4.0,High School,General IT / Other IT Role
Technology Support Specialist,fulltime,hourly,0,senior_level,55120.0,3.0,University,IT Support / Helpdesk
Principal Technical II Lead,fulltime,yearly,0,senior_level,156400.0,12.0,University,General IT / Other IT Role
Lead Salesforce Administrator,fulltime,yearly,0,entry_level,124050.0,7.0,University,Other / Miscellaneous
Integrated Logistic Support Engineer (Product Support),contract,yearly,0,mid_level,118403.5,4.0,University,IT Support / Helpdesk
Product Owner,fulltime,yearly,0,senior_level,107932.0,3.0,University,Other / Miscellaneous
Software Project Manager (on-site),fulltime,yearly,0,senior_level,99525.0,5.0,University,Project / Program Management
"Associate Director, Learning Technology & System Governance",fulltime,yearly,0,mid_level,167232.5,3.0,University,IT Management / Director
IT - Senior Client Technologies Engineer - Digital Technology Services,fulltime,yearly,0,senior_level,98736.0,6.0,University,General IT / Other IT Role
Network Support Specialist,fulltime,yearly,1,senior_level,65000.0,4.0,University,IT Support / Helpdesk
Lead Modeling & Simulation Systems Engineer,fulltime,yearly,0,senior_level,172500.0,7.0,University,Network & Systems
Mission System Architect,fulltime,yearly,1,senior_level,155000.0,6.0,University,General IT / Other IT Role
Service Desk Team Lead,fulltime,yearly,0,mid_level,71500.0,4.0,University,IT Support / Helpdesk
Centralized Services Engineer,fulltime,yearly,0,mid_level,69242.0,1.0,University,General IT / Other IT Role
Reactive Support Engineer,fulltime,yearly,1,mid_level,59500.0,3.0,University,IT Support / Helpdesk
vCIO,fulltime,yearly,0,senior_level,76500.0,5.0,University,IT Management / Director
Senior Mission Assurance Analyst,fulltime,yearly,0,mid_level,120000.0,8.0,University,Other / Miscellaneous
IHT Cyber Security Engineer,fulltime,yearly,0,senior_level,90789.5,2.0,University,Cybersecurity
Java / React / Cloud Software Engineer III,fulltime,yearly,0,senior_level,159000.0,3.0,University,Software Development
Real Time Payments- Global Technical Product Owner- Vice President,fulltime,yearly,0,senior_level,161775.0,8.0,Online/Courses,IT Management / Director
"Futures & Derivatives Clearing, Execution Connectivity – Associate",fulltime,yearly,0,mid_level,167500.0,0.0,University,General IT / Other IT Role
L2 Support Engineer,fulltime,yearly,1,senior_level,86529.0,4.0,University,IT Support / Helpdesk
Systems Engineer SME,fulltime,yearly,0,mid_level,194375.0,15.0,University,Network & Systems
Desktop Support Analyst,fulltime,hourly,0,senior_level,60320.0,1.0,University,IT Support / Helpdesk
Emerging Technology Program Manager- Space Propulsion Hypersonics SME,fulltime,yearly,0,senior_level,200000.0,12.0,University,Project / Program Management
AI Technical Program Manager/SME,fulltime,yearly,0,senior_level,185000.0,8.0,University,Project / Program Management
Systems Engineer III (Salesforce),fulltime,yearly,1,senior_level,145100.0,4.0,University,Network & Systems
Entry-Level IT Service Technician,parttime,hourly,1,entry_level,39520.0,0.0,High School,IT Support / Helpdesk
Senior System Engineer,fulltime,yearly,0,senior_level,172500.0,20.0,University,General IT / Other IT Role
Application Solutions Analyst,fulltime,yearly,0,mid_level,90000.0,5.0,University,Other / Miscellaneous
Identity & Access Management Senior Associate,fulltime,yearly,1,mid_level,111750.5,3.0,University,General IT / Other IT Role
"ASSOC, DESK STRATEGIST",fulltime,yearly,0,senior_level,110000.0,2.0,University,Other / Miscellaneous
Information Systems Security Manager (Top Secret),fulltime,yearly,0,senior_level,142791.0,8.0,University,Cybersecurity
Sr. Engineering Applications Analyst,fulltime,yearly,1,senior_level,112835.5,5.0,University,General IT / Other IT Role
Systems Analyst II,internship,yearly,0,mid_level,73111.5,2.0,University,General IT / Other IT Role
Senior Network Engineer,fulltime,yearly,0,senior_level,141000.0,5.0,University,Network & Systems
Director of IT Operations,contract,yearly,1,senior_level,178677.5,10.0,High School,IT Management / Director
Engineer-Information Systems Security Senior Advisory,fulltime,yearly,0,senior_level,134685.5,15.0,University,Cybersecurity
DevSecOps Engineer,fulltime,yearly,0,mid_level,128192.5,4.0,University,Cybersecurity
System Analyst,fulltime,hourly,0,senior_level,52000.0,3.0,University,Other / Miscellaneous
Configuration Management (CM) Specialist,fulltime,yearly,0,mid_level,70715.5,1.0,University,Consulting / Specialist
Sr. Oracle Federal Financials Functional Consultant,fulltime,yearly,0,senior_level,185000.0,10.0,University,Consulting / Specialist
"Network Dev Engineer, Annapurna Labs Infrastructure",fulltime,yearly,0,senior_level,137574.5,2.0,University,Network & Systems
Senior SAP GRC and Fiori Security Specialist (Delivery Center),fulltime,yearly,0,mid_level,121969.5,4.0,University,Cybersecurity
Cyber Intelligence Analysis and Reporting Manager,fulltime,yearly,0,mid_level,143550.5,10.0,University,IT Management / Director
Secret Cleared DevSecOps Engineer,fulltime,yearly,0,mid_level,128053.0,4.0,University,Cybersecurity
Agile/Functional Lead - TS/SCI Clearance,fulltime,yearly,0,senior_level,162735.0,4.0,University,Project / Program Management
Consultant: Advisory IT Internal Audit,fulltime,yearly,0,mid_level,92267.5,2.0,University,Consulting / Specialist
SAP ABAP Developer,fulltime,yearly,0,mid_level,130500.0,4.0,University,Software Development
Oracle EBS & PeopleSoft Financials Manager,fulltime,yearly,0,entry_level,174900.0,9.0,University,IT Management / Director
Oracle EBS & PeopleSoft SCM Manager,fulltime,yearly,0,entry_level,174900.0,9.0,University,IT Management / Director
Oracle Cloud Finance Senior Consultant,fulltime,yearly,0,entry_level,151100.0,2.0,University,Consulting / Specialist
Oracle Cloud Supply Chain Management Senior Consultant,fulltime,yearly,0,entry_level,151100.0,2.0,University,Data & Analytics
Director of Product Management,internship,yearly,0,senior_level,198205.0,7.0,University,IT Management / Director
Finance IT Delivery Lead,contract,yearly,0,senior_level,129708.5,5.0,University,General IT / Other IT Role
IT Finance Analyst,contract,yearly,0,senior_level,78351.5,5.0,University,General IT / Other IT Role
Contract Administrator - IT - San Diego,fulltime,hourly,0,executive_level,135200.0,10.0,University,General IT / Other IT Role
Product Manager II,fulltime,yearly,1,senior_level,131050.0,3.0,University,IT Management / Director
Senior Product Manager,fulltime,yearly,1,senior_level,145650.0,5.0,University,IT Management / Director
Product Management Manager Senior - PNC Investments,fulltime,yearly,0,mid_level,148442.5,5.0,University,IT Management / Director
Systems Support Engineer,fulltime,yearly,1,senior_level,80000.0,3.0,University,IT Support / Helpdesk
Service Delivery Tier 2 Analyst,fulltime,hourly,1,executive_level,48880.0,3.0,High School,Other / Miscellaneous
Salesforce Developer (14 Years of experience must),contract,yearly,0,senior_level,130016.5,14.0,University,Software Development
Director Customer Identity and Access Management | Hybrid,fulltime,yearly,1,senior_level,200054.5,8.0,University,IT Management / Director
IT Coordinator,fulltime,yearly,0,senior_level,70000.0,2.0,University,General IT / Other IT Role
"Mulesoft Engineer - Atlanta, GA",internship,yearly,0,senior_level,121302.0,5.0,Online/Courses,General IT / Other IT Role
Program Manager (Digital Transformation),fulltime,yearly,1,senior_level,137500.0,2.0,University,Project / Program Management
Software Asset Manager/SNOW,fulltime,yearly,1,senior_level,82112.5,5.0,University,IT Management / Director
IT Tech Analyst,fulltime,yearly,0,entry_level,70075.5,1.0,University,General IT / Other IT Role
Project Manager I - REMOTE,fulltime,yearly,1,senior_level,91800.0,1.0,University,Project / Program Management
Data & Reporting Transformation Manager - VP,fulltime,yearly,0,mid_level,162300.0,7.0,University,Data & Analytics
Apps Sup Tech Lead Analyst - C13 - TAMPA,fulltime,yearly,0,senior_level,142300.0,6.0,University,General IT / Other IT Role
"Vulnerability Assessments Analyst - Red Team, AVP (C12)",fulltime,yearly,0,senior_level,112600.0,2.0,University,IT Management / Director
"Senior Director, Product",fulltime,yearly,1,senior_level,148890.0,8.0,University,IT Management / Director
LIMS Analyst and Configuration Manager,fulltime,yearly,0,mid_level,170000.0,4.0,University,IT Management / Director
CSOC Tier 2 Analyst,fulltime,yearly,0,senior_level,95000.0,5.0,University,Other / Miscellaneous
Security Operations Senior Manager,fulltime,yearly,0,senior_level,154500.0,5.0,University,Cybersecurity
Information Systems Security Engineer,fulltime,yearly,0,senior_level,151194.5,8.0,University,Cybersecurity
IT Support Assistant,fulltime,hourly,0,senior_level,47840.0,1.0,University,IT Support / Helpdesk
Director of Ecommerce,fulltime,yearly,1,senior_level,150000.0,10.0,Online/Courses,IT Management / Director
Director of Information Technology,fulltime,yearly,0,mid_level,180000.0,5.0,University,IT Management / Director
"Product Lead, Scale Platform",fulltime,yearly,0,senior_level,235000.0,2.0,University,Other / Miscellaneous
Systems Engineer,fulltime,hourly,0,senior_level,122720.0,7.0,University,Network & Systems
Threat Assessment Coordinator,fulltime,hourly,1,senior_level,80080.0,3.0,Online/Courses,Other / Miscellaneous
"Senior Manager, Developer Relations",fulltime,yearly,1,senior_level,152001.0,8.0,Online/Courses,Software Development
Hybrid Escalation Engineer - MSP,fulltime,yearly,0,senior_level,100000.0,5.0,University,General IT / Other IT Role
IT System Support - Experi,fulltime,yearly,1,senior_level,56879.0,2.0,University,IT Support / Helpdesk
Industrial Control System Specialist - Experienced Level (Maryland),fulltime,yearly,0,mid_level,145069.5,0.0,University,Consulting / Specialist
IT Support & Sales Engineer - Helpdesk ServiceDesk (Work from home),fulltime,yearly,1,executive_level,55459.0,3.0,University,IT Support / Helpdesk
Senior Systems Engineer,fulltime,yearly,0,senior_level,120000.0,10.0,University,Network & Systems
Linux System Administrator,fulltime,yearly,0,mid_level,128307.5,8.0,University,Network & Systems
IT Systems Engineer IV,fulltime,yearly,0,senior_level,149447.5,7.0,University,Network & Systems
Technical Support Analyst,fulltime,yearly,0,senior_level,62375.5,3.0,Online/Courses,IT Support / Helpdesk
Systems Administrator,fulltime,yearly,0,mid_level,82500.0,3.0,University,Network & Systems
Scrum Master,fulltime,yearly,0,mid_level,95000.0,3.0,University,Project / Program Management
AWS Cloud Full Stack Developer,fulltime,yearly,0,mid_level,138370.0,5.0,University,Software Development
ServiceNow Developer,fulltime,yearly,0,mid_level,127081.5,2.0,University,Software Development
Mobile Vulnerability Researcher,fulltime,yearly,0,mid_level,119730.5,4.0,University,General IT / Other IT Role
OH Data Center Operations Manager,fulltime,yearly,0,senior_level,202756.0,9.0,University,Data & Analytics
Server Product Manager,fulltime,yearly,0,senior_level,109961.0,3.0,University,IT Management / Director
Technical Lead - Manufacturing Integration,fulltime,yearly,0,senior_level,191339.0,9.0,High School,General IT / Other IT Role
"Principal Technical Program Manager, IT Product and Development",fulltime,yearly,0,senior_level,217300.0,7.0,University,Project / Program Management
Government and Public Sector - Products/Solutions and Resale Associate Director,internship,yearly,0,mid_level,197050.0,10.0,Online/Courses,IT Management / Director
Project Manager - Practice Innovation & Excellence,fulltime,yearly,0,mid_level,111685.5,7.0,University,Project / Program Management
Systems Administrator (Windows),contract,yearly,0,mid_level,120000.0,6.0,University,Network & Systems
"IT Support Engineer, Projects, IT Logistics",fulltime,yearly,0,entry_level,88450.0,4.0,Online/Courses,IT Support / Helpdesk
IT Physical Infrastructure Engineer Sr,fulltime,yearly,0,senior_level,90637.0,7.0,University,Network & Systems
IT Business Relationship Manager,fulltime,yearly,0,senior_level,86554.0,4.0,University,IT Management / Director
Information System Security Manager(ISSM),internship,yearly,0,mid_level,148000.0,4.0,High School,Cybersecurity
Application Systems Senior Analyst,fulltime,yearly,0,senior_level,110452.5,12.0,University,General IT / Other IT Role
Incident Handler,fulltime,yearly,0,senior_level,115728.5,12.0,University,Other / Miscellaneous
Cyber Security - Senior SME,fulltime,yearly,0,senior_level,117485.5,12.0,University,Cybersecurity
Forensic /Malware Analyst-Senior,fulltime,yearly,0,senior_level,122547.0,12.0,University,Other / Miscellaneous
OT Cybersecurity Specialist (REMOTE),internship,yearly,1,senior_level,102800.0,5.0,University,Cybersecurity
Network Specialist,fulltime,hourly,0,mid_level,55120.0,2.0,University,Network & Systems
Information Systems Security Officer (ISSO) (Onsite),internship,yearly,0,mid_level,132000.0,5.0,University,Cybersecurity
Network Operations Center Technician I – Monitoring Cell (SENSOR),fulltime,yearly,0,mid_level,44523.5,0.0,University,IT Support / Helpdesk
SAP S/4 HANA Solution Architect and CoE Member,fulltime,yearly,1,mid_level,147360.0,10.0,University,General IT / Other IT Role
"Sr. Program Manager, Strategy & Ops, AWS Global Services Security",fulltime,yearly,0,senior_level,159900.0,5.0,University,Cybersecurity
Systems Network Engineer L3,fulltime,yearly,0,mid_level,140000.0,3.0,University,Network & Systems
System Administrator – Intermediate (Patch Management),fulltime,yearly,0,mid_level,70000.0,2.0,University,Network & Systems
"Program Manager, Nourishment, GREF Workplace Design & Construction (WD&C)",fulltime,yearly,0,senior_level,144550.0,5.0,University,Project / Program Management
"Program Manager, Commute , GREF Workplace Design & Construction (WD&C)",fulltime,yearly,0,senior_level,144550.0,5.0,University,Project / Program Management
Information Security Engineer,fulltime,yearly,0,executive_level,78571.0,3.0,High School,Cybersecurity
"Manager, Moves, Adds, and Changes (MAC) (AMER), GREF",fulltime,yearly,0,senior_level,144550.0,8.0,University,IT Management / Director
Lead Security Analyst,internship,yearly,1,senior_level,157450.0,5.0,University,Cybersecurity
System Integration Architect - TRQ25-0561-01,internship,yearly,0,senior_level,136868.5,15.0,University,General IT / Other IT Role
"Principal Product Manager, Books Publisher Experience",fulltime,yearly,0,senior_level,193300.0,10.0,University,IT Management / Director
IT Field Engineer I (Odessa),fulltime,yearly,1,mid_level,60864.0,2.0,University,General IT / Other IT Role
"Sr. Program Manager, Amazon CS",fulltime,yearly,0,senior_level,144550.0,5.0,University,Project / Program Management
Senior Product Owner,fulltime,yearly,0,senior_level,116888.5,5.0,University,Other / Miscellaneous
Senior Manager - Global IT Risk and Security,internship,yearly,1,senior_level,150419.5,8.0,Online/Courses,Cybersecurity
"Network Development Engineer, OTN Network Provisioning and Automation",fulltime,yearly,0,mid_level,146642.5,3.0,University,Network & Systems
"Support Engineer II - Software, AccSys",fulltime,yearly,0,senior_level,108955.0,2.0,University,IT Support / Helpdesk
System Analyst PACS,fulltime,yearly,0,mid_level,102608.0,10.0,University,Other / Miscellaneous
Director of Technology,internship,yearly,1,senior_level,197934.0,10.0,University,IT Management / Director
Lead Deskside Technician,fulltime,yearly,1,senior_level,58937.5,5.0,High School,IT Support / Helpdesk
Deskside Technician II,fulltime,yearly,1,mid_level,51558.0,2.0,High School,IT Support / Helpdesk
Systems Analyst 2-IT,fulltime,yearly,0,senior_level,105045.0,3.0,University,General IT / Other IT Role
Network Development Engineer,fulltime,yearly,0,mid_level,170100.0,4.0,University,Network & Systems
Consulting Member of Technical Staff,fulltime,yearly,0,senior_level,170242.0,8.0,University,General IT / Other IT Role
Workday System Administrator Supply Chain,fulltime,yearly,0,senior_level,81660.0,1.0,University,Network & Systems
DTS Program Manager,fulltime,yearly,1,senior_level,104257.5,5.0,University,Project / Program Management
System Analyst PACS,fulltime,yearly,0,mid_level,102608.0,10.0,University,Other / Miscellaneous
Senior Systems Engineer,internship,yearly,0,senior_level,171495.5,8.0,University,Network & Systems
VP Technology,internship,yearly,0,senior_level,177494.0,15.0,University,IT Management / Director
Workday Integration Engineer,fulltime,yearly,0,senior_level,100876.5,5.0,University,General IT / Other IT Role
"Manager, Network Engineering",fulltime,yearly,0,senior_level,109000.0,0.0,Online/Courses,Network & Systems
Junior Computer User Support Specialist,fulltime,yearly,0,entry_level,66560.0,3.0,Online/Courses,IT Support / Helpdesk
Technical Lead ( Java/Cloud),fulltime,hourly,0,executive_level,176800.0,12.0,University,Software Development
Juice Bar Manager,fulltime,hourly,0,senior_level,41600.0,2.0,University,IT Management / Director
Bilingual Pediatric Medical Assistant,fulltime,hourly,0,mid_level,33280.0,2.0,University,Other / Miscellaneous
"Family & Shelter Advocate (Evening, Thurs, Fri and Sat, Part-time)",parttime,hourly,0,senior_level,52000.0,5.0,University,Other / Miscellaneous
Executive Assistant to CEO,fulltime,yearly,0,senior_level,97500.0,5.0,University,Other / Miscellaneous
Area Manager- Popular Burger Group $80k!!,fulltime,yearly,0,senior_level,80000.0,4.0,University,IT Management / Director
Chemical Applicator - Lawn Care Technician,fulltime,hourly,0,senior_level,37440.0,1.0,High School,IT Support / Helpdesk
Shift Manager,fulltime,hourly,0,senior_level,40560.0,18.0,University,IT Management / Director
"Enterprise Architect, DoD Contractor",fulltime,yearly,0,mid_level,150000.0,5.0,University,IT Management / Director
Entry Level Manager,fulltime,hourly,0,senior_level,37440.0,1.0,University,IT Management / Director
General Manager,fulltime,yearly,0,senior_level,115000.0,4.0,University,IT Management / Director
GIS Applications Developer,fulltime,hourly,0,senior_level,122720.0,8.0,University,Software Development
Business Management Trainee - Entry Level,fulltime,yearly,0,entry_level,47500.0,1.0,University,Data & Analytics
Carpenter - Remodeler,fulltime,hourly,0,senior_level,83200.0,5.0,University,Other / Miscellaneous
General Restaurant Manager - Blackjack Pizza,fulltime,yearly,0,mid_level,58500.0,2.0,University,IT Management / Director
General Manager,fulltime,yearly,0,senior_level,60000.0,2.0,University,IT Management / Director
Service Delivery Tier 2 Analyst,fulltime,hourly,1,executive_level,48880.0,3.0,High School,Other / Miscellaneous
IT Structure Cabling Estimator,fulltime,yearly,0,senior_level,65000.0,2.0,University,General IT / Other IT Role
Integrated IT Staff Auditor,fulltime,yearly,0,executive_level,91000.0,2.0,University,General IT / Other IT Role
Field Surveyor,fulltime,hourly,0,mid_level,52000.0,1.0,University,Other / Miscellaneous
Food Truck Team Member,fulltime,hourly,0,senior_level,34320.0,2.0,University,Other / Miscellaneous
IT HelpDesk Specialist - REQ24131980,internship,hourly,1,mid_level,113360.0,3.0,University,Consulting / Specialist
Senior Sales Engineer/Unit Manager(Aerospace),fulltime,yearly,0,senior_level,152500.0,5.0,University,IT Management / Director
Senior Financial Analyst,contract,hourly,0,senior_level,93600.0,8.0,University,Other / Miscellaneous
TAX Manager,fulltime,yearly,0,senior_level,112500.0,7.0,University,IT Management / Director
HR Business Partner,fulltime,yearly,1,senior_level,90000.0,5.0,University,Other / Miscellaneous
Lead HVAC Installer - HVAC Installation Tech,fulltime,hourly,0,senior_level,62400.0,2.0,University,General IT / Other IT Role
Welders/Fabricators - 2nd Shift,fulltime,hourly,0,senior_level,61360.0,3.0,University,Other / Miscellaneous
Entry Level Sales Assistant,fulltime,yearly,0,entry_level,44000.0,1.0,University,Intern / Entry Level
Assistant Administrator - Skilled Nursing,fulltime,hourly,0,senior_level,74880.0,1.0,University,Other / Miscellaneous
Senior Systems Engineer,fulltime,yearly,0,senior_level,50000.0,5.0,High School,Network & Systems
Territory Sales Manager - LA Region - Roofing,fulltime,yearly,0,senior_level,75000.0,3.0,University,IT Management / Director
"Product Manager, Agent Development",fulltime,yearly,0,senior_level,225000.0,18.0,University,IT Management / Director
"Merchant, Footwear",fulltime,yearly,0,senior_level,89000.0,4.0,University,Other / Miscellaneous
Data Coordinator,fulltime,hourly,0,mid_level,60320.0,0.0,High School,Data & Analytics
"Process Design Engineer, R&D Projects",fulltime,yearly,0,senior_level,135000.0,3.0,University,General IT / Other IT Role
Outside Sales Representative,fulltime,yearly,0,senior_level,60000.0,5.0,University,Other / Miscellaneous
Project Coordinator,internship,hourly,0,senior_level,82160.0,3.0,University,Project / Program Management
Executive Assistant,internship,hourly,0,entry_level,118560.0,10.0,University,Other / Miscellaneous
Inventory Coordinator,internship,hourly,0,mid_level,49920.0,2.0,High School,Other / Miscellaneous
Group Sales Specialist,fulltime,hourly,1,senior_level,35360.0,2.0,University,Consulting / Specialist
IT Specialist,internship,yearly,0,senior_level,100000.0,3.0,University,Consulting / Specialist
Premium Reconciliation Representative,internship,hourly,0,mid_level,50960.0,2.0,University,Other / Miscellaneous
Speech-Language Pathologist,fulltime,yearly,1,senior_level,79000.0,1.0,University,Other / Miscellaneous
Business Development Representative,fulltime,yearly,1,entry_level,70000.0,2.0,University,Other / Miscellaneous
Communications Technician,fulltime,hourly,0,senior_level,72800.0,5.0,University,IT Support / Helpdesk
Staffing Manager,fulltime,yearly,0,senior_level,60000.0,3.0,University,IT Management / Director
"Manager, IT",internship,yearly,1,senior_level,95000.0,5.0,University,IT Management / Director
Sales Closer,fulltime,yearly,0,senior_level,125000.0,5.0,University,Other / Miscellaneous
"Administrative Assistant (Tax Season, Temporary)",internship,hourly,0,mid_level,43680.0,2.0,High School,Other / Miscellaneous
Senior Software Engineer,fulltime,yearly,0,mid_level,121000.0,10.0,University,Software Development
Senior Staff Accountant,fulltime,yearly,0,senior_level,85000.0,3.0,University,Other / Miscellaneous
HR Generalist Consultant,parttime,hourly,1,senior_level,78000.0,3.0,University,Consulting / Specialist
Financial Planning and Analysis Analyst,fulltime,yearly,0,senior_level,82500.0,1.0,University,Other / Miscellaneous
General Manager (Apgar Village),fulltime,yearly,1,senior_level,72000.0,3.0,Online/Courses,IT Management / Director
Customer Care Representative II,fulltime,hourly,0,senior_level,41600.0,1.0,High School,Other / Miscellaneous
Assistant Operations Manager- Quality Inspection,fulltime,yearly,0,senior_level,85000.0,5.0,University,IT Management / Director
Personal Banker,fulltime,yearly,0,mid_level,61295.0,3.0,University,Other / Miscellaneous
Ferndale Youth Development Professional,parttime,hourly,0,senior_level,43680.0,1.0,University,Other / Miscellaneous
Committee Support Minutes Coordinator,fulltime,hourly,0,executive_level,46800.0,2.0,University,IT Support / Helpdesk
Systems Analyst II- IT Radiology Clinical Applications Mgmt (PACS),fulltime,yearly,0,senior_level,112318.0,3.0,University,General IT / Other IT Role
Finance and Accounting Specialist,fulltime,hourly,0,senior_level,52000.0,2.0,High School,Consulting / Specialist
Information Technology Support Lead (Level III),fulltime,yearly,0,senior_level,67500.0,5.0,University,IT Support / Helpdesk
Quality Engineering Manager,fulltime,yearly,0,senior_level,127500.0,5.0,University,IT Management / Director
Sales & Service Lead - The Forum Carlsbad,fulltime,hourly,0,mid_level,43680.0,2.0,University,Other / Miscellaneous
Server,fulltime,hourly,0,mid_level,31200.0,18.0,University,Other / Miscellaneous
"US Sandro - PT Sales Associate, Canoga Park, CA",parttime,hourly,0,mid_level,36400.0,1.0,University,Other / Miscellaneous
Charge Nurse Operating Room,internship,hourly,0,mid_level,108160.0,0.0,University,Other / Miscellaneous
Senior FP&A Analyst,fulltime,yearly,1,senior_level,100000.0,3.0,University,Other / Miscellaneous
ISO Consultant,internship,yearly,1,entry_level,128625.0,1.0,University,Consulting / Specialist
Fuel System Architecture Engineer,fulltime,yearly,0,executive_level,175000.0,10.0,University,General IT / Other IT Role
"Business Intelligence Analyst, Epicor Application Specialist",fulltime,yearly,0,senior_level,128550.0,3.0,University,Consulting / Specialist
Shift Lead - Manhattan Beach,parttime,weekly,0,mid_level,3096.0,1.0,Online/Courses,Other / Miscellaneous
Chemist,contract,hourly,0,senior_level,64480.0,4.0,University,Other / Miscellaneous
IT Coordinator,fulltime,yearly,0,senior_level,70000.0,2.0,University,General IT / Other IT Role
Regional Account Executive,internship,yearly,0,senior_level,67000.0,6.0,Bootcamp,Other / Miscellaneous
Senior People Services Advisor,fulltime,hourly,1,senior_level,78000.0,4.0,University,Other / Miscellaneous
Technical Consultant - Patient Monitoring (Wisconsin),fulltime,hourly,0,mid_level,85280.0,3.0,University,Consulting / Specialist
Customer Support Specialist,internship,yearly,0,senior_level,81700.0,2.0,University,IT Support / Helpdesk
Staff Site Reliability Engineer,internship,yearly,0,entry_level,176750.0,7.0,University,General IT / Other IT Role
"Senior Associate, Senior Data Manager, Clinical Data Sciences",internship,yearly,1,mid_level,104000.0,3.0,High School,Data & Analytics
Senior Integration Business Analyst,fulltime,yearly,1,senior_level,109094.5,3.0,University,Data & Analytics
"Senior Software Engineer, C++",fulltime,yearly,0,senior_level,169999.5,5.0,University,Software Development
Executive Assistant,internship,hourly,0,entry_level,118560.0,10.0,University,Other / Miscellaneous
Sr Consumer Insight Manager,internship,yearly,0,senior_level,145000.0,15.0,University,IT Management / Director
GUAM- OPERATIONS MANAGER,fulltime,yearly,0,senior_level,175000.0,10.0,University,IT Management / Director
"Reporter II, Technology",fulltime,yearly,1,senior_level,119125.0,4.0,University,General IT / Other IT Role
IT Internal Audit Manager,internship,yearly,1,senior_level,140000.0,8.0,Online/Courses,IT Management / Director
Account Executive - SMB,internship,yearly,1,senior_level,120000.0,4.0,Online/Courses,Other / Miscellaneous
Information Technology Manager,contract,yearly,0,senior_level,147500.0,5.0,University,IT Management / Director
Medical Claims: Senior Team Lead,fulltime,hourly,0,mid_level,53040.0,4.0,High School,Data & Analytics
IT Asset Management Specialist,fulltime,yearly,0,senior_level,133950.0,3.0,University,Consulting / Specialist
Event Representative/Brand Ambassador,parttime,hourly,0,entry_level,39520.0,1.0,High School,Other / Miscellaneous
Quality Lab Technician,fulltime,hourly,0,mid_level,54080.0,2.0,University,IT Support / Helpdesk
Desktop & Network Support Specialist,fulltime,hourly,0,mid_level,45760.0,2.0,High School,IT Support / Helpdesk
Restaurant General Manager - Manager/Kitchen Manager,fulltime,yearly,0,mid_level,63500.0,2.0,University,IT Management / Director
Senior Client Service Associate - Wealth Management,fulltime,yearly,0,senior_level,80000.0,5.0,University,Other / Miscellaneous
Quality Manager,fulltime,yearly,0,senior_level,70000.0,0.0,University,IT Management / Director
E Commerce Manager,fulltime,yearly,0,senior_level,86500.0,5.0,Online/Courses,IT Management / Director
MSP Channel Manager,fulltime,yearly,0,senior_level,200000.0,5.0,University,IT Management / Director
Regional Sales Executive,fulltime,yearly,0,senior_level,85000.0,5.0,University,Other / Miscellaneous
Associate Mental Health Therapist,parttime,hourly,0,mid_level,87360.0,1.0,University,Other / Miscellaneous
Senior Analyst,fulltime,yearly,0,senior_level,97500.0,4.0,University,Other / Miscellaneous
Open Enrollment Specialist,fulltime,yearly,0,senior_level,63000.0,9.0,Online/Courses,Consulting / Specialist
HVAC Maintenance Technician,fulltime,hourly,0,senior_level,62400.0,5.0,University,IT Support / Helpdesk
Computer Support Technician,internship,hourly,1,mid_level,54080.0,1.0,High School,IT Support / Helpdesk
Marketing Trainee,fulltime,yearly,0,entry_level,50000.0,1.0,Online/Courses,Data & Analytics
Crisis Assessment Specialist,parttime,hourly,0,mid_level,66560.0,2.0,University,Consulting / Specialist
Home Loans Personal Banker,fulltime,hourly,1,senior_level,45760.0,2.0,University,Other / Miscellaneous
"Director, Electrical Engineering",fulltime,yearly,0,senior_level,225000.0,5.0,University,IT Management / Director
"Account Manager, AV",internship,hourly,0,mid_level,44720.0,0.0,High School,IT Management / Director
IT Internal Auditor,parttime,hourly,1,senior_level,140400.0,4.0,University,Intern / Entry Level
"Van Driver - South Sound, WA",fulltime,hourly,0,senior_level,52000.0,3.0,High School,Other / Miscellaneous
Registered Nurse Wanted- 25 hours a week/Flexible Schedule -Portland,internship,yearly,0,senior_level,78000.0,10.0,University,Other / Miscellaneous
"Account Manager - Los Angeles, CA",internship,yearly,1,senior_level,87000.0,3.0,Online/Courses,IT Management / Director
"Business Analyst, IT Resiliency Program (Remote)",contract,hourly,1,senior_level,108160.0,5.0,University,Data & Analytics
1031 Exchange Manager,internship,yearly,0,senior_level,96725.0,5.0,University,IT Management / Director
"Manager Data Science - Credit Risk, Discover Home Loans (Mortgage Industry Experience)",fulltime,yearly,1,senior_level,156000.0,6.0,University,Data & Analytics
Principal Payment Product Management,fulltime,yearly,0,senior_level,122200.0,6.0,University,Other / Miscellaneous
"Director, Customer Success",fulltime,yearly,1,entry_level,125000.0,5.0,University,IT Management / Director
IT Technician - Point of Sale/Barcode Systems,fulltime,hourly,0,mid_level,48880.0,2.0,University,IT Support / Helpdesk
IT Support Technician - Entry Level Position,fulltime,yearly,0,entry_level,41000.0,1.0,High School,IT Support / Helpdesk
Global IT Solutions Owner,internship,yearly,0,senior_level,119342.0,10.0,University,General IT / Other IT Role
Junior Penetration Tester,"fulltime, contract",hourly,0,entry_level,119600.0,0.0,University,Intern / Entry Level
Senior Penetration Tester,"fulltime, contract",hourly,0,mid_level,234000.0,5.0,University,Other / Miscellaneous
Desktop Support Analyst – Project Team,fulltime,hourly,0,senior_level,40560.0,2.0,University,IT Support / Helpdesk
Sr. Project Manager/Scrum Master,"parttime, contract",hourly,0,senior_level,197600.0,5.0,University,Project / Program Management
Web Project Manager,fulltime,yearly,0,senior_level,103119.0,5.0,University,Project / Program Management
"Engineering Manager, SDKs",fulltime,yearly,0,senior_level,230000.0,3.0,University,IT Management / Director
Senior Network and Systems Engineer,fulltime,yearly,0,senior_level,110000.0,5.0,University,Network & Systems
Project Manager,fulltime,yearly,0,senior_level,89132.5,3.0,University,Project / Program Management
Teamcenter Administrator,"fulltime, contract",hourly,1,senior_level,119600.0,8.0,University,Other / Miscellaneous
Deskside Technician Sr.,fulltime,yearly,0,executive_level,45814.0,3.0,University,IT Support / Helpdesk
Technical Anchor/Lead,contract,hourly,0,senior_level,150800.0,3.0,University,General IT / Other IT Role
Deskside Technician,fulltime,hourly,1,mid_level,61360.0,3.0,High School,IT Support / Helpdesk
Deskside Technician II,fulltime,hourly,1,mid_level,60320.0,2.0,High School,IT Support / Helpdesk
Deskside Technician,fulltime,hourly,1,executive_level,34320.0,2.0,University,IT Support / Helpdesk
Desktop Support Specialist,fulltime,hourly,1,senior_level,62400.0,3.0,University,IT Support / Helpdesk
Cloud Infrastructure Engineer,contract,yearly,0,senior_level,141250.5,5.0,Online/Courses,Network & Systems
Sr. Deskside Technician,fulltime,yearly,1,mid_level,56685.0,8.0,High School,IT Support / Helpdesk
Technical Trainer,internship,yearly,0,executive_level,92500.0,3.0,Online/Courses,Data & Analytics
Advanced Systems Engineer,contract,hourly,0,senior_level,100880.0,5.0,University,Network & Systems
SAP Ariba/Fieldglass Administrator - REMOTE,contract,yearly,1,senior_level,126378.0,2.0,University,Other / Miscellaneous
Jr. SAP Security Administrator,contract,yearly,1,entry_level,167407.0,10.0,University,Cybersecurity
Sr. Storage Infrastructure Engineer with ACTIVE Secret Clearance-US CITIZENSHIP REQUIRED,contract,hourly,0,senior_level,149760.0,8.0,University,Network & Systems
Principle Systems Engineer,contract,hourly,0,senior_level,196560.0,8.0,University,Network & Systems
"Global Product Line Manager, Rubber Synchronous Belts",fulltime,yearly,0,senior_level,126500.0,5.0,University,IT Management / Director
"Global Product Line Manager, Thermoplastic Polyurethane Belting",fulltime,yearly,0,senior_level,129000.0,10.0,University,IT Management / Director
"Global Product Line Manager, Hydraulic Hose & Assemblies",fulltime,yearly,0,senior_level,126500.0,5.0,University,IT Management / Director
Global Project Manager,fulltime,yearly,0,senior_level,130000.0,5.0,University,Project / Program Management
Network Engineer,contract,hourly,0,senior_level,114400.0,5.0,University,Network & Systems
1D Systems Simulation Engineer,contract,weekly,1,senior_level,2018.5,3.0,University,General IT / Other IT Role
Salesforce Marketing cloud Engineer,contract,yearly,0,senior_level,136749.5,5.0,University,Network & Systems
Salesforce Marketing cloud Engineer,contract,yearly,0,senior_level,120396.5,3.0,University,Network & Systems
Service Delivery Manager,fulltime,yearly,0,senior_level,108536.5,2.0,University,IT Management / Director
MSP Tier 3 Analyst (Onsite),fulltime,yearly,0,mid_level,82500.0,7.0,University,General IT / Other IT Role
Senior Network Engineer,fulltime,yearly,0,senior_level,106452.5,5.0,University,Network & Systems
Configuration Manager,fulltime,yearly,0,senior_level,94898.0,3.0,University,IT Management / Director
Level 3 IT Technician,fulltime,yearly,0,executive_level,90000.0,5.0,University,IT Support / Helpdesk
"Analyst I, Network",internship,yearly,0,mid_level,65439.5,2.0,University,Network & Systems
Security Control Assessor,fulltime,yearly,0,mid_level,134736.0,12.0,University,Cybersecurity
Production Support Engineer,fulltime,yearly,1,senior_level,101693.0,5.0,University,IT Support / Helpdesk
Assistant Project Manager,fulltime,yearly,0,senior_level,93269.0,2.0,University,Project / Program Management
Help Desk Support,fulltime,hourly,0,entry_level,58240.0,5.0,High School,IT Support / Helpdesk
ERP Administrator,fulltime,yearly,0,senior_level,95000.0,0.0,University,Other / Miscellaneous
System Administrator,fulltime,yearly,0,mid_level,86864.0,2.0,University,Network & Systems
"Project Manager, Operational Excellence",fulltime,yearly,0,senior_level,106259.0,8.0,University,Project / Program Management
Help Desk Call Center Specialist (Part Time),parttime,yearly,0,mid_level,39361.0,1.0,High School,IT Support / Helpdesk
Systems Engineer II (ESY II),"fulltime, contract",yearly,1,mid_level,112500.0,3.0,University,Network & Systems
"Forensics - Discovery Digital Forensics Senior - San Francisco, San Jose, Los Angeles, Irvine",internship,yearly,0,senior_level,152200.0,3.0,Online/Courses,General IT / Other IT Role
"Business Risk and Control Sr Officer, Director",fulltime,yearly,0,mid_level,235000.0,15.0,University,IT Management / Director
Life-Comm Product SME,fulltime,yearly,0,senior_level,128671.5,10.0,Online/Courses,Other / Miscellaneous
INFOR ERP-SENIOR PRODUCT MANAGER - 3544,fulltime,yearly,0,mid_level,155400.0,3.0,University,IT Management / Director
Systems Engineer III - Full Time - Days,fulltime,yearly,0,entry_level,115000.0,8.0,University,Network & Systems
Application Analyst III - Full Time - Days,fulltime,yearly,0,senior_level,115000.0,5.0,University,Other / Miscellaneous
IT and Engineering Operations Manager,fulltime,yearly,0,senior_level,114931.5,3.0,University,IT Management / Director
"NETWORK ENGINEER, SR",fulltime,yearly,0,senior_level,100000.0,5.0,University,Network & Systems
Business Systems Analyst,internship,yearly,1,senior_level,100344.0,5.0,University,General IT / Other IT Role
SAP Security Lead Consultant,internship,yearly,1,mid_level,131250.0,6.0,University,Cybersecurity
ERP Functional Analyst - Oracle Cloud Financials,fulltime,yearly,1,senior_level,101935.0,1.0,University,General IT / Other IT Role
"PC Tech Level 1, Sorter, Inventory & Sort PC's, Electronics In Warehouse,","temporary, fulltime",hourly,0,entry_level,36400.0,1.0,University,General IT / Other IT Role
Director of Product Management,internship,yearly,0,senior_level,172460.0,12.0,University,IT Management / Director
Pre-Market Product Security Governance Analyst,internship,yearly,0,mid_level,109209.5,0.0,University,Cybersecurity
Staff Product Manager - Identity Verification Platform,internship,yearly,0,senior_level,213926.5,5.0,University,IT Management / Director
Principal Product Manager,internship,yearly,0,senior_level,220645.0,10.0,University,IT Management / Director
IT Service Coordinator,fulltime,hourly,0,mid_level,46800.0,2.0,University,General IT / Other IT Role
Product Owner,fulltime,yearly,1,senior_level,97500.0,5.0,University,Other / Miscellaneous
Level 1 Help Desk Technician,fulltime,hourly,1,senior_level,42640.0,1.0,University,IT Support / Helpdesk
Cyber Consulting - PCI Security Specialist - Manager - Location Open,internship,yearly,0,senior_level,221300.0,6.0,Online/Courses,Cybersecurity
Government and Public Sector - Technology Risk Manager,internship,yearly,0,entry_level,170450.0,5.0,Online/Courses,IT Management / Director
Government and Public Sector - Technology Risk Senior Consultant,internship,yearly,0,senior_level,130100.0,3.0,Online/Courses,IT Management / Director
Cyber Consulting - PCI Security Specialist - Senior Consultant - Location Open,internship,yearly,0,senior_level,160050.0,4.0,Online/Courses,Cybersecurity
Principal Solution Architect -SAP,internship,yearly,1,mid_level,151300.0,8.0,University,General IT / Other IT Role
MSP vCISO,fulltime,yearly,0,senior_level,112500.0,5.0,University,Other / Miscellaneous
Global IT Solution Owner - R&D and Quality,internship,yearly,0,senior_level,134203.5,10.0,University,General IT / Other IT Role
Job Title Entry level Administrator,fulltime,hourly,1,entry_level,53040.0,2.0,University,Intern / Entry Level
Technical Operations Center Analyst,fulltime,yearly,1,senior_level,60371.0,3.0,High School,General IT / Other IT Role
Senior IT Architect,fulltime,yearly,0,senior_level,117500.0,7.0,High School,General IT / Other IT Role
"Product Manager, Software",fulltime,yearly,1,mid_level,138052.0,2.0,University,IT Management / Director
Scrum Master,fulltime,yearly,1,mid_level,120524.5,5.0,University,Project / Program Management
AWS Solutions Architect (C4-424100),fulltime,yearly,1,mid_level,154851.0,8.0,University,Consulting / Specialist
AWS Solutions Architect (C4-424100),fulltime,yearly,1,mid_level,154851.0,8.0,University,Consulting / Specialist
Senior Systems Engineer,fulltime,yearly,0,senior_level,145159.5,5.0,University,Network & Systems
Product Associate,fulltime,yearly,0,mid_level,102825.0,2.0,University,Other / Miscellaneous
Network Infrastructure Support Engineer Tucson AZ,fulltime,hourly,1,executive_level,60320.0,5.0,University,IT Support / Helpdesk
"Cybersecurity Engineering and Integration Analyst, Senior",fulltime,yearly,1,senior_level,138800.0,10.0,University,Cybersecurity
Technology Program Manager,fulltime,yearly,1,senior_level,108500.0,3.0,University,Project / Program Management
IT Technician - FL,fulltime,yearly,0,mid_level,50656.0,2.0,University,IT Support / Helpdesk
Project Task Manager IV,fulltime,yearly,0,senior_level,158697.5,15.0,University,IT Management / Director
System Engineer IV,fulltime,yearly,0,senior_level,161615.0,15.0,University,General IT / Other IT Role
Cloud Architect III,fulltime,yearly,0,senior_level,164227.5,10.0,University,General IT / Other IT Role
Configuration Manager III,fulltime,yearly,0,senior_level,125165.5,10.0,University,IT Management / Director
"Unit Systems Integrator, Level II",fulltime,yearly,0,mid_level,93727.5,10.0,University,General IT / Other IT Role
Cybersecurity Specialist III,fulltime,yearly,0,mid_level,127745.0,10.0,University,Cybersecurity
"Sage Intacct Designer – Part-Time, Contract, Remote","parttime, contract",yearly,1,senior_level,121759.5,10.0,University,Other / Miscellaneous
JDE Programmer,fulltime,yearly,0,senior_level,94200.0,5.0,University,Software Development
Professional Services Systems Engineer (L3),fulltime,yearly,0,senior_level,75000.0,5.0,University,Network & Systems
Enterprise Architect Consultant,fulltime,yearly,0,entry_level,152548.5,5.0,University,Consulting / Specialist
IT Project Manager,fulltime,yearly,0,senior_level,124685.0,5.0,University,Project / Program Management
Sr. Network Engineer,fulltime,yearly,1,mid_level,132500.0,15.0,University,Network & Systems
Project Specialist,fulltime,yearly,1,executive_level,65000.0,4.0,University,Consulting / Specialist
Senior Support Engineer,fulltime,yearly,1,senior_level,89469.5,5.0,University,IT Support / Helpdesk
Tech Risk and Controls Lead - Specialty Platforms,fulltime,yearly,0,senior_level,166250.0,5.0,University,General IT / Other IT Role
Security Engineer,fulltime,yearly,0,mid_level,115185.5,5.0,University,Cybersecurity
Digital Product Owner III (PINACLE mobile),fulltime,yearly,0,mid_level,111833.5,5.0,Online/Courses,General IT / Other IT Role
Product Manager (Dropship)- W6937,fulltime,yearly,0,senior_level,126227.0,3.0,University,IT Management / Director
"IT Project Manager with PMP, CSM & ITILv4 Certifications",fulltime,yearly,0,senior_level,124353.5,15.0,University,Project / Program Management
Senior Project Manager (IT),fulltime,yearly,0,senior_level,160000.0,10.0,University,Project / Program Management
Help Desk Technician I,fulltime,yearly,1,mid_level,61760.5,2.0,University,IT Support / Helpdesk
Tier 2 System Administrator Level 2 (AE24111911),fulltime,yearly,1,senior_level,105000.0,10.0,High School,Network & Systems
System Integration Engineer (AE24111956),fulltime,yearly,1,senior_level,142000.0,1.0,Online/Courses,General IT / Other IT Role
"Spring by Citi Payments Solutions Architect, SVP",fulltime,yearly,0,senior_level,204500.0,5.0,University,IT Management / Director
Information Technologies Product Owner III - Digital and Technology Partners - Remote,internship,yearly,1,mid_level,150532.5,5.0,University,General IT / Other IT Role
Business Solutions Consultant,"parttime, fulltime, contract",yearly,1,senior_level,82882.0,0.0,Online/Courses,Consulting / Specialist
Technology Operations Service Coordinator,fulltime,yearly,1,mid_level,49750.0,1.0,University,General IT / Other IT Role
Project Manager,contract,hourly,1,senior_level,131040.0,10.0,University,Project / Program Management
Information Security Specialist III (Patch Management),fulltime,yearly,1,senior_level,60000.0,5.0,University,Cybersecurity
Computer Support Specialist IV,fulltime,yearly,1,executive_level,82000.0,4.0,University,IT Support / Helpdesk
Systems Engineer and Integration Support L3,fulltime,yearly,0,senior_level,210000.0,10.0,University,IT Support / Helpdesk
Director of Instructional Design,fulltime,yearly,0,senior_level,70500.0,6.0,University,IT Management / Director
BUIT Project Manager IT,fulltime,yearly,0,mid_level,118721.5,7.0,University,Project / Program Management
IT Help Desk Technician,fulltime,yearly,1,mid_level,48314.0,1.0,Online/Courses,IT Support / Helpdesk
IT Systems Analyst,fulltime,yearly,1,senior_level,81186.0,3.0,University,General IT / Other IT Role
Technical Support Engineer 1 (remote/onsite),fulltime,yearly,0,senior_level,72384.0,1.0,University,IT Support / Helpdesk
Computer User Support Specialist Advanced,fulltime,yearly,1,executive_level,75000.0,5.0,University,IT Support / Helpdesk
Systems Engineer Senior L3,fulltime,yearly,1,mid_level,140000.0,3.0,University,Network & Systems
Network Engineer (Maritime),fulltime,yearly,1,senior_level,101667.5,5.0,University,Network & Systems
IT Tech,fulltime,hourly,0,mid_level,57200.0,1.0,High School,General IT / Other IT Role
SR. SYSTEMS ENGINEER,fulltime,yearly,1,entry_level,140500.0,2.0,University,Network & Systems
Project Manager,internship,yearly,0,senior_level,109206.0,5.0,University,Project / Program Management
Help Desk Analyst II,fulltime,hourly,1,executive_level,45760.0,2.0,University,IT Support / Helpdesk
Network Engineer,fulltime,yearly,0,senior_level,112754.0,5.0,University,Network & Systems
Blockchain Senior Security Engineer - Informal Security,fulltime,yearly,1,entry_level,217172.0,5.0,University,Cybersecurity
IT Procurement Manager,fulltime,yearly,1,senior_level,115900.0,6.0,University,IT Management / Director
IT Project Coordinator,internship,yearly,0,mid_level,57500.0,5.0,University,Project / Program Management
AEGIS Weapon System Aegis System Equipped Vessel Senior Systems Engineer,fulltime,yearly,0,senior_level,195000.0,12.0,University,Network & Systems
Technical Team Lead,fulltime,yearly,1,senior_level,60000.0,1.0,University,General IT / Other IT Role
Team Lead,fulltime,yearly,0,entry_level,100000.0,2.0,Online/Courses,Other / Miscellaneous
Director of SAP Solutions,fulltime,yearly,0,mid_level,215000.0,10.0,University,IT Management / Director
Systems Engineer - Hybrid,fulltime,yearly,0,senior_level,80165.5,2.0,Online/Courses,Network & Systems
ServiceNow Developer (TS/SCI),fulltime,yearly,0,senior_level,143258.0,3.0,University,Software Development
Network Program Manager- Phoenix AZ - Hybrid/Field Role,fulltime,yearly,0,senior_level,117009.5,5.0,University,Network & Systems
Network Team Lead,fulltime,yearly,0,senior_level,102500.0,7.0,University,Network & Systems
Desktop Engineer,fulltime,hourly,1,mid_level,94640.0,4.0,High School,General IT / Other IT Role
Architectural Project Manager,contract,yearly,0,senior_level,172500.0,5.0,University,Project / Program Management
Tier 2 Service Desk Engineer,internship,yearly,1,senior_level,57500.0,2.0,University,IT Support / Helpdesk
Director of Franchise Construction,fulltime,yearly,0,senior_level,156000.0,5.0,University,IT Management / Director
"Sr. Manager, CRM Automation & Personalization",fulltime,yearly,1,senior_level,117483.5,5.0,University,IT Management / Director
Vice President Information Technology,fulltime,yearly,0,mid_level,164089.5,10.0,University,IT Management / Director
IT Solutions Archictect,internship,yearly,0,senior_level,108139.5,2.0,University,General IT / Other IT Role
Partnership Development Manager,fulltime,yearly,0,senior_level,75000.0,2.0,University,IT Management / Director
ACCOUNTANT (PAYROLL / AP ),internship,hourly,1,senior_level,57200.0,5.0,University,Other / Miscellaneous
Experienced Shipping and Receiving Coordinator - Weekly Pay - Boulder,fulltime,hourly,0,senior_level,48880.0,3.0,University,Other / Miscellaneous
Medical Assistant CenterWell Apopka,fulltime,yearly,0,mid_level,40950.0,5.0,High School,Other / Miscellaneous
Unemployment Insurance Quality Assurance Analysts,fulltime,hourly,1,senior_level,72800.0,1.0,University,General IT / Other IT Role
Human Resources Manager,fulltime,yearly,1,senior_level,85000.0,0.0,University,IT Management / Director
Floater Shelter Advocate (Day),parttime,hourly,0,senior_level,52000.0,5.0,University,Other / Miscellaneous
Senior Associate,internship,yearly,0,mid_level,127500.0,2.0,University,Other / Miscellaneous
Senior Tax Accountant (In Office Position),fulltime,yearly,0,mid_level,92500.0,5.0,University,General IT / Other IT Role
Lead Protection and Control Engineer,contract,yearly,1,senior_level,114800.0,5.0,University,General IT / Other IT Role
Sr. Administrative Assistant & Program Coordinator,fulltime,hourly,0,senior_level,56160.0,4.0,Online/Courses,Other / Miscellaneous
Assistant General Manager,fulltime,yearly,0,senior_level,51100.0,2.0,University,IT Management / Director
MV/HV Electrician,contract,hourly,1,mid_level,208000.0,5.0,High School,Other / Miscellaneous
Jr. DBA / SQL Developer,fulltime,yearly,1,entry_level,102500.0,4.0,University,Software Development
Surgical Aide,fulltime,hourly,0,senior_level,68640.0,2.0,High School,Data & Analytics
"Sr Scientist, Sftware Research",fulltime,yearly,1,senior_level,130960.0,5.0,University,Other / Miscellaneous
"Director, Technology",fulltime,yearly,0,senior_level,199279.0,10.0,University,IT Management / Director
Dental Assistant - Immediate Openings,temporary,hourly,0,senior_level,93600.0,20.0,University,Other / Miscellaneous
IT Engineer,internship,yearly,1,senior_level,117600.0,4.0,University,General IT / Other IT Role
Dental Hygienist - Hiring Now,fulltime,hourly,0,senior_level,107120.0,20.0,University,Other / Miscellaneous
Dental Hygienist - Great Benefits,fulltime,hourly,0,senior_level,109200.0,20.0,University,General IT / Other IT Role
"Travel Nurse RN - Pediatrics - $2,520 per week",internship,hourly,0,mid_level,145600.0,1.0,University,Other / Miscellaneous
System Administrator 2 with Security Clearance,fulltime,yearly,0,mid_level,102500.0,2.0,University,Network & Systems
Project Support Analyst with Security Clearance,fulltime,yearly,1,executive_level,115000.0,7.0,University,IT Support / Helpdesk
"Senior Director, Finance and Accounting",internship,yearly,0,mid_level,208300.0,3.0,University,IT Management / Director
Accounting Clerk,internship,hourly,0,mid_level,49920.0,0.0,University,Other / Miscellaneous
Copy of Warmline Operator-Night/Swing Shift 4:00pm to 12:00am (Oregon & Washington),parttime,hourly,0,senior_level,49920.0,3.0,High School,Other / Miscellaneous
Housekeeper - Housing May Be Available,fulltime,hourly,0,senior_level,43680.0,1.0,High School,Data & Analytics
"Race, Competition and Events Crew Level 3",fulltime,hourly,0,senior_level,43680.0,2.0,University,General IT / Other IT Role
Print and Digital Graphic Designer,internship,yearly,1,mid_level,70000.0,3.0,University,General IT / Other IT Role
Registered Nurse (RN) - CVOR - $35-55 per hour,parttime,hourly,0,mid_level,93600.0,1.0,University,Other / Miscellaneous
Sales & Service Representative (Universal Banker),fulltime,hourly,0,mid_level,46800.0,1.0,High School,Other / Miscellaneous
"SVP, ISIT/Chief Information Officer",internship,yearly,0,senior_level,271795.0,10.0,University,IT Management / Director
"Travel Nurse RN - ICU - Intensive Care Unit - $2,355 per week",contract,weekly,0,senior_level,2355.0,2.0,University,General IT / Other IT Role
Asset Management/Configuration Specialist,internship,hourly,0,mid_level,65520.0,1.0,University,Consulting / Specialist
Wireless Retail Market Manager,fulltime,yearly,0,mid_level,16100.0,1.0,University,Data & Analytics
"Paralegal/Judicial Assistant to the Honorable Daniel P. Collins, U.S. Circuit Judge",internship,yearly,0,mid_level,89701.0,1.0,University,General IT / Other IT Role
Senior Staff Accountant,fulltime,yearly,0,senior_level,95000.0,3.0,University,Other / Miscellaneous
Sales Associate - Automotive,internship,yearly,0,mid_level,100000.0,0.0,University,Other / Miscellaneous
Senior Cloud Engineer (RapidScale),internship,yearly,0,mid_level,129450.0,4.0,University,Network & Systems
Tax Manager,fulltime,yearly,0,mid_level,95000.0,2.0,University,IT Management / Director
Sr IT Project Manager,fulltime,hourly,0,senior_level,114400.0,5.0,Online/Courses,Project / Program Management
Electrical Engineer,internship,yearly,1,senior_level,91250.0,2.0,University,General IT / Other IT Role
Inside Sales Executive,fulltime,yearly,0,senior_level,52500.0,1.0,Online/Courses,Other / Miscellaneous
Instructor - After-School Programs,parttime,hourly,0,senior_level,66560.0,1.0,University,IT Management / Director
"Costpoint Administrator (Contracts Administration, Analyst)",fulltime,yearly,1,senior_level,72500.0,2.0,University,Other / Miscellaneous
Senior/Principal Network Architect - Onsite,parttime,yearly,0,senior_level,194500.0,6.0,University,Network & Systems
Chief Marketing Officer,internship,yearly,0,senior_level,212500.0,15.0,University,IT Management / Director
Sales & Service Representative (Universal Banker),fulltime,hourly,0,mid_level,46800.0,1.0,High School,Other / Miscellaneous
Enterprise Account Executive - New York,fulltime,yearly,1,senior_level,140000.0,5.0,University,Other / Miscellaneous
"Travel Nurse RN - PCU - Progressive Care Unit - $2,248 per week",contract,weekly,0,executive_level,2248.0,2.0,University,General IT / Other IT Role
Inside Broker,fulltime,yearly,0,senior_level,84375.0,5.0,Online/Courses,Other / Miscellaneous
Legal/Compliance - Compliance Analyst,internship,yearly,0,senior_level,95000.0,2.0,University,Other / Miscellaneous
PPO IT Lead,fulltime,yearly,1,mid_level,148138.5,8.0,University,General IT / Other IT Role
Warehouse Manager,fulltime,yearly,0,mid_level,75400.0,3.0,University,IT Management / Director
Remote Senior Tax Manager,fulltime,yearly,1,senior_level,187500.0,10.0,University,IT Management / Director
Game Presenter,internship,hourly,0,senior_level,37440.0,1.0,High School,Other / Miscellaneous
"Sr Director, Identity Access Management and Data Protection",contract,yearly,1,mid_level,229100.0,14.0,University,Data & Analytics
"Product Associate, Clinical Products",fulltime,yearly,1,mid_level,100000.0,4.0,University,Other / Miscellaneous
Tax Manager Cpa,fulltime,yearly,0,entry_level,120000.0,5.0,University,IT Management / Director
Committee Support Minutes Coordinator,fulltime,hourly,0,executive_level,46800.0,2.0,University,IT Support / Helpdesk
Quality Control Inspection - Supervisor (QCIS),contract,yearly,0,senior_level,145543.0,8.0,University,General IT / Other IT Role
Business Management Trainee,fulltime,yearly,0,entry_level,55000.0,1.0,University,Data & Analytics
Accounts Payable Coordinator,fulltime,hourly,0,mid_level,43680.0,2.0,University,Other / Miscellaneous
Aircraft Mechanic,parttime,hourly,0,senior_level,70720.0,5.0,High School,Data & Analytics
Executive Sous Chef,temporary,yearly,0,senior_level,87500.0,2.0,University,Other / Miscellaneous
"Director, Product",contract,yearly,0,senior_level,257500.0,8.0,University,IT Management / Director
Production Artist- Background Illustrator,contract,hourly,0,mid_level,104000.0,1.0,University,Other / Miscellaneous
"Merchant, Footwear",internship,yearly,0,senior_level,89000.0,4.0,University,Other / Miscellaneous
Product Engineer,fulltime,yearly,0,senior_level,177500.0,5.0,University,General IT / Other IT Role
Project Coordinator,internship,hourly,0,senior_level,60320.0,2.0,University,Project / Program Management
"Analyst, Accounts Receivable, Order to Cash",internship,yearly,0,senior_level,65835.0,2.0,University,Other / Miscellaneous
PARKING MANAGER - COMMERCIAL,fulltime,hourly,0,senior_level,71760.0,3.0,University,IT Management / Director
Program Analyst,internship,hourly,1,mid_level,166400.0,5.0,University,Other / Miscellaneous
"Software Engineer, Build Platform",fulltime,yearly,1,mid_level,179100.0,6.0,University,Software Development
Project Engineer,fulltime,yearly,1,senior_level,85000.0,3.0,Online/Courses,General IT / Other IT Role
IT Solution Sales (Hunter),fulltime,yearly,1,senior_level,200000.0,5.0,University,General IT / Other IT Role
Project Analyst,contract,yearly,1,mid_level,90000.0,10.0,University,Other / Miscellaneous
New Customer Implementation Specialist,fulltime,yearly,1,senior_level,44523.5,1.0,High School,Consulting / Specialist
Information Assurance Analyst II-JFHQ/DODIN Operations,fulltime,yearly,0,mid_level,105254.5,5.0,University,Other / Miscellaneous
Cyber Security Tester-Remote,fulltime,yearly,1,mid_level,116314.0,8.0,University,Cybersecurity
System Administrator (supporting Naval Research Lab),fulltime,yearly,1,executive_level,131000.0,5.0,University,IT Support / Helpdesk
Remote Test Lead Cyber Security Engineer SME III,fulltime,yearly,1,mid_level,141969.0,8.0,University,Cybersecurity
"Manager, Prog/Project",fulltime,yearly,1,senior_level,140000.0,5.0,University,IT Management / Director
Healthcare Customer Project Manager – NYC/LI,internship,yearly,0,senior_level,114712.5,5.0,University,Project / Program Management
Project Manager,fulltime,yearly,0,senior_level,86434.5,3.0,University,Project / Program Management
"VP, Engineering",fulltime,yearly,1,senior_level,218228.5,12.0,University,IT Management / Director
Project Coordinator (Remote),contract,hourly,1,senior_level,98800.0,2.0,University,Project / Program Management
Senior Data Center IT Support Technician,fulltime,hourly,0,mid_level,95680.0,2.0,High School,IT Support / Helpdesk
Senior Technical Program Manager,fulltime,yearly,0,senior_level,183700.0,4.0,University,Project / Program Management
Senior Digital Cloud Solution Architect - Data and AI,fulltime,hourly,0,senior_level,160160.0,5.0,University,Data & Analytics
Senior Software Security Engineer,fulltime,yearly,0,senior_level,183700.0,5.0,University,Cybersecurity
Technical Program Management IC4,fulltime,yearly,0,senior_level,183700.0,4.0,University,General IT / Other IT Role
Metro Build Program Manager,fulltime,yearly,0,senior_level,161400.0,3.0,High School,Project / Program Management
Critical Environment Technician - Regional Operations Center,fulltime,hourly,1,mid_level,74880.0,3.0,High School,IT Support / Helpdesk
FAST Workflow Configuration Principal Consultant,internship,yearly,0,senior_level,163000.0,7.0,University,Consulting / Specialist
Senior Devop Engineer,fulltime,yearly,1,senior_level,140072.0,5.0,University,General IT / Other IT Role
IT Support Technician,fulltime,yearly,0,mid_level,73484.5,5.0,University,IT Support / Helpdesk
Help Desk Representative,fulltime,yearly,0,senior_level,41471.5,2.0,High School,IT Support / Helpdesk
Project Manager,contract,hourly,0,senior_level,135200.0,7.0,University,Project / Program Management
Scrum Master,fulltime,yearly,1,senior_level,110377.5,2.0,University,Project / Program Management
Product Manager IV,fulltime,yearly,0,senior_level,193485.5,10.0,University,IT Management / Director
Information Systems Analyst 3,fulltime,yearly,1,mid_level,91089.5,5.0,High School,General IT / Other IT Role
Integrations and Test Systems Engineer (JITTC-N Simulation Team),fulltime,yearly,0,senior_level,109249.0,5.0,High School,Network & Systems
Sr Product Manager,internship,yearly,1,senior_level,102395.0,3.0,University,IT Management / Director
Technical Product Owner,fulltime,yearly,1,senior_level,114850.0,3.0,University,General IT / Other IT Role
Sr. HRIS Analyst (Workday),fulltime,yearly,0,senior_level,87707.5,5.0,University,Other / Miscellaneous
Desktop Support Specialist,fulltime,yearly,0,mid_level,48730.5,2.0,University,IT Support / Helpdesk
Asst Mgr Product,fulltime,yearly,0,entry_level,53061.0,2.0,University,Other / Miscellaneous
"Director, IT",fulltime,yearly,1,mid_level,165250.0,5.0,University,IT Management / Director
Applications Administrator 1 or 2 - Business Systems Analyst,fulltime,yearly,0,mid_level,81672.5,4.0,University,General IT / Other IT Role
Cybersecurity Compliance Specialist,fulltime,yearly,1,senior_level,124500.0,5.0,University,Cybersecurity
IT Senior BSA,fulltime,yearly,1,senior_level,142500.0,4.0,University,General IT / Other IT Role
Cyber Security Implementation Engineer,fulltime,yearly,0,senior_level,125726.0,6.0,University,Cybersecurity
Agile Solution Manager,contract,hourly,1,senior_level,145600.0,1.0,University,Project / Program Management
Intermediate Cyber Risk Manager,fulltime,yearly,0,senior_level,134184.0,2.0,University,IT Management / Director
Lead Operations Research Analyst,fulltime,yearly,0,entry_level,147307.5,8.0,University,Other / Miscellaneous
Software Systems Engineer (Air and Space Forces Center),fulltime,yearly,0,entry_level,151126.5,5.0,University,Network & Systems
Security Operation Center Analyst,contract,yearly,0,senior_level,120000.0,4.0,University,Cybersecurity
Electrical Systems Engineer (40% of travel),fulltime,yearly,1,mid_level,129332.0,10.0,University,Network & Systems
Director of IT,fulltime,yearly,0,senior_level,105000.0,3.0,University,IT Management / Director
ServiceNow Developer/Admin,"fulltime, contract",hourly,1,senior_level,109200.0,6.0,University,Software Development
Lead IaC Engineer,fulltime,yearly,0,senior_level,165579.5,5.0,University,General IT / Other IT Role
Program Manager,fulltime,yearly,0,mid_level,107971.5,6.0,University,Project / Program Management
Enterprise IT Systems Engineer,fulltime,hourly,0,senior_level,86320.0,4.0,University,Network & Systems
Network Engineering Manager,fulltime,yearly,1,senior_level,124772.5,7.0,University,Network & Systems
Director of Community Solutions,internship,yearly,0,senior_level,126714.5,5.0,University,IT Management / Director
Director of IT,fulltime,yearly,0,senior_level,200000.0,5.0,University,IT Management / Director
Head of Product,fulltime,yearly,0,senior_level,129017.0,7.0,University,IT Management / Director
IT Intergration and Development Manager,"fulltime, contract",yearly,0,senior_level,95000.0,5.0,University,IT Management / Director
Platform Engineer,fulltime,yearly,1,mid_level,95000.0,3.0,University,General IT / Other IT Role
Safety and Security Enforcement/ Contract Assurance Consultant,fulltime,yearly,0,mid_level,175000.0,10.0,University,Cybersecurity
Help Desk Manager,fulltime,yearly,0,senior_level,83172.5,2.0,University,IT Support / Helpdesk
"Systems Administrator, Staff (Hybrid)",fulltime,yearly,0,senior_level,114500.0,10.0,Online/Courses,Network & Systems
Lead Platform Analyst - eCMS Contracts AI,contract,yearly,0,mid_level,155900.0,7.0,University,Data & Analytics
"Director, IT Financial Management",fulltime,yearly,0,senior_level,174500.0,10.0,University,IT Management / Director
Information Technology Support Specialist,fulltime,hourly,0,mid_level,54080.0,2.0,University,IT Support / Helpdesk
Senior Information Security Analyst (ACAS),fulltime,yearly,1,mid_level,105829.0,10.0,University,Cybersecurity
Senior Engineer Analyst – Damage Control,"fulltime, contract",yearly,0,mid_level,105000.0,20.0,High School,General IT / Other IT Role
Applications Systems Analyst II,fulltime,yearly,1,senior_level,77289.5,3.0,University,General IT / Other IT Role
Azure Cloud Engineer,internship,yearly,0,senior_level,160000.0,5.0,University,Network & Systems
Director of IT Operations,fulltime,yearly,1,senior_level,190000.0,7.0,University,IT Management / Director
Oracle Cloud Project Manager,"fulltime, contract",hourly,1,senior_level,114400.0,5.0,University,Project / Program Management
Senior IT Architect (Cloud),fulltime,yearly,0,mid_level,138876.0,3.0,High School,General IT / Other IT Role
VP of Administration,fulltime,yearly,0,mid_level,162821.5,8.0,University,IT Management / Director
"Senior Analytics Engineer, 2",fulltime,yearly,1,senior_level,133300.5,3.0,University,Data & Analytics
Infrastructure Engineer,fulltime,yearly,0,senior_level,96281.0,2.0,University,Network & Systems
Cybersecurity Architect,fulltime,yearly,1,entry_level,141299.5,7.0,University,Cybersecurity
Azure Cloud Engineer- Hybrid,fulltime,yearly,1,mid_level,90341.5,1.0,University,Network & Systems
Program/Project Manager,contract,hourly,0,senior_level,130000.0,5.0,University,Project / Program Management
Enterprise Application Integration Engineer,"parttime, fulltime",yearly,0,entry_level,97103.5,5.0,University,General IT / Other IT Role
IT Help Desk Technician,fulltime,hourly,0,mid_level,48880.0,2.0,High School,IT Support / Helpdesk
Systems Analyst,"parttime, fulltime",yearly,0,entry_level,63360.5,3.0,University,General IT / Other IT Role
Technology Research Analyst,"parttime, fulltime",yearly,0,entry_level,65580.0,3.0,University,General IT / Other IT Role
Applications Development Analyst,"parttime, fulltime",yearly,0,entry_level,65987.0,2.0,University,Other / Miscellaneous
"Director, Systems and Programming","parttime, fulltime",yearly,0,entry_level,140346.0,10.0,University,IT Management / Director
Technical Support Analyst,fulltime,yearly,1,senior_level,52500.0,3.0,University,IT Support / Helpdesk
Senior Consultant - US Privacy Operations,fulltime,yearly,1,mid_level,118465.0,3.0,Online/Courses,Consulting / Specialist
"Director, Business Intelligence & Data Engineering",fulltime,yearly,1,senior_level,158240.5,8.0,University,Data & Analytics
Financial Systems Architect,internship,yearly,1,mid_level,142800.0,5.0,University,General IT / Other IT Role
Product Security Director,internship,yearly,1,senior_level,206261.5,5.0,University,Cybersecurity
Info Security Specialist,fulltime,yearly,1,mid_level,125000.0,6.0,University,Cybersecurity
"IT Auditor ~ Springfield, VA ~ On-Site","fulltime, contract",hourly,0,senior_level,135200.0,5.0,University,General IT / Other IT Role
Senior Product Manager (Scrum Master),internship,yearly,1,entry_level,178688.5,5.0,University,Project / Program Management
Senior Helpdesk Engineer,internship,yearly,0,senior_level,116835.0,7.0,University,General IT / Other IT Role
Project Manager – R&D,fulltime,yearly,0,senior_level,104193.0,3.0,University,Project / Program Management
Business Systems Analyst,fulltime,yearly,0,senior_level,132500.0,8.0,University,General IT / Other IT Role
Investment Systems User Support Associate,internship,yearly,0,mid_level,82501.0,2.0,University,IT Support / Helpdesk
Network & Cyber Security Manager,contract,yearly,1,entry_level,103624.0,5.0,University,Network & Systems
"Lead, Ceded Reinsurance Operations",fulltime,yearly,1,senior_level,106389.5,4.0,University,Other / Miscellaneous
Lead CyberSecurity Architect,internship,yearly,1,senior_level,161001.5,6.0,University,Cybersecurity
"Director, Information Technology",fulltime,yearly,0,senior_level,142167.0,8.0,University,IT Management / Director
"Project Manager II, Governance, Risk & Compliance",fulltime,yearly,0,senior_level,127986.0,7.0,University,Project / Program Management
"Principal Consultant, Offensive Security, Proactive Services (Unit 42) - Remote",fulltime,yearly,1,senior_level,179500.0,9.0,University,Cybersecurity
Product Manager,contract,yearly,1,senior_level,150000.0,7.0,University,IT Management / Director
Senior Advanced Systems Engineer,internship,yearly,0,senior_level,143000.0,7.0,University,Network & Systems
Product Manager,fulltime,yearly,0,senior_level,75000.0,3.0,University,IT Management / Director
IT Support Specialist II,fulltime,yearly,1,executive_level,51826.5,2.0,High School,IT Support / Helpdesk
Senior Product Manager,fulltime,yearly,1,senior_level,140500.0,10.0,University,IT Management / Director
Windows Subject Matter Expert (SME) – ConfigOS Implementation Consultant,fulltime,yearly,0,executive_level,105000.0,5.0,University,Consulting / Specialist
Systems Technician,internship,hourly,0,mid_level,50960.0,20.0,University,IT Support / Helpdesk
Enterprise Architect Manager,fulltime,yearly,0,mid_level,112757.0,10.0,University,IT Management / Director
"Lead Product Manager, Payments",internship,yearly,0,senior_level,177500.0,8.0,Online/Courses,IT Management / Director
IT Solution Specialist - Change Management Transformation,fulltime,yearly,0,mid_level,97530.5,2.0,University,Consulting / Specialist
IT Specialist,fulltime,yearly,0,mid_level,114078.0,1.0,Online/Courses,Consulting / Specialist
Microsoft Dynamics Business Central (BC) and Customer Engagement (CE) Specialist,fulltime,yearly,0,senior_level,80897.5,5.0,University,Consulting / Specialist
Business Systems Analyst,contract,hourly,1,entry_level,135200.0,5.0,University,General IT / Other IT Role
System Administrator (EPB Coordinator),fulltime,yearly,0,executive_level,77104.0,2.0,Online/Courses,Network & Systems
SENIOR PROGRAM MANAGER (REMOTE OPPORTUNITY),fulltime,yearly,1,mid_level,139143.5,10.0,University,Project / Program Management
SYSTEMS ANALYST,fulltime,yearly,1,mid_level,110738.0,4.0,Online/Courses,General IT / Other IT Role
IT Coordinator,fulltime,yearly,1,senior_level,77500.0,7.0,University,General IT / Other IT Role
Senior Perception Engineer,fulltime,yearly,0,senior_level,213300.0,3.0,University,General IT / Other IT Role
CTO -Senior Director Infrastructure and Operations,fulltime,hourly,0,mid_level,187200.0,5.0,University,Network & Systems
Systems Security Lead,fulltime,yearly,0,senior_level,100689.5,5.0,University,Cybersecurity
System Administrator – Senior (Directory Services),fulltime,yearly,0,senior_level,101281.0,7.0,University,Network & Systems
Senior Technical Consultant/SME,fulltime,yearly,0,senior_level,163800.0,5.0,University,Consulting / Specialist
Project Manager,fulltime,yearly,0,senior_level,90000.0,11.0,University,Project / Program Management
Director of Innovation and Information Technology,fulltime,yearly,0,senior_level,80000.0,5.0,University,IT Management / Director
Engineer,fulltime,yearly,0,senior_level,98550.0,1.0,University,General IT / Other IT Role
Software Support Analyst - Specialist,fulltime,yearly,0,executive_level,59342.0,2.0,University,IT Support / Helpdesk
Configuration Manager,fulltime,yearly,0,senior_level,100000.0,3.0,University,IT Management / Director
Computer Systems Administrator,fulltime,yearly,0,mid_level,55000.0,1.0,University,Network & Systems
Control System Engineer,fulltime,hourly,1,senior_level,104000.0,5.0,University,General IT / Other IT Role
Systems Engineer II,fulltime,yearly,0,senior_level,85000.0,2.0,University,Network & Systems
Systems Integration Specialist,fulltime,yearly,1,senior_level,68910.5,6.0,University,Consulting / Specialist
Java Enterprise Architect,fulltime,yearly,1,mid_level,142661.0,15.0,University,Software Development
Application Support Analyst,fulltime,yearly,1,senior_level,80000.0,2.0,University,IT Support / Helpdesk
Information Systems Security Officer (ISSO),fulltime,yearly,0,mid_level,115829.0,6.0,University,Cybersecurity
"Associate Engineer, IT Cloud",internship,yearly,0,mid_level,83230.5,3.0,University,General IT / Other IT Role
Help Desk Specialist - Technician,fulltime,yearly,1,mid_level,53688.0,1.0,High School,IT Support / Helpdesk
Project Manager,fulltime,yearly,0,senior_level,88193.5,3.0,University,Project / Program Management
"Manager, Exchange Systems Administrator",internship,yearly,1,entry_level,138000.0,6.0,University,Network & Systems
Integration Engineer,fulltime,yearly,0,senior_level,142350.0,10.0,University,General IT / Other IT Role
Enterprise Architect,fulltime,yearly,0,entry_level,171550.0,12.0,University,Consulting / Specialist
Defensive Cyber Operations Analyst,fulltime,yearly,1,entry_level,114062.5,3.0,University,General IT / Other IT Role
Workday Security Consultant,internship,yearly,0,entry_level,116646.0,1.0,University,Cybersecurity
SAP Revenue Recognition Senior Consultant (A&D Industry),internship,yearly,0,entry_level,151100.0,5.0,University,Consulting / Specialist
SAP Revenue Recognition Manager (A&D Industry),internship,yearly,0,entry_level,174900.0,8.0,University,IT Management / Director
Project Manager,fulltime,yearly,0,senior_level,152387.5,8.0,University,Project / Program Management
Chief Systems Architect (SME),fulltime,yearly,0,senior_level,171550.0,15.0,University,IT Management / Director
SAP FICA/BRIM Manager,internship,yearly,0,entry_level,181592.5,8.0,University,IT Management / Director
SAP Product Costing Manager (Semiconductor Industry),internship,yearly,0,entry_level,174900.0,8.0,University,IT Management / Director
SR. PROJECT MANAGER with NETWORK EXP OR PUBLIC HEALTH,contract,yearly,0,senior_level,152862.5,7.0,University,Network & Systems
SAP SD Functional Analyst,contract,yearly,0,senior_level,142558.0,12.0,University,Other / Miscellaneous
SAP Product Costing Senior Consultant (Semiconductor Industry),internship,yearly,0,entry_level,151100.0,5.0,University,IT Management / Director
SAP PRA/JVA Manager,internship,yearly,0,entry_level,174900.0,8.0,University,IT Management / Director
Part-Time Temp IT Support Assistant,"temporary, parttime",hourly,1,mid_level,52000.0,2.0,University,IT Support / Helpdesk
"Customer Engineer, National Security, Public Sector",fulltime,yearly,0,mid_level,151000.0,6.0,University,Cybersecurity
"Leadership Technical Program Manager II, Google Ads",fulltime,yearly,0,senior_level,259500.0,10.0,University,Project / Program Management
"Cloud Consultant II, Networking, Professional Services, Google Cloud",fulltime,yearly,0,senior_level,176500.0,5.0,University,Network & Systems
Digital Product Manager / ITS Digital Transformation,fulltime,yearly,0,senior_level,139887.0,5.0,University,IT Management / Director
Associate Product Manager,internship,yearly,0,mid_level,89301.5,1.0,University,IT Management / Director
"Principal Architect, Security",fulltime,yearly,0,senior_level,176500.0,7.0,University,Cybersecurity
Product Manager,fulltime,yearly,0,senior_level,114239.0,2.0,University,IT Management / Director
Senior Project Manager,contract,hourly,0,senior_level,105040.0,5.0,University,Project / Program Management
Lead Specialist - IT SAP Supply Chain (MM),internship,yearly,0,mid_level,117868.5,5.0,University,Data & Analytics
IT Help Desk Technician,fulltime,hourly,0,mid_level,42640.0,1.0,High School,IT Support / Helpdesk
Senior Cloud IT Operations Associate,fulltime,yearly,1,mid_level,72500.0,5.0,University,General IT / Other IT Role
Systems Engineer,"fulltime, contract",yearly,1,senior_level,125317.0,5.0,University,Network & Systems
Computer Technician,fulltime,hourly,0,mid_level,40560.0,2.0,University,IT Support / Helpdesk
IA Sales Product Manager,fulltime,yearly,0,senior_level,103318.0,5.0,University,IT Management / Director
Project Analyst - Medstar,contract,yearly,1,senior_level,89283.5,2.0,University,Other / Miscellaneous
Application Engineer,fulltime,yearly,0,senior_level,92500.0,1.0,University,General IT / Other IT Role
IT Scrum Master,fulltime,yearly,0,senior_level,121071.5,3.0,University,Project / Program Management
Director Field Service,fulltime,yearly,0,senior_level,152023.0,7.0,University,IT Management / Director
Rhapsody Consultant,contract,hourly,0,senior_level,124800.0,1.0,University,Consulting / Specialist
Director Cloud,fulltime,yearly,0,senior_level,180550.0,12.0,University,IT Management / Director
Palantir Technical Product Lead,fulltime,yearly,0,senior_level,158126.0,5.0,University,General IT / Other IT Role
SAP EWM Architect,fulltime,yearly,1,senior_level,151571.5,8.0,University,General IT / Other IT Role
Manager - Cyber Security Incident Response,fulltime,yearly,1,senior_level,124064.5,2.0,University,Cybersecurity
Senior Specialist - IT Product Support,fulltime,yearly,1,senior_level,83317.0,2.0,University,IT Support / Helpdesk
IT Onboarding Specialist,fulltime,yearly,0,senior_level,66000.0,1.0,University,Consulting / Specialist
Sr Network Security Engineer,internship,yearly,1,mid_level,188613.0,10.0,University,Network & Systems
ERP Project Coordinator,fulltime,yearly,1,senior_level,58500.0,1.0,University,Project / Program Management
Truth Traveler Audio/Visual IT Supervisor,fulltime,yearly,0,mid_level,63843.0,2.0,University,General IT / Other IT Role
Technical Analyst,fulltime,hourly,1,senior_level,57200.0,2.0,High School,General IT / Other IT Role
"Senior Director, Affordability",fulltime,yearly,0,senior_level,194750.0,15.0,University,IT Management / Director
Network Administrator,fulltime,yearly,1,senior_level,85000.0,3.0,University,Network & Systems
HelpDesk Supervisor,fulltime,yearly,0,senior_level,79121.0,7.0,University,Other / Miscellaneous
Project Manager * Hybrid * Automation,fulltime,yearly,0,senior_level,88001.0,5.0,University,Project / Program Management
Network Operations Center Technician,fulltime,yearly,1,mid_level,64350.0,1.0,University,IT Support / Helpdesk
Digital Engineering Consultant,fulltime,yearly,1,senior_level,105905.0,7.0,University,Consulting / Specialist
Software Implementation Project Manager Role - in Omaha Ne,fulltime,yearly,0,senior_level,82500.0,5.0,University,Project / Program Management
Senior Technical Product Owner,contract,hourly,0,senior_level,104000.0,8.0,University,General IT / Other IT Role
Solutions Architect - Forward Deployed Team New,internship,yearly,0,senior_level,232500.0,10.0,University,Consulting / Specialist
Information Security Analyst,fulltime,yearly,0,mid_level,74647.0,0.0,University,Cybersecurity
IT Administrator,fulltime,yearly,0,senior_level,75000.0,3.0,University,General IT / Other IT Role
IT Sr Technical Specialist/AWS Cloud Engineer,fulltime,yearly,0,senior_level,125987.0,5.0,Online/Courses,Network & Systems
"Technical Project Management, Advisor",fulltime,yearly,0,senior_level,175500.0,10.0,University,General IT / Other IT Role
SITEC - Systems Architect - MacDill AFB,fulltime,yearly,0,mid_level,145500.0,12.0,University,General IT / Other IT Role
SITEC-Asset Manager,fulltime,yearly,0,senior_level,86000.0,5.0,University,IT Management / Director
Lead Windows Desktop Administrator,fulltime,yearly,0,senior_level,86000.0,2.0,University,Other / Miscellaneous
Cyber Systems Engineer,fulltime,yearly,0,mid_level,175500.0,15.0,High School,Network & Systems
PeopleSoft HCM Consultant,contract,hourly,0,senior_level,97760.0,10.0,University,Consulting / Specialist
Prisma Cloud Solutions Architect – Healthcare,contract,yearly,1,senior_level,122668.5,3.0,University,Consulting / Specialist
Program Director (DoD),contract,yearly,0,senior_level,173521.5,15.0,University,IT Management / Director
Junior Automation Control Systems Engineer,fulltime,yearly,0,senior_level,65824.5,0.0,University,Network & Systems
Systems Administrator Associate,fulltime,yearly,0,mid_level,73710.5,3.0,University,Network & Systems
Consulting Systems Engineer - Nashville,fulltime,yearly,0,senior_level,151103.5,13.0,University,Network & Systems
Webservices and Application Platform Engineer,contract,yearly,0,senior_level,127756.5,10.0,University,General IT / Other IT Role
Technical Program Manager,fulltime,yearly,0,senior_level,122500.0,10.0,University,Project / Program Management
IT Systems Technician,fulltime,yearly,1,mid_level,58044.0,3.0,High School,IT Support / Helpdesk
Project Manager,fulltime,yearly,1,senior_level,117392.5,5.0,University,Project / Program Management
Business Systems Analyst – Contract Position,contract,yearly,0,entry_level,94534.5,5.0,University,General IT / Other IT Role
"Director, Voice of Customer",internship,yearly,0,senior_level,124918.0,5.0,University,IT Management / Director
IT Support Specialist,fulltime,yearly,0,mid_level,42712.5,3.0,High School,IT Support / Helpdesk
Technical Architect - SAP Hybris/SAP Commerce,contract,hourly,1,senior_level,140400.0,15.0,University,Consulting / Specialist
Principal Security Architect / Engineer,fulltime,yearly,0,senior_level,202150.0,10.0,University,Cybersecurity
Sr Product Manager - Merchandising Insights,fulltime,yearly,0,senior_level,155700.0,10.0,University,IT Management / Director
"Principal Security Architect / Engineer (Infra, GCP)(Remote Or Hybrid)",fulltime,yearly,1,senior_level,228150.0,10.0,University,Cybersecurity
Principal Consultant - Cloud IT Infrastructure,fulltime,yearly,1,entry_level,220500.0,10.0,University,Network & Systems
Associate Network Operations Center Operator,internship,yearly,0,mid_level,58233.0,1.0,University,Network & Systems
Subject Matter Expert (SME) Cybersecurity Consultant – Control Testing,fulltime,hourly,0,senior_level,187200.0,10.0,University,Cybersecurity
Cybersecurity Program Manager – Controls Testing,fulltime,hourly,0,senior_level,239200.0,10.0,University,Cybersecurity
"Principal Consultant, Digital Workplace Solutions",fulltime,yearly,1,mid_level,220500.0,10.0,University,Consulting / Specialist
Principal Program Manager - Technical,fulltime,yearly,1,mid_level,199970.0,3.0,Online/Courses,Project / Program Management
Principal Program Manager - Technical,fulltime,yearly,1,mid_level,199970.0,3.0,Online/Courses,Project / Program Management
Power Range Neutron Monitoring Engineer,contract,yearly,0,senior_level,91555.0,4.0,University,General IT / Other IT Role
IT Administrator (Fixed-Term),fulltime,yearly,0,senior_level,74732.5,2.0,Online/Courses,General IT / Other IT Role
Support Engineer,fulltime,yearly,0,executive_level,82500.0,5.0,Online/Courses,IT Support / Helpdesk
"Manager, IT Service Delivery",fulltime,yearly,0,senior_level,121654.5,5.0,Online/Courses,IT Management / Director
IT Project Manager II,fulltime,yearly,0,mid_level,119465.5,5.0,University,Project / Program Management
Network Operations Control Center Technician II,fulltime,yearly,1,mid_level,47673.5,2.0,University,IT Support / Helpdesk
PeopleSoft HCM Consultant,contract,hourly,0,senior_level,119600.0,10.0,University,Consulting / Specialist
"Application Analyst III, Business Applications - Information Solutions (Remote)",fulltime,yearly,1,senior_level,86547.0,3.0,High School,Other / Miscellaneous
"Manager, GRC Security",internship,yearly,0,senior_level,148575.0,7.0,University,Cybersecurity
"Lead Product Manager, Partnerships",internship,yearly,0,senior_level,168900.0,7.0,University,IT Management / Director
Technical Consultant (Commercial),internship,yearly,0,senior_level,101595.0,1.0,University,Consulting / Specialist
Sr. Director Global Technology,fulltime,yearly,0,senior_level,205174.5,5.0,University,IT Management / Director
Firewall Security-----------------10+ years (MUST),contract,yearly,0,senior_level,121858.5,8.0,University,Cybersecurity
"Senior Manager, CRM",fulltime,yearly,1,senior_level,126606.5,7.0,Online/Courses,IT Management / Director
"Director of Product Management, WAAP",fulltime,yearly,0,senior_level,250348.0,14.0,University,IT Management / Director
System Protection Engineer,fulltime,yearly,1,entry_level,120000.0,1.0,University,General IT / Other IT Role
IT Helpdesk Engineer,fulltime,yearly,1,senior_level,70000.0,3.0,University,General IT / Other IT Role
"Assistant Vice President, Structural Engineering",contract,yearly,0,mid_level,161649.0,10.0,University,IT Management / Director
Application Engineer,"parttime, fulltime",yearly,1,mid_level,97800.0,3.0,University,General IT / Other IT Role
Performance Monitoring Engineer,fulltime,yearly,0,mid_level,135000.0,5.0,University,General IT / Other IT Role
Senior Digital Product Strategist and Product Manager,internship,yearly,0,senior_level,146265.5,7.0,University,IT Management / Director
Snowflake & Azure Cloud Engineer,fulltime,yearly,0,senior_level,110704.0,4.0,University,Network & Systems
RISE Cloud Architect & Advisor - Bellevue,fulltime,yearly,0,senior_level,206700.0,2.0,University,General IT / Other IT Role
SAP SPM Senior Consultant,internship,yearly,0,mid_level,166750.0,10.0,University,Consulting / Specialist
"SAP Cloud Integration Developer (SAP CI, BTP)",fulltime,yearly,0,senior_level,115450.0,4.0,University,Software Development
SAP SPM - Principal Architect,internship,yearly,0,mid_level,243150.0,15.0,University,General IT / Other IT Role
Cyber Defense Sr Specialist Threat Hunter,fulltime,yearly,0,entry_level,263450.0,7.0,University,Consulting / Specialist
Principal Enterprise Architect - Multiple locations,fulltime,yearly,0,senior_level,243150.0,10.0,University,Consulting / Specialist
Senior SAP BASIS Enhanced Operations Services Specialist,fulltime,yearly,0,senior_level,163400.0,10.0,University,Consulting / Specialist
"Analyst, Senior Systems",internship,yearly,0,senior_level,117060.0,5.0,University,General IT / Other IT Role
Associate Product Manager Factory MRO,fulltime,yearly,1,mid_level,75000.0,2.0,University,IT Management / Director
Director of Business Technology Solutions,fulltime,yearly,1,senior_level,128466.5,2.0,University,IT Management / Director
IT Consultant,fulltime,yearly,0,mid_level,62500.0,2.0,University,Consulting / Specialist
PRESCHOOL (AGE 2) THROUGH GRADE 8,internship,yearly,0,senior_level,47867.0,1.0,University,Other / Miscellaneous
Senior Enterprise Cloud Architect,fulltime,yearly,0,mid_level,153753.5,2.0,University,General IT / Other IT Role
Quality Systems Engineer,fulltime,yearly,0,senior_level,90000.0,2.0,University,Network & Systems
Security - Governance Analyst IV,internship,yearly,0,senior_level,99491.5,7.0,University,Cybersecurity
"Senior Product Manager, In-Product Engagement",fulltime,yearly,1,senior_level,173130.0,5.0,University,IT Management / Director
Training Specialist,fulltime,yearly,0,mid_level,52096.0,2.0,Online/Courses,Data & Analytics
Senior Information Security Analyst (Remote),internship,yearly,1,senior_level,119850.0,3.0,University,Cybersecurity
"Principal Product Management, Data Integration & Platforms",fulltime,yearly,1,senior_level,257200.0,8.0,Online/Courses,Data & Analytics
Product Manager,contract,hourly,0,senior_level,140400.0,20.0,University,IT Management / Director
Program Director,internship,yearly,0,senior_level,160559.5,5.0,University,IT Management / Director
Associate Director/Director - Analytics,fulltime,yearly,0,senior_level,136229.5,7.0,University,Data & Analytics
IT Equipment Coordinator K,fulltime,hourly,1,mid_level,55120.0,2.0,High School,General IT / Other IT Role
We’ve Done the Heavy Lifting - Now We’re Hiring Service Advisors & Managers Who Deliver.,fulltime,hourly,0,senior_level,42640.0,2.0,University,IT Management / Director
Senior Security Engineer,fulltime,yearly,0,executive_level,150717.5,8.0,University,Cybersecurity
EDI SME,contract,hourly,1,senior_level,93600.0,4.0,Online/Courses,Other / Miscellaneous
IT Reporting Specialist,fulltime,yearly,1,senior_level,60000.0,20.0,University,Consulting / Specialist
Product Manager-Math,fulltime,yearly,1,senior_level,87500.0,3.0,University,IT Management / Director
"IT Systems Engineer, Senior",fulltime,yearly,0,senior_level,125679.0,5.0,University,Network & Systems
IT Systems Engineer I,fulltime,yearly,0,executive_level,79928.5,2.0,University,Network & Systems
DevOpsSoftware Engineer(Cloud),fulltime,yearly,0,senior_level,128025.5,5.0,University,Software Development
Cloud Engineer,fulltime,yearly,0,executive_level,139539.0,5.0,University,Network & Systems
Cloud Architect,fulltime,yearly,0,senior_level,153245.5,5.0,University,General IT / Other IT Role
CNC Applications Engineer III,fulltime,yearly,0,entry_level,100280.5,5.0,University,General IT / Other IT Role
Security Manager,fulltime,yearly,0,senior_level,120640.0,0.0,University,Cybersecurity
Network Administrator,fulltime,yearly,0,mid_level,96791.5,4.0,University,Network & Systems
Project Manager,fulltime,yearly,0,mid_level,77660.0,1.0,University,Project / Program Management
Service Center Analyst,fulltime,hourly,0,senior_level,61360.0,2.0,University,Other / Miscellaneous
Finance Systems Analyst,fulltime,yearly,1,senior_level,64201.0,1.0,University,General IT / Other IT Role
Senior IT Security Engineer,fulltime,hourly,0,senior_level,176800.0,1.0,University,Cybersecurity
M365 Consultant,contract,hourly,0,senior_level,119600.0,8.0,Online/Courses,Consulting / Specialist
Digital Product Owner II,fulltime,yearly,0,mid_level,98666.0,2.0,University,General IT / Other IT Role
Emerging Technologies Analyst,fulltime,yearly,0,senior_level,95000.0,3.0,Online/Courses,General IT / Other IT Role
Vice President of Technology,fulltime,yearly,0,senior_level,226834.0,10.0,University,IT Management / Director
Plaza Director,fulltime,yearly,0,mid_level,102754.0,5.0,University,IT Management / Director
Field Support Specialist - Philadelphia,fulltime,yearly,1,mid_level,78684.5,1.0,University,IT Support / Helpdesk
PMO Program Management Lead (IT),fulltime,yearly,1,mid_level,137142.5,7.0,University,Project / Program Management
IT Field Engineer (Junior),fulltime,yearly,1,mid_level,50273.0,1.0,University,Intern / Entry Level
VDI Engineer,fulltime,yearly,0,mid_level,102495.5,3.0,University,General IT / Other IT Role
Project Manager,fulltime,hourly,1,mid_level,156000.0,6.0,University,Project / Program Management
Senior Systems Engineer,fulltime,yearly,0,entry_level,100000.0,10.0,University,Network & Systems
Technical Document Specialist,fulltime,yearly,0,senior_level,64000.0,3.0,University,Consulting / Specialist
Desktop Support Technician,contract,hourly,1,mid_level,41600.0,1.0,University,IT Support / Helpdesk
IT Service Sales Executive,fulltime,yearly,0,senior_level,86401.0,3.0,University,General IT / Other IT Role
Scrum Master,fulltime,yearly,0,senior_level,113529.5,3.0,University,Project / Program Management
Vice President of ECommerce,fulltime,yearly,0,senior_level,138156.5,10.0,Online/Courses,IT Management / Director
Associate – Technical Support Analyst – Presto,internship,yearly,1,mid_level,54000.0,1.0,High School,IT Support / Helpdesk
"Senior Technical Program Manager – Productivity Engineering (M365, Exchange, SharePoint) (REMOTE)",fulltime,yearly,1,mid_level,187500.0,7.0,University,Project / Program Management
Business Technology Analyst,fulltime,yearly,0,executive_level,59342.5,2.0,Online/Courses,General IT / Other IT Role
Systems Engineer and Integration Support L3 -5315,fulltime,yearly,0,senior_level,210000.0,10.0,University,IT Support / Helpdesk
SAP MM/WM Consultant,contract,hourly,0,mid_level,119600.0,4.0,University,Consulting / Specialist
"Senior Director, Principles and Governance",fulltime,yearly,0,senior_level,188000.0,5.0,University,IT Management / Director
Development Manager,fulltime,yearly,0,senior_level,151423.5,5.0,University,IT Management / Director
Senior Manager,fulltime,yearly,1,senior_level,140240.5,8.0,University,IT Management / Director
Maximo Developer,fulltime,yearly,1,senior_level,103745.0,3.0,University,Software Development
IT Tech Analyst,fulltime,yearly,0,entry_level,61290.0,1.0,University,General IT / Other IT Role
Product Manager,fulltime,yearly,1,senior_level,129297.5,9.0,University,IT Management / Director
IT Tech Analyst,fulltime,yearly,0,entry_level,67790.5,1.0,University,General IT / Other IT Role
IT Tech Analyst,fulltime,yearly,0,entry_level,61671.0,1.0,University,General IT / Other IT Role
Systems Administrator and Compliance Manager,fulltime,yearly,0,senior_level,75000.0,4.0,University,Network & Systems
"Data Center Product Engineer- 2nd Shift - ON SITE (Hudson, Ohio)",contract,yearly,0,mid_level,72525.0,2.0,University,Data & Analytics
Healthcare IT Desktop Field Support Technician,"fulltime, contract",hourly,1,mid_level,46800.0,2.0,University,IT Support / Helpdesk
Principal Consultant,internship,yearly,1,senior_level,103175.5,5.0,University,Consulting / Specialist
System Administrator,fulltime,yearly,0,executive_level,64500.0,4.0,High School,Network & Systems
"Vice President, Project Scrum Manager Release Train Engineer",internship,yearly,0,mid_level,130149.0,7.0,University,Data & Analytics
System Administrator,fulltime,yearly,0,executive_level,64500.0,4.0,High School,Network & Systems
IT Technical Support Manager,fulltime,yearly,1,senior_level,98040.0,3.0,Online/Courses,IT Support / Helpdesk
Project Manager II,fulltime,yearly,0,senior_level,74773.0,2.0,University,Project / Program Management
Project Manager IV,fulltime,yearly,0,mid_level,100644.0,6.0,University,Project / Program Management
Project Manager,fulltime,yearly,0,senior_level,100525.5,3.0,University,Project / Program Management
IT Desktop Support Technician,fulltime,yearly,0,senior_level,50543.5,2.0,University,IT Support / Helpdesk
Enterprise Architect - Digital Technology,fulltime,yearly,1,senior_level,135350.0,7.0,Online/Courses,Consulting / Specialist
Executive/VIP Support Specialist - Digital Technology,fulltime,yearly,1,senior_level,76104.5,5.0,Online/Courses,IT Support / Helpdesk
Network Architect,"fulltime, contract",hourly,1,mid_level,140400.0,14.0,University,Network & Systems
Senior Pega system Architect,"fulltime, contract",yearly,1,senior_level,127500.0,5.0,University,General IT / Other IT Role
Project Manager IV & Senior Subject Matter Expert,contract,yearly,0,senior_level,141914.5,15.0,Online/Courses,Project / Program Management
System Engineer With Functional Safety Background [F/M/X],internship,yearly,0,senior_level,130421.0,10.0,University,General IT / Other IT Role
Learning Technical Trainer II-,"fulltime, contract",hourly,0,senior_level,59280.0,5.0,University,Data & Analytics
Information Technology Systems Administrator,fulltime,yearly,0,senior_level,77500.0,1.0,University,Network & Systems
Learning Technical Trainer II,"fulltime, contract",hourly,0,senior_level,65520.0,5.0,University,Data & Analytics
Director of Cloud and Endpoint Solutions,fulltime,yearly,1,mid_level,151385.5,8.0,Online/Courses,IT Management / Director
PMO Program Management Lead (IT),fulltime,yearly,1,mid_level,115000.0,7.0,University,Project / Program Management
Cybersecurity Engineer with ISO 27001 ISMS and other global security standards,contract,yearly,0,senior_level,126726.0,10.0,University,Cybersecurity
Help Desk Level 1 or 2,fulltime,yearly,1,mid_level,57500.0,1.0,University,IT Support / Helpdesk
Retail Network Development Specialist - Real Estate,contract,yearly,1,senior_level,140290.5,5.0,University,Network & Systems
Level I Systems Engineer,fulltime,yearly,1,senior_level,52500.0,1.0,University,Network & Systems
Sr Workday HCM Reporting and Data Analyst,fulltime,yearly,0,senior_level,112350.5,3.0,University,Data & Analytics
"Founding Product Manager, B2B GenAI platform",fulltime,yearly,1,senior_level,139992.5,5.0,University,Data & Analytics
Programmer Analyst,fulltime,yearly,1,mid_level,90000.0,5.0,University,Software Development
Senior Project Manager,fulltime,yearly,1,entry_level,99093.0,5.0,University,Project / Program Management
"Senior IT Analyst II, R&D",fulltime,yearly,0,senior_level,150024.0,7.0,University,General IT / Other IT Role
Senior Mobility Administrator,contract,hourly,0,senior_level,156000.0,5.0,University,General IT / Other IT Role
End User Support Specialist I,fulltime,yearly,1,executive_level,48948.0,3.0,High School,IT Support / Helpdesk
Principal IT Technologist - SAP Manufacturing & Execution (PP),fulltime,yearly,1,senior_level,145000.0,12.0,High School,General IT / Other IT Role
Director – Technology Risk Consulting (Public Sector - State and Local Government),fulltime,yearly,0,entry_level,184100.0,1.0,University,IT Management / Director
Senior Product Manager,fulltime,yearly,0,entry_level,166683.0,5.0,University,IT Management / Director
"Principal Product Manager, New Product (B2B GenAI platform)",fulltime,yearly,1,senior_level,164505.0,5.0,University,Data & Analytics
Senior Azure Cloud Engineer,fulltime,yearly,1,mid_level,135781.0,5.0,University,Network & Systems
Project Manager,fulltime,yearly,0,senior_level,106171.5,5.0,University,Project / Program Management
Systems Administrator (TS/SCI Required),"fulltime, contract",yearly,1,mid_level,147500.0,5.0,University,Network & Systems
Executive Communications System Technician,fulltime,yearly,0,mid_level,59946.5,4.0,University,IT Support / Helpdesk
Technical Solutions Specialist,fulltime,yearly,1,mid_level,62837.5,2.0,University,Consulting / Specialist
Director of Cloud (AWS) Alliances (Remote),contract,yearly,1,senior_level,160000.0,5.0,University,IT Management / Director
Defect Manager,contract,hourly,0,senior_level,127920.0,15.0,University,IT Management / Director
Director of Partnerships,fulltime,yearly,1,senior_level,146274.5,6.0,University,IT Management / Director
IT Desktop Field Support Technician,"temporary, fulltime, contract",hourly,0,mid_level,49920.0,3.0,University,IT Support / Helpdesk
Systems Administrator,fulltime,yearly,0,senior_level,103597.0,1.0,University,Network & Systems
Help Desk Coordinator,"fulltime, contract",hourly,0,senior_level,47840.0,2.0,University,IT Support / Helpdesk
Desktop Support Technician,contract,hourly,0,senior_level,67600.0,1.0,University,IT Support / Helpdesk
Computer Software Specialist 3,fulltime,yearly,0,senior_level,98882.5,6.0,University,Consulting / Specialist
"Manager, Software Engagement Management",fulltime,yearly,1,senior_level,218000.0,6.0,Online/Courses,IT Management / Director
"Information Security Manager - Governance, Risk, and Compliance",fulltime,yearly,0,senior_level,145000.0,5.0,University,Cybersecurity
IT Specialist (APPSW),fulltime,yearly,1,mid_level,120295.5,5.0,Online/Courses,Consulting / Specialist
Information Technology Specialist,fulltime,yearly,0,mid_level,56575.0,3.0,University,Consulting / Specialist
Project Manager III,fulltime,yearly,1,senior_level,118000.0,4.0,University,Project / Program Management
Network Based Systems Analyst,fulltime,yearly,0,senior_level,130547.5,8.0,University,Network & Systems
Computer Systems Analyst II (SharePoint Developer) #588,"fulltime, contract",yearly,0,executive_level,83532.0,5.0,High School,Software Development
2025 Summer Internship - Operations & Technology,internship,hourly,0,entry_level,45760.0,18.0,University,Intern / Entry Level
Desktop Support Specialist,fulltime,yearly,1,senior_level,64325.0,2.0,University,IT Support / Helpdesk
Technical Program Management/Staff,internship,yearly,1,senior_level,246200.0,5.0,University,General IT / Other IT Role
Network Engineer,internship,yearly,0,mid_level,85000.0,5.0,University,Network & Systems
IT Support Analyst - Landmark,internship,yearly,0,senior_level,90600.0,4.0,University,IT Support / Helpdesk
Senior Virtualization Engineer - Secret clearance,fulltime,yearly,1,mid_level,141332.0,7.0,University,General IT / Other IT Role
Network Services (Network Senior SME),fulltime,yearly,1,mid_level,106583.0,12.0,University,Network & Systems
Senior Cloud Based Computing - SME,fulltime,yearly,0,mid_level,125858.0,12.0,University,General IT / Other IT Role
Service Desk Specialist,fulltime,yearly,0,mid_level,42019.0,1.0,University,IT Support / Helpdesk
Lead Control Systems Engineer,fulltime,yearly,0,senior_level,97506.5,2.0,University,Network & Systems
System Administrator,fulltime,yearly,0,senior_level,135000.0,12.0,University,Network & Systems
Federal AE Program Manager (Remote),fulltime,yearly,1,senior_level,136006.0,10.0,University,Project / Program Management
Senior TS&D Professional I,internship,yearly,0,senior_level,99367.5,5.0,University,Other / Miscellaneous
Manager Systems Management,internship,yearly,0,senior_level,122600.0,2.0,University,IT Management / Director
IT Field Engineer (Junior),fulltime,yearly,1,mid_level,50876.0,1.0,University,Intern / Entry Level
IAM Governance Analyst,fulltime,yearly,1,senior_level,81186.5,4.0,University,Other / Miscellaneous
Regulatory Program Manager - Technology and Cybersecurity Risk,fulltime,yearly,1,mid_level,154271.0,7.0,University,Cybersecurity
Senior Manager Systems Engineering,contract,yearly,0,mid_level,203303.5,7.0,University,Network & Systems
Scrum Master I,fulltime,yearly,0,senior_level,110377.5,2.0,University,Project / Program Management
Product Owner – Technology Risk Management Program,fulltime,yearly,1,senior_level,130492.0,4.0,University,General IT / Other IT Role
"Manager, Cloud Solutions",fulltime,yearly,0,senior_level,117500.0,8.0,University,IT Management / Director
Level 2 Windows Support Tech,fulltime,yearly,0,senior_level,68857.5,2.0,High School,IT Support / Helpdesk
EUC Desktop Support,contract,hourly,0,senior_level,45760.0,5.0,University,IT Support / Helpdesk
Software Asset Manger,fulltime,yearly,1,mid_level,111405.0,5.0,University,General IT / Other IT Role
Acquisition Program Management III,fulltime,yearly,0,senior_level,123012.0,5.0,University,General IT / Other IT Role
Service Configuration Manager,internship,yearly,0,senior_level,125219.0,5.0,University,IT Management / Director
Project Manager - Intermediate,internship,yearly,0,senior_level,87517.0,1.0,University,Project / Program Management
Digital Imaging X-Ray Tech Support Engineer,fulltime,yearly,1,senior_level,67500.0,3.0,University,IT Support / Helpdesk
Implementation Project Manager,fulltime,yearly,0,mid_level,109000.0,1.0,University,Project / Program Management
Director of Advanced Analytics,fulltime,yearly,0,senior_level,171893.0,10.0,University,Data & Analytics
Project Manager,fulltime,yearly,0,senior_level,87316.5,1.0,University,Project / Program Management
Human Focused Insider Threat Researcher/Practitioner,fulltime,yearly,0,senior_level,154292.5,5.0,University,General IT / Other IT Role
"Associate Analyst, Engineering Support",fulltime,yearly,0,mid_level,75941.0,0.0,Online/Courses,IT Support / Helpdesk
MONITORING ENGINEER,contract,yearly,1,senior_level,119544.5,5.0,Online/Courses,General IT / Other IT Role
Cloud Support Administrator,fulltime,hourly,1,senior_level,44720.0,2.0,University,IT Support / Helpdesk
Senior SAP BTP Developer,fulltime,yearly,1,entry_level,118890.5,7.0,University,Software Development
Network Architect,fulltime,yearly,1,senior_level,151126.5,14.0,University,Network & Systems
IT Field Service & Help Desk Technician – Network Support & Troubleshooting,"parttime, fulltime, contract",hourly,1,senior_level,88400.0,3.0,University,IT Support / Helpdesk
Intern (Technical Training),fulltime,yearly,0,entry_level,51035.5,4.0,University,Data & Analytics
Technical Support and RMA Specialist,fulltime,yearly,1,senior_level,47500.0,1.0,University,IT Support / Helpdesk
Program Manager III,fulltime,yearly,0,mid_level,147603.5,5.0,University,Project / Program Management
Senior Network Engineer,fulltime,yearly,0,senior_level,138951.5,5.0,University,Network & Systems
Software Implementation Analyst/ Consultant,fulltime,yearly,0,entry_level,84750.0,2.0,University,Consulting / Specialist
Level III Technician,fulltime,yearly,1,executive_level,92500.0,5.0,University,IT Support / Helpdesk
Senior Systems Administrator,fulltime,yearly,0,senior_level,136243.0,7.0,University,Network & Systems
Senior Wireless Network Engineer (hybrid),internship,yearly,1,senior_level,165100.0,7.0,University,Network & Systems
Scrum Master,fulltime,yearly,1,mid_level,101486.0,3.0,University,Project / Program Management
Technology Manager,fulltime,yearly,1,senior_level,133664.5,10.0,University,IT Management / Director
Network Administrator,fulltime,yearly,1,senior_level,85696.0,3.0,University,Network & Systems
Information Technology Support Specialist,fulltime,yearly,1,executive_level,50000.0,5.0,University,IT Support / Helpdesk
IT SERVICE TECH,fulltime,yearly,0,mid_level,40818.5,1.0,University,General IT / Other IT Role
ERP Systems Administrator,fulltime,yearly,0,senior_level,98721.0,5.0,University,Network & Systems
Systems Administrator,fulltime,yearly,0,mid_level,104605.5,3.0,University,Network & Systems
IT Specialist,fulltime,yearly,1,entry_level,60596.5,4.0,Online/Courses,Consulting / Specialist
Digital Product Manager,fulltime,yearly,0,senior_level,77583.0,5.0,High School,IT Management / Director
Senior Salesforce Developer,contract,hourly,0,senior_level,166400.0,5.0,University,Software Development
Senior Network Engineer,fulltime,yearly,1,senior_level,86210.5,5.0,University,Network & Systems
"Manager, Central Systems",fulltime,yearly,0,mid_level,99727.5,5.0,University,IT Management / Director
"Manager, Technology Program",fulltime,yearly,0,senior_level,92365.5,5.0,University,IT Management / Director
Client Success Manager- IT EU RB I,internship,yearly,0,entry_level,83400.0,3.0,University,IT Management / Director
Help Desk Technical Support,contract,hourly,1,mid_level,45760.0,3.0,High School,IT Support / Helpdesk
Service Configuration Manager (Hybrid),contract,hourly,0,mid_level,176800.0,5.0,University,IT Management / Director
Project Manager,contract,hourly,0,mid_level,192400.0,4.0,High School,Project / Program Management
Senior PKI Administrator [NGA-EMS],fulltime,yearly,0,mid_level,118514.5,6.0,University,Other / Miscellaneous
Business Systems Training Specialist,fulltime,yearly,1,mid_level,73100.0,20.0,University,Data & Analytics
Sr. Network & Security Engineer,fulltime,yearly,0,entry_level,104000.0,10.0,University,Network & Systems
Senior Security Engineer,fulltime,yearly,0,mid_level,131261.0,3.0,University,Cybersecurity
Delivery Lead,fulltime,yearly,0,senior_level,110000.0,3.0,Online/Courses,Other / Miscellaneous
Staff IT Auditor,fulltime,yearly,0,senior_level,92554.5,3.0,University,General IT / Other IT Role
Project Manager,internship,yearly,0,senior_level,107500.0,5.0,University,Project / Program Management
Personnel Cybersecurity III,fulltime,yearly,0,senior_level,118935.0,3.0,University,Cybersecurity
Principal Inbound Product Manager - Gen AI Analytics,fulltime,yearly,1,senior_level,196250.0,8.0,Online/Courses,Data & Analytics
"Director of Product, Growth",internship,yearly,1,senior_level,274500.0,7.0,University,IT Management / Director
Internet/Web Systems Administrator,"parttime, fulltime",yearly,0,entry_level,66695.0,3.0,University,Network & Systems
"Principal Product Manager, Payments & Fintech",fulltime,yearly,1,senior_level,197390.0,8.0,University,IT Management / Director
SAP Solution Architect (PLC)- moving to S4 on ECC,fulltime,hourly,1,senior_level,150800.0,5.0,University,General IT / Other IT Role
Cyber Analysis Support Specialist (Senior),internship,yearly,0,mid_level,138518.5,8.0,University,IT Support / Helpdesk
Vice President of Product,fulltime,yearly,1,senior_level,239958.5,15.0,University,IT Management / Director
Technical Services Manager,fulltime,yearly,0,senior_level,105265.0,5.0,University,IT Management / Director
"VP, Cloud Delivery",fulltime,yearly,1,mid_level,211380.5,15.0,University,IT Management / Director
Senior Technical Program Manager,contract,yearly,1,senior_level,172987.5,8.0,Online/Courses,Project / Program Management
Senior Security Architect,contract,yearly,1,senior_level,195475.0,8.0,Online/Courses,Cybersecurity
Network Engineer,"temporary, contract",hourly,1,entry_level,140400.0,5.0,University,Network & Systems
Oracle AMS Global Lead,fulltime,yearly,1,senior_level,118673.5,4.0,University,Other / Miscellaneous
IT Audit Senior Associate II,fulltime,yearly,0,senior_level,107737.5,4.0,University,General IT / Other IT Role
Oracle Cloud Technical Consultant,fulltime,yearly,1,senior_level,105337.5,2.0,University,Consulting / Specialist
Insider Threat Policy Analyst,fulltime,yearly,0,senior_level,127975.5,10.0,University,Other / Miscellaneous
IT Infrastructure Administrator,fulltime,yearly,1,mid_level,74464.0,2.0,University,Network & Systems
IT Support Specialist,"parttime, fulltime",hourly,0,senior_level,44720.0,2.0,University,IT Support / Helpdesk
Oracle FIN/SCM Consultant,fulltime,yearly,1,senior_level,105989.0,2.0,University,Consulting / Specialist
Project Delivery Lead,contract,yearly,0,senior_level,105577.5,7.0,University,Other / Miscellaneous
Senior Systems Engineer,fulltime,yearly,0,senior_level,163800.0,12.0,University,Network & Systems
Systems Administrator,contract,hourly,1,senior_level,192400.0,4.0,University,Network & Systems
"Specialist I, IT Support",fulltime,yearly,1,mid_level,59283.0,3.0,University,IT Support / Helpdesk
Sr. Product Manager Digital Transformation,fulltime,yearly,1,senior_level,175500.0,5.0,University,IT Management / Director
End User Support,contract,hourly,0,senior_level,60320.0,5.0,University,IT Support / Helpdesk
"Sr. Manager, Engineering (Semiconductor)",fulltime,yearly,0,senior_level,165332.0,10.0,University,IT Management / Director
Senior Business Systems Engineer - Purchasing,internship,yearly,0,entry_level,135185.0,5.0,University,Network & Systems
K-12 School Technology Director,fulltime,hourly,0,senior_level,48880.0,6.0,University,IT Management / Director
Digital Content Manager/ Help Desk Support,"fulltime, contract",yearly,0,senior_level,59913.5,3.0,University,IT Support / Helpdesk
Computer Support Analyst I – Computer Technology Services,temporary,yearly,1,mid_level,50560.5,3.0,University,IT Support / Helpdesk
Technology Managed Services Coordinator,"fulltime, contract",yearly,0,senior_level,74000.0,5.0,Online/Courses,General IT / Other IT Role
Director - Product Management - FortiTelemetry,fulltime,yearly,0,senior_level,172500.0,5.0,University,IT Management / Director
Oracle Cloud Integration Specialist,internship,yearly,1,senior_level,126000.0,5.0,University,Consulting / Specialist
Service Delivery Director - Build,contract,yearly,0,mid_level,188386.5,10.0,University,IT Management / Director
Control System Engineer,fulltime,hourly,0,senior_level,111280.0,5.0,University,General IT / Other IT Role
Senior Salesforce Developer,fulltime,yearly,1,senior_level,118769.5,5.0,Online/Courses,Software Development
Cloud Solutions Engineer,fulltime,yearly,1,senior_level,110000.0,2.0,University,General IT / Other IT Role
DSHS TIA Senior IT Architect,fulltime,yearly,0,mid_level,116400.0,3.0,University,General IT / Other IT Role
Cloud Systems Engineer,fulltime,yearly,0,mid_level,128102.5,5.0,University,Network & Systems
Senior Director of Technical Program Management,fulltime,yearly,1,senior_level,215000.0,10.0,University,IT Management / Director
Cloud Architecture Manager,internship,yearly,0,entry_level,164450.0,6.0,University,IT Management / Director
"Technical Program Manager III, Machine Learning Infrastructure, YouTube",fulltime,yearly,0,senior_level,176500.0,5.0,University,Network & Systems
System Administrator / Cyber Security Engineer,fulltime,yearly,1,senior_level,160000.0,3.0,University,Network & Systems
Sr. Manager - Product Management,internship,yearly,0,mid_level,127699.5,8.0,University,IT Management / Director
Project Manager,fulltime,yearly,1,senior_level,88107.0,3.0,University,Project / Program Management
Joint Regional Security Stack (JRSS) Engineer,fulltime,yearly,0,mid_level,96725.0,7.0,University,Cybersecurity
Program Manager,fulltime,yearly,0,senior_level,171550.0,8.0,University,Project / Program Management
Project Manager,fulltime,yearly,0,senior_level,122275.0,12.0,University,Project / Program Management
Help Desk Support Specialist,fulltime,yearly,1,senior_level,69350.0,5.0,High School,IT Support / Helpdesk
Cyber Security Specialist Mid,fulltime,yearly,0,senior_level,91250.0,6.0,High School,Cybersecurity
Senior Cloud System Administrator,fulltime,yearly,0,senior_level,122275.0,12.0,University,Network & Systems
Associate Project Manager,fulltime,yearly,0,mid_level,142350.0,5.0,University,Project / Program Management
End User Support Admin,fulltime,yearly,0,executive_level,77562.5,2.0,University,IT Support / Helpdesk
AWS Infrastructure Engineer,fulltime,yearly,1,senior_level,114062.5,2.0,University,Network & Systems
Information System Security Officer (ISSO),fulltime,yearly,0,entry_level,91250.0,3.0,High School,Cybersecurity
AWS Infrastructure Engineer,fulltime,yearly,1,senior_level,91250.0,2.0,University,Network & Systems
"Senior Salesforce Administrator - Hybrid (Atlanta, GA.)",fulltime,yearly,0,entry_level,98129.5,4.0,University,Other / Miscellaneous
Sr. Network Engineer,"fulltime, contract",hourly,0,senior_level,120640.0,2.0,University,Network & Systems
Support Engineer I - Absence Management,fulltime,yearly,1,senior_level,66914.5,4.0,University,IT Support / Helpdesk
Technical Services Consultant 1,fulltime,yearly,1,senior_level,91332.0,3.0,University,Consulting / Specialist
Senior Director - Enterprise Resource Planning,fulltime,yearly,1,senior_level,113133.0,7.0,Online/Courses,IT Management / Director
IT MANAGER - SENIOR - 63869,fulltime,monthly,0,senior_level,9805.0,3.0,University,IT Management / Director
IT DIRECTOR - 63732,fulltime,monthly,0,senior_level,9805.0,8.0,University,IT Management / Director
"Product Manager, Olympics",internship,yearly,0,senior_level,118125.0,4.0,University,IT Management / Director
Systems Engineer PD Specialist,internship,yearly,0,entry_level,136500.0,6.0,University,Network & Systems
"Consulting, Manager",fulltime,yearly,0,entry_level,223100.0,3.0,University,IT Management / Director
Confidentiality & Privacy Risk Lead Specialist – Strategic Data and Technology Initiatives,internship,yearly,0,entry_level,122700.0,5.0,University,Data & Analytics
Lead BISO Analyst,internship,yearly,0,entry_level,149100.0,8.0,University,Other / Miscellaneous
Lead Engineer Technology Security,fulltime,yearly,0,senior_level,154500.0,7.0,University,Cybersecurity
"Manager, Service Delivery",fulltime,yearly,1,mid_level,90583.0,5.0,University,IT Management / Director
Information Technology Director,fulltime,yearly,0,mid_level,112735.5,4.0,University,IT Management / Director
Senior Network Engineer,fulltime,hourly,0,senior_level,140400.0,2.0,University,Network & Systems
Crime Data Analyst - Embedded,fulltime,yearly,0,mid_level,84275.0,2.0,University,Data & Analytics
Cybersecurity Engineer – Data & Access,fulltime,yearly,0,mid_level,141887.5,5.0,University,Cybersecurity
Senior Enterprise Application Specialist - #0012641,fulltime,yearly,0,senior_level,130000.0,5.0,Online/Courses,Consulting / Specialist
T2 Systems Engineer,fulltime,yearly,0,senior_level,156483.0,12.0,University,Network & Systems
Senior Systems Administrator,fulltime,yearly,0,senior_level,103067.0,3.0,Online/Courses,Network & Systems
Cyber Security Technical Advisor (GRC) – AVP,fulltime,yearly,1,mid_level,122500.0,3.0,University,Cybersecurity
"Systems Solution Engineer, VP",fulltime,yearly,1,mid_level,151000.0,6.0,University,IT Management / Director
Systems Administrator II,fulltime,yearly,1,senior_level,89360.0,1.0,University,Network & Systems
Associate Solution Manager,fulltime,yearly,0,entry_level,114142.0,8.0,Online/Courses,IT Management / Director
Systems Administrator II,contract,hourly,1,senior_level,135200.0,4.0,University,Network & Systems
Workstation Support Associate,fulltime,yearly,0,mid_level,88900.0,2.0,University,IT Support / Helpdesk
Credentialed Trainer - IT EPIC Clinical - Full Time,fulltime,yearly,0,mid_level,43799.0,2.0,High School,Data & Analytics
Senior Workday Systems Manager,fulltime,yearly,1,senior_level,156500.0,5.0,University,IT Management / Director
Director of Technology,fulltime,yearly,1,mid_level,135000.0,8.0,University,IT Management / Director
Staff Security Engineer | Endpoint,fulltime,yearly,1,senior_level,183179.0,8.0,Online/Courses,Cybersecurity
IT Project Lead – Healthcare Systems,contract,yearly,1,senior_level,90369.0,1.0,University,General IT / Other IT Role
IT Help Desk Technician,fulltime,yearly,1,senior_level,50000.0,5.0,University,IT Support / Helpdesk
Workday Integrations & Reporting Analyst,internship,yearly,0,senior_level,116150.0,8.0,University,Other / Miscellaneous
Learning Technical Trainer 2,"fulltime, contract",hourly,0,senior_level,66560.0,5.0,University,Data & Analytics
Junior IT Administrator / Developer,fulltime,yearly,0,senior_level,54600.0,1.0,University,Software Development
Technology & Outsourcing Associate,contract,yearly,1,mid_level,297500.0,3.0,University,General IT / Other IT Role
Sr. System Security Engineer,fulltime,yearly,0,entry_level,136631.5,7.0,University,Cybersecurity
ServiceNow Configuration Manager,contract,hourly,0,senior_level,176800.0,5.0,University,IT Management / Director
"Electronic Security Administrator - Cornelius, NC (In-Office)",fulltime,yearly,1,senior_level,69162.5,2.0,University,Cybersecurity
PROGRAM MANAGER w/SAILPOINT IMPLEMENTATION EXPERIENCE,contract,yearly,1,senior_level,125927.5,8.0,University,Project / Program Management
Functional Analyst/Scrum Master,fulltime,yearly,1,entry_level,77500.0,1.0,University,Project / Program Management
Service Configuration Manager,contract,hourly,1,senior_level,119600.0,5.0,University,IT Management / Director
IT Field Technician,fulltime,yearly,0,executive_level,51751.5,3.0,University,IT Support / Helpdesk
Product Operations Lead,fulltime,yearly,1,senior_level,151963.5,7.0,University,Other / Miscellaneous
IT Support Specialist (Entry-Level),fulltime,hourly,0,mid_level,53040.0,2.0,University,IT Support / Helpdesk
Information Technology Director,fulltime,yearly,0,mid_level,85000.0,1.0,University,IT Management / Director
Azzure Cloud Operations Manager,fulltime,yearly,1,mid_level,155891.0,7.0,University,IT Management / Director
Informational Systems Security Engineer (ISSE),fulltime,yearly,0,mid_level,175500.0,10.0,University,Cybersecurity
Sr. Business System Analyst,internship,yearly,1,senior_level,95000.0,5.0,University,Other / Miscellaneous
Windows Application Integrator,fulltime,yearly,0,senior_level,132812.0,6.0,University,Other / Miscellaneous
Cyber Risk Analyst,fulltime,yearly,0,senior_level,110717.0,5.0,University,General IT / Other IT Role
User Support Specialist Lead,contract,yearly,0,entry_level,96607.0,5.0,University,IT Support / Helpdesk
Sr. Network Engineer,fulltime,hourly,0,senior_level,135200.0,2.0,University,Network & Systems
"Director, Technology Infrastructure and Operations",fulltime,yearly,0,mid_level,99412.5,7.0,University,Network & Systems
Information Security Engineer,fulltime,yearly,1,senior_level,110711.0,5.0,University,Cybersecurity
Workday Integrations Senior Consultant,fulltime,yearly,1,senior_level,146600.0,6.0,University,Consulting / Specialist
Workday Extend Architect,fulltime,yearly,1,entry_level,147120.0,5.0,University,General IT / Other IT Role
Senior Health System Engineer,fulltime,yearly,0,senior_level,109716.0,4.0,University,General IT / Other IT Role
Systems Engineer,fulltime,hourly,0,senior_level,114400.0,7.0,University,Network & Systems
"Director, Analytics Data Enablement",fulltime,yearly,0,senior_level,171000.0,8.0,University,Data & Analytics
Support Analyst,fulltime,yearly,1,entry_level,72500.0,6.0,High School,IT Support / Helpdesk
Cybersecurity Consulting Lead,fulltime,yearly,0,senior_level,115045.5,3.0,University,Cybersecurity
IT End User Services Specialist,fulltime,yearly,0,senior_level,105196.0,10.0,Online/Courses,Consulting / Specialist
Storage Engineer II,fulltime,yearly,0,senior_level,104340.5,4.0,University,General IT / Other IT Role
"JAMF, Microsoft 365 & Citrix XenMobile Administrator (Hybrid at Raleigh, NC) - Rate: $115/hr. C2C",contract,hourly,0,executive_level,230880.0,4.0,University,General IT / Other IT Role
System Administrator,fulltime,yearly,1,senior_level,77500.0,3.0,University,Network & Systems
Site IT Engineer - Ohio Commercial Vehicle Center,fulltime,yearly,0,senior_level,73639.5,1.0,High School,General IT / Other IT Role
Power Apps Developer,contract,yearly,1,executive_level,118162.0,6.0,University,Software Development
Program Manager II,fulltime,yearly,0,mid_level,136091.5,3.0,University,Project / Program Management
IT Technician,fulltime,hourly,0,senior_level,57200.0,5.0,University,IT Support / Helpdesk
Staff Product Manager,internship,yearly,0,senior_level,212398.0,6.0,University,IT Management / Director
Senior Information Systems Auditor,fulltime,yearly,0,mid_level,106534.0,7.0,University,General IT / Other IT Role
Deskside Support Specialist,contract,hourly,0,senior_level,55120.0,5.0,University,IT Support / Helpdesk
"Senior Analyst, IT SOX",fulltime,yearly,1,senior_level,96000.0,4.0,University,General IT / Other IT Role
EUC Deskside Support,contract,yearly,0,senior_level,26500.0,5.0,University,IT Support / Helpdesk
Project Manager (Non-Technical),fulltime,yearly,0,mid_level,67345.5,2.0,Online/Courses,Project / Program Management
AWS Technical Analyst,contract,yearly,0,mid_level,102109.5,5.0,University,General IT / Other IT Role
Sr. Network Engineer,contract,hourly,1,mid_level,121680.0,4.0,University,Network & Systems
Junior Cloud Administrator,fulltime,hourly,0,mid_level,52000.0,3.0,University,Intern / Entry Level
"ITIL Certified CMDB Consultant with 5 years of Government Exp.(Remote Now, Later Onsite)-Rate:$98/hr",contract,hourly,1,senior_level,196560.0,5.0,University,Consulting / Specialist
Deputy Program Manager,fulltime,yearly,0,senior_level,133162.0,10.0,University,Project / Program Management
IT Field Technician,fulltime,yearly,0,executive_level,51164.5,3.0,University,IT Support / Helpdesk
Lead Cloud Solutions Architect,fulltime,monthly,1,mid_level,11652.0,7.0,University,Consulting / Specialist
Dynamic PC Support,parttime,yearly,0,mid_level,34130.5,0.0,University,IT Support / Helpdesk
"Principal Consultant, Offensive Security, Proactive Services (Unit 42) - Remote",fulltime,yearly,1,senior_level,179500.0,9.0,University,Cybersecurity
"Senior Product Manager, Data In Motion - Kafka",fulltime,yearly,1,senior_level,198000.0,5.0,University,Data & Analytics
Citrix Administrator,fulltime,hourly,0,senior_level,176800.0,8.0,University,General IT / Other IT Role
CMDB Manager,contract,hourly,1,senior_level,171600.0,5.0,University,IT Management / Director
"Director, Cybersecurity Risk",fulltime,yearly,1,senior_level,167500.0,10.0,University,Cybersecurity
Customer Service Engineer,fulltime,yearly,0,mid_level,52580.0,2.0,University,General IT / Other IT Role
Salesforce Product Manager - CPQ & CLM,contract,yearly,0,senior_level,126483.5,3.0,University,IT Management / Director
Business Development Staffing - IT Staffing,fulltime,yearly,0,senior_level,80000.0,5.0,Online/Courses,General IT / Other IT Role
Executive Desktop Support Specialist,fulltime,yearly,1,senior_level,80000.0,5.0,University,IT Support / Helpdesk
IT Support Specialist II,fulltime,hourly,1,senior_level,49920.0,3.0,University,IT Support / Helpdesk
Senior HBM Field Applications Engineer,fulltime,yearly,0,senior_level,275000.0,5.0,University,General IT / Other IT Role
Critical Environment Program Manager,fulltime,yearly,0,mid_level,151000.0,2.0,High School,Project / Program Management
Senior Threat Manager,fulltime,yearly,1,senior_level,147550.0,4.0,University,IT Management / Director
Product Manager II,fulltime,yearly,0,senior_level,153550.0,2.0,University,IT Management / Director
Technical Support Engineering,fulltime,yearly,0,mid_level,133200.0,5.0,University,IT Support / Helpdesk
Senior Product Manager,fulltime,yearly,0,senior_level,183700.0,5.0,University,IT Management / Director
Salesforce Technical Lead,contract,hourly,1,senior_level,119600.0,8.0,University,General IT / Other IT Role
Project Manager,internship,yearly,1,senior_level,109724.0,2.0,University,Project / Program Management
Archibus Consultant,parttime,yearly,1,mid_level,84061.0,3.0,University,Consulting / Specialist
Associate Project Manager,fulltime,yearly,0,mid_level,80942.5,2.0,University,Project / Program Management
"Assistant Vice President, Water Resources Engineering",internship,yearly,0,entry_level,154700.0,10.0,University,IT Management / Director
Technical Project Manager,internship,yearly,1,senior_level,110000.0,5.0,University,Project / Program Management
C003865 Principal Technician (Unified Communications),contract,yearly,0,mid_level,79650.0,3.0,University,IT Support / Helpdesk
Principal SAP EWM Consultant,internship,yearly,0,senior_level,118058.0,11.0,University,Consulting / Specialist
Senior JBPM Developer,internship,yearly,0,senior_level,108138.5,6.0,University,Software Development
IAM Engineer - Ping,internship,yearly,1,senior_level,120630.0,3.0,University,General IT / Other IT Role
IT Service Desk Agent,fulltime,yearly,1,senior_level,49927.0,2.0,University,IT Support / Helpdesk
Applications Support Senior Specialist,fulltime,yearly,1,senior_level,100000.0,6.0,University,IT Support / Helpdesk
NetSuite Administrator,fulltime,yearly,0,senior_level,88331.5,3.0,University,General IT / Other IT Role
Sr. Enterprise Architect III (5486),contract,yearly,0,senior_level,162956.0,5.0,University,Consulting / Specialist
"Sr. Director, Enterprise IT (5527)",contract,yearly,0,entry_level,170644.5,10.0,University,IT Management / Director
Senior Product Manager,contract,yearly,1,senior_level,139545.0,8.0,Online/Courses,IT Management / Director
SOX IT Manager,internship,yearly,0,senior_level,130000.0,7.0,University,IT Management / Director
Sr. SAP SD Business Analyst,contract,yearly,0,senior_level,177898.5,15.0,University,Data & Analytics
Technical Support Engineer II,internship,yearly,1,mid_level,87576.0,1.0,University,IT Support / Helpdesk
RMA & SupportTechnician,internship,hourly,0,senior_level,41600.0,2.0,High School,IT Support / Helpdesk
RMA & Support Technician,internship,hourly,0,senior_level,41600.0,2.0,High School,IT Support / Helpdesk
Help Desk Technician,contract,hourly,1,senior_level,43680.0,2.0,University,IT Support / Helpdesk
EV Charging Infrastructure Project Manager,fulltime,yearly,0,senior_level,97297.0,4.0,University,Network & Systems
"Vice President, Credit Ratings, US ABS (Aviation)",fulltime,yearly,1,entry_level,157500.0,7.0,University,IT Management / Director
LMS Administrator,fulltime,yearly,0,senior_level,65000.0,5.0,Online/Courses,Other / Miscellaneous
IT T&E Analyst,contract,yearly,0,mid_level,84352.0,4.0,University,General IT / Other IT Role
Systems Engineer,contract,yearly,0,senior_level,117565.0,5.0,University,Network & Systems
"Principal Engineer, Systems Architect - Clearance Eligible (Remote- DMV Area Preferred)",fulltime,yearly,1,senior_level,210000.0,5.0,University,General IT / Other IT Role
Solutions Delivery Consultant,fulltime,yearly,1,senior_level,96500.0,3.0,University,Consulting / Specialist
"The Experience Lab Helpdesk Senior Associate (Onsite, Nashville)",fulltime,yearly,1,senior_level,70284.5,3.0,Online/Courses,General IT / Other IT Role
IT Support Specialist,fulltime,yearly,1,mid_level,64217.0,4.0,University,IT Support / Helpdesk
"Analyst, Cyber Defense (Security Operations)",fulltime,yearly,0,entry_level,111635.0,3.0,University,Cybersecurity
Product Owner - Game Sales,fulltime,yearly,0,senior_level,128505.5,5.0,University,Other / Miscellaneous
"Senior Oracle Cloud Solution Architect -- Houston, TX","fulltime, contract",yearly,1,senior_level,155000.0,8.0,University,General IT / Other IT Role
Director of Product Management for Drive-thru,fulltime,yearly,1,senior_level,147755.5,20.0,University,IT Management / Director
"VP, Advisor Technology",fulltime,yearly,1,senior_level,262004.5,10.0,University,IT Management / Director
"Director, CRM (Remote)",fulltime,yearly,1,senior_level,172500.0,8.0,University,IT Management / Director
Automation and Network Engineer,internship,yearly,1,senior_level,96128.0,1.0,Online/Courses,Network & Systems
IT Finance Manager,fulltime,yearly,0,mid_level,140500.0,3.0,University,IT Management / Director
B2C Product Owner,fulltime,yearly,0,mid_level,100000.0,8.0,Online/Courses,Other / Miscellaneous
Oracle Product Manager - Record to Report,contract,hourly,1,senior_level,166400.0,10.0,University,IT Management / Director
Senior Member of Technical Staff,fulltime,yearly,1,senior_level,222200.0,8.0,University,General IT / Other IT Role
"Senior Customer Support Engineer, US",fulltime,yearly,1,senior_level,118100.0,2.0,Online/Courses,IT Support / Helpdesk
Salesforce Marketing Cloud Consultant,"fulltime, contract",hourly,0,senior_level,109200.0,3.0,University,Consulting / Specialist
Desktop Support Technician,fulltime,hourly,0,mid_level,41600.0,1.0,University,IT Support / Helpdesk
Desktop Support Technician,fulltime,hourly,0,mid_level,41600.0,1.0,University,IT Support / Helpdesk
Computer Repair and IT Support,"parttime, fulltime",hourly,0,mid_level,42640.0,3.0,University,IT Support / Helpdesk
IT - Asset Management,fulltime,hourly,0,entry_level,38480.0,1.0,University,General IT / Other IT Role
Technical Product Manager,fulltime,yearly,0,senior_level,138273.5,5.0,University,IT Management / Director
"Vice President, Service Management - Managed Services",fulltime,yearly,0,senior_level,155111.0,1.0,University,IT Management / Director
Product Manager,fulltime,yearly,0,senior_level,147508.5,5.0,University,IT Management / Director
Security Control Assessor,fulltime,yearly,0,senior_level,115311.0,14.0,Online/Courses,Cybersecurity
Computer System Validation,contract,yearly,1,senior_level,114464.5,5.0,University,General IT / Other IT Role
"Senior Manager, Cloud & Infrastructure – R01543427",internship,yearly,0,senior_level,92500.0,8.0,Online/Courses,Network & Systems
Workday Program Manager,contract,hourly,1,senior_level,150800.0,7.0,University,Project / Program Management
Senior Ellucian Colleague ERP Programmer,"fulltime, contract",yearly,0,mid_level,128814.5,5.0,University,Software Development
IT Senior SharePoint Developer,fulltime,yearly,0,senior_level,150000.0,10.0,University,Software Development
IT Support Engineer I,fulltime,yearly,1,mid_level,75000.0,2.0,University,IT Support / Helpdesk
SR POWER PLATFORM CONSULTANT,contract,yearly,1,senior_level,135000.0,5.0,University,Consulting / Specialist
Project Management - Senior Project Manager,fulltime,yearly,1,senior_level,121559.0,10.0,University,Project / Program Management
Technical Product Expert,fulltime,yearly,1,senior_level,128882.0,5.0,University,General IT / Other IT Role
Junior Client Support Administrator,fulltime,yearly,0,entry_level,55853.5,1.0,University,IT Support / Helpdesk
Junior Client Support Administrator,fulltime,yearly,0,entry_level,67500.0,1.0,University,IT Support / Helpdesk
RwG - Technical Support Engineer,fulltime,hourly,0,mid_level,116480.0,2.0,High School,IT Support / Helpdesk
IT SharePoint Consultant,"fulltime, contract",yearly,0,mid_level,105000.0,3.0,Online/Courses,Consulting / Specialist
IT Governance SME,fulltime,yearly,1,senior_level,140517.0,10.0,University,General IT / Other IT Role
Product Management Senior Advisor - Express Scripts - Hybrid,fulltime,yearly,0,entry_level,143050.0,5.0,Online/Courses,Other / Miscellaneous
Sr Network/Security Engineer,contract,yearly,1,senior_level,128577.5,6.0,University,Network & Systems
Senior IT Support Analyst,fulltime,yearly,0,senior_level,62500.0,4.0,University,IT Support / Helpdesk
"Product Manager, Project Tapestry",fulltime,yearly,0,senior_level,201500.0,8.0,University,IT Management / Director
Sr. Security Engineer,fulltime,yearly,0,senior_level,133263.0,7.0,University,Cybersecurity
ServiceNow Architect,internship,yearly,0,senior_level,164131.5,10.0,University,General IT / Other IT Role
Information Security Officer,fulltime,yearly,0,senior_level,123445.5,7.0,University,Cybersecurity
GFI Transport Vice President,fulltime,yearly,1,senior_level,118461.5,5.0,University,IT Management / Director
Senior Staff Engineer - Data Exchange Platform (REMOTE),fulltime,yearly,1,mid_level,195000.0,10.0,University,Data & Analytics
Senior Software Cyber Engineer,fulltime,yearly,0,mid_level,141184.5,5.0,University,General IT / Other IT Role
Manager-Product Management,fulltime,yearly,0,mid_level,117000.0,1.0,University,IT Management / Director
Control Systems Project Manager,fulltime,yearly,0,senior_level,84480.5,3.0,University,Project / Program Management
Systems Administrator,fulltime,hourly,0,mid_level,57200.0,3.0,High School,Network & Systems
Ecommerce Project Manager,contract,hourly,0,executive_level,108160.0,4.0,University,Project / Program Management
Systems Engineer II,fulltime,yearly,0,senior_level,112025.5,5.0,University,Network & Systems
North America Business Information Security Officer (BISO),fulltime,yearly,1,senior_level,157600.0,7.0,Online/Courses,Cybersecurity
Senior Product Manager - Embedded Banking,fulltime,yearly,0,mid_level,138580.0,10.0,Online/Courses,IT Management / Director
IT / Level 3 Support Specialist (US),fulltime,yearly,0,senior_level,108420.0,7.0,Online/Courses,IT Support / Helpdesk
Salesforce Education Cloud Solution Architect,fulltime,yearly,0,mid_level,147036.0,5.0,University,General IT / Other IT Role
IT Tech Analyst,fulltime,yearly,0,entry_level,69623.0,1.0,University,General IT / Other IT Role
"Deputy Director, Cyber Engagement (Clearance Required)",fulltime,yearly,1,entry_level,172095.0,10.0,University,IT Management / Director
Sr. DevSecOps Engineer / Configuration Analyst,contract,yearly,1,senior_level,125000.0,8.0,University,Cybersecurity
Program Manager,fulltime,yearly,0,senior_level,144046.0,4.0,University,Project / Program Management
Sr Risk Managment Analyst,fulltime,yearly,1,senior_level,107124.5,3.0,University,Other / Miscellaneous
Cyber Risk Analyst,fulltime,yearly,0,senior_level,110717.0,5.0,University,General IT / Other IT Role
Windows Application Integrator,fulltime,yearly,0,senior_level,132831.5,6.0,University,Other / Miscellaneous
Sr Application System Analyst,"fulltime, contract",hourly,1,senior_level,130000.0,5.0,University,Other / Miscellaneous
Cyber Security Analyst,contract,yearly,0,senior_level,125323.0,8.0,University,Cybersecurity
Windows Administrator,fulltime,yearly,1,entry_level,102530.0,3.0,University,Other / Miscellaneous
Technical Support Level 2,fulltime,yearly,0,senior_level,62000.0,3.0,University,IT Support / Helpdesk
Workstation Support Associate,fulltime,yearly,0,mid_level,80000.0,2.0,University,IT Support / Helpdesk
"Director, AI and Digital Foundry",fulltime,yearly,1,senior_level,190000.0,3.0,University,Data & Analytics
Senior IT Auditor,fulltime,yearly,0,senior_level,73719.0,3.0,University,General IT / Other IT Role
Advisor Project Management,fulltime,yearly,1,entry_level,105400.0,3.0,University,Other / Miscellaneous
Program Manager,fulltime,yearly,1,senior_level,100655.5,3.0,University,Project / Program Management
"Director, Client Activation",fulltime,yearly,1,senior_level,82000.0,2.0,University,IT Management / Director
Sports Product Manager,internship,yearly,1,senior_level,120000.0,2.0,University,IT Management / Director
Project Manager II,fulltime,yearly,1,senior_level,94350.0,3.0,University,Project / Program Management
IT Technical Support Specialist III,fulltime,hourly,1,senior_level,73840.0,2.0,High School,IT Support / Helpdesk
Technical Project Manager,fulltime,yearly,1,senior_level,93901.0,7.0,University,Project / Program Management
Business Systems Analyst (Contact Center Digital Solutions),temporary,yearly,1,mid_level,106298.5,8.0,University,General IT / Other IT Role
Software Development Engineer III- Cloud Platform,fulltime,yearly,0,senior_level,178750.0,6.0,University,General IT / Other IT Role
System Engineer Cisco PBX (VoSIP),fulltime,yearly,0,mid_level,118883.0,5.0,University,General IT / Other IT Role
Project Execution Manager,fulltime,yearly,0,mid_level,124103.0,5.0,University,IT Management / Director
Project Manager,fulltime,yearly,0,senior_level,120145.0,5.0,University,Project / Program Management
Tier II Helpdesk Lead Central Area Business (CAB) Manager for Tech Control,fulltime,yearly,0,senior_level,104299.5,5.0,University,IT Management / Director
Rapid Response Sr. Network Engineer,fulltime,yearly,0,senior_level,126237.0,3.0,University,Network & Systems
Senior Network Engineer (Engineering Change Proposals),fulltime,yearly,0,senior_level,124486.0,2.0,University,Network & Systems
"Moves, Adds, and Changes (MAC) Lead",fulltime,yearly,0,senior_level,120566.5,3.0,University,Other / Miscellaneous
Senior Network Engineer,fulltime,yearly,0,senior_level,125486.5,5.0,University,Network & Systems
Technical Control Facility Trainer,fulltime,yearly,0,senior_level,127327.0,5.0,University,Data & Analytics
MAC Team Network Engineer,fulltime,yearly,0,senior_level,126239.0,7.0,University,Network & Systems
Rapid Response Team Lead,fulltime,yearly,0,senior_level,132366.5,3.0,University,Other / Miscellaneous
Director Product Owner - Pricing,fulltime,yearly,0,senior_level,210250.0,10.0,University,IT Management / Director
SharePoint Operations Specialist (Remote),contract,hourly,1,mid_level,142480.0,8.0,High School,Consulting / Specialist
Services Management Specialist Staff,internship,yearly,1,senior_level,156750.0,3.0,University,Consulting / Specialist
"Technical Consultant I, Risk Control",fulltime,yearly,0,senior_level,107450.0,5.0,University,Consulting / Specialist
"TECH, IT SUPPORT I",internship,yearly,0,mid_level,72000.0,1.0,University,IT Support / Helpdesk
IT Dispatcher,fulltime,yearly,0,senior_level,51088.5,3.0,University,General IT / Other IT Role
Sap Co Consultant,internship,yearly,0,senior_level,138185.0,8.0,University,Consulting / Specialist
"Product Manager, Advanced",internship,yearly,1,senior_level,147100.0,8.0,Online/Courses,IT Management / Director
"Sr. Product Manager, Cloud",fulltime,yearly,1,mid_level,130923.5,6.0,University,IT Management / Director
Technology Department Manager,fulltime,yearly,0,senior_level,65000.0,2.0,University,IT Management / Director
"Enterprise Service Desk, Mid",internship,hourly,0,senior_level,54080.0,3.0,High School,IT Support / Helpdesk
PC/LAN Technician,contract,hourly,0,executive_level,43680.0,4.0,University,IT Support / Helpdesk
Senior IT Services Technician,fulltime,yearly,0,senior_level,96650.0,5.0,University,IT Support / Helpdesk
Production Support Engineer,fulltime,hourly,0,senior_level,104000.0,5.0,University,IT Support / Helpdesk
Business Integration Manager,fulltime,yearly,0,mid_level,106005.0,5.0,University,IT Management / Director
Security Assessment Engineer,internship,yearly,0,mid_level,105000.0,7.0,University,Cybersecurity
Detections Engineer,internship,yearly,0,mid_level,144345.0,4.0,University,General IT / Other IT Role
Market Information Technology Manager,fulltime,hourly,0,mid_level,91520.0,2.0,High School,IT Management / Director
Desktop Support Technician II,fulltime,hourly,0,mid_level,57200.0,1.0,University,IT Support / Helpdesk
IT Compliance Analyst,internship,yearly,0,senior_level,89944.5,5.0,University,General IT / Other IT Role
IT Systems Administrator,fulltime,yearly,0,senior_level,55000.0,2.0,University,Network & Systems
IT Service Management Administrator,internship,yearly,0,mid_level,71028.5,5.0,University,General IT / Other IT Role
IT Technician,fulltime,hourly,0,executive_level,31200.0,3.0,University,IT Support / Helpdesk
IT Technician,fulltime,hourly,0,senior_level,43680.0,1.0,High School,IT Support / Helpdesk
"Manager, Global Product Commercialization - Internal Only",fulltime,yearly,1,senior_level,154000.0,7.0,University,IT Management / Director
Salesforce Administrator/Developer,fulltime,yearly,1,executive_level,99335.5,5.0,University,Software Development
IT Applications Administrator (Coeur d'Alene),fulltime,yearly,0,senior_level,82500.0,3.0,University,General IT / Other IT Role
"Program Manager II, Data and Analytics, Google Ads",fulltime,yearly,0,senior_level,144500.0,2.0,University,Project / Program Management
"Technical Program Manager II, Data Center Design, Cloud Networking",fulltime,yearly,0,mid_level,150000.0,2.0,Online/Courses,Network & Systems
HLS CrewCo SE&I Engineer,fulltime,yearly,0,senior_level,138564.0,5.0,University,General IT / Other IT Role
IT Logistics Associate,internship,hourly,0,senior_level,43680.0,3.0,University,General IT / Other IT Role
Oracle HCM Technical Lead,contract,yearly,0,senior_level,137817.0,5.0,University,General IT / Other IT Role
"Senior Product Manager, Auction Reserves & Ranking - Internal Only",fulltime,yearly,1,senior_level,196500.0,6.0,University,IT Management / Director
US Defense Systems & Software Engineering Center Director,fulltime,yearly,0,senior_level,220657.5,15.0,University,Software Development
"DC-Systems Support Specialist Bloomfield, CT.",fulltime,hourly,0,mid_level,52000.0,1.0,High School,IT Support / Helpdesk
Communications and Network Engineer,fulltime,yearly,1,senior_level,96000.0,0.0,High School,Network & Systems
System Administrator II,fulltime,yearly,1,senior_level,95000.0,2.0,High School,Network & Systems
"Senior Product Manager, TikTok Shop Ads - Seattle",internship,yearly,0,senior_level,296000.0,5.0,University,IT Management / Director
Acosta Solutions Advisor - Hybrid,fulltime,yearly,0,mid_level,49750.0,1.0,High School,Other / Miscellaneous
MANAGEMENT SUPPORT SPECIALIST,fulltime,yearly,0,senior_level,81015.0,1.0,Online/Courses,IT Support / Helpdesk
IT Support Specialist,fulltime,yearly,0,executive_level,65000.0,3.0,High School,IT Support / Helpdesk
Senior Product Manager - SaaS Infrastructure,fulltime,yearly,0,senior_level,170751.0,8.0,University,Network & Systems
"Senior Analyst, Information Risk",fulltime,yearly,0,senior_level,133089.5,5.0,University,Other / Miscellaneous
"Managing Director, Infrastructure & Networking Innovation Center",fulltime,yearly,0,senior_level,251698.0,15.0,University,Network & Systems
Senior Principal Systems Engineer,fulltime,yearly,0,entry_level,205237.0,12.0,University,Network & Systems
"Business Systems Engineer - Developer, Applications",fulltime,yearly,1,mid_level,116715.0,8.0,University,Network & Systems
Director of Client Success,fulltime,yearly,0,senior_level,120000.0,10.0,University,IT Management / Director
"Director, Professional Services",fulltime,yearly,1,senior_level,140000.0,20.0,University,IT Management / Director
Director of Product Management,fulltime,yearly,1,mid_level,133775.5,10.0,University,IT Management / Director
System Engineer,fulltime,yearly,0,senior_level,111156.0,4.0,Online/Courses,General IT / Other IT Role
Senior Data Center Administrator,fulltime,yearly,0,senior_level,120000.0,7.0,University,Data & Analytics
"Cloud Engineer - DevOps, Cloud Computing, Cluster Computing",fulltime,yearly,0,mid_level,121769.0,1.0,University,Network & Systems
Associate PowerApp Developer,fulltime,yearly,0,mid_level,74000.0,3.0,University,Software Development
Lead Product Manager - Guest Experience Management (Remote - United States),fulltime,yearly,1,senior_level,225000.0,4.0,University,IT Management / Director
Computer System Analyst (G),fulltime,yearly,1,mid_level,79208.0,3.0,Online/Courses,General IT / Other IT Role
Healthcare IT & Privacy Specialist,parttime,hourly,1,mid_level,43680.0,3.0,University,Consulting / Specialist
Workday Analyst,contract,hourly,0,mid_level,124800.0,3.0,University,Other / Miscellaneous
"Sr. Project Manager, IT",fulltime,yearly,0,senior_level,123393.5,7.0,University,Project / Program Management
IT Project Manager,fulltime,yearly,1,senior_level,115000.0,5.0,University,Project / Program Management
IT Project Manager,fulltime,yearly,1,senior_level,115000.0,5.0,University,Project / Program Management
IT Project Manager,fulltime,yearly,1,senior_level,115000.0,5.0,University,Project / Program Management
CX Omnichannel Specialist-Monday-Friday,fulltime,yearly,0,senior_level,47335.5,3.0,University,Consulting / Specialist
"CX Omnichannel Specialist-Monday, Tuesday, Wednesday & Saturday & Sunday",fulltime,yearly,0,senior_level,38849.0,3.0,University,Consulting / Specialist
Decision Support Specialist,fulltime,yearly,0,entry_level,61348.0,3.0,University,IT Support / Helpdesk
Product Owner (Hybrid) - 21644,fulltime,yearly,0,senior_level,140000.0,9.0,High School,Other / Miscellaneous
Engineer III - Aviation Infrastructure,fulltime,yearly,0,entry_level,110282.5,4.0,University,Network & Systems
IT Support Specialist,fulltime,yearly,1,executive_level,62987.5,4.0,University,IT Support / Helpdesk
"Manager, Implementation Project Manager",fulltime,yearly,1,senior_level,120000.0,3.0,University,Project / Program Management
IT TALENT DEVELOPMENT LEADER,fulltime,yearly,0,senior_level,116650.5,5.0,University,General IT / Other IT Role
Systems Administrator,fulltime,yearly,0,executive_level,74821.5,3.0,University,Network & Systems
Security Administrator,fulltime,yearly,0,executive_level,82539.0,5.0,University,Cybersecurity
Cybersecurity Analyst,contract,yearly,1,entry_level,71395.0,1.0,University,Cybersecurity
System Engineer,fulltime,yearly,1,senior_level,120000.0,3.0,University,General IT / Other IT Role
Technical Operations Manager,fulltime,yearly,0,senior_level,77500.0,10.0,High School,IT Management / Director
Fellow Technical Advisor,contract,yearly,0,mid_level,130114.0,20.0,University,General IT / Other IT Role
Cyberspace Vulnerability Management Analyst,fulltime,yearly,0,mid_level,142350.0,8.0,University,General IT / Other IT Role
Splunk Administrator,fulltime,yearly,0,mid_level,77562.5,2.0,University,Other / Miscellaneous
Cybersecurity Analyst Lead,fulltime,yearly,0,senior_level,171550.0,12.0,University,Cybersecurity
Cybersecurity Manager,fulltime,yearly,1,senior_level,171550.0,8.0,University,Cybersecurity
Security Systems Specialist,fulltime,yearly,0,senior_level,96725.0,4.0,University,Cybersecurity
Active Directory & Windows Systems Administrator,fulltime,yearly,0,entry_level,96725.0,4.0,University,Network & Systems
Mission Assurance Analyst,fulltime,yearly,0,mid_level,142350.0,5.0,University,Other / Miscellaneous
Virtualization Enterprise Systems Engineer,fulltime,yearly,1,senior_level,96725.0,8.0,University,Network & Systems
Technical Adoption Manager – Application Networking & Security,fulltime,yearly,1,senior_level,98000.0,5.0,University,Network & Systems
Information Assurance Engineer,fulltime,yearly,1,senior_level,142350.0,7.0,University,General IT / Other IT Role
Systems Administrator – Field Service Technician,fulltime,yearly,1,mid_level,77562.5,2.0,University,IT Support / Helpdesk
"Director, Product Engineering",fulltime,yearly,0,senior_level,194447.5,5.0,University,IT Management / Director
Task Order (TO) Portal Manager,contract,yearly,0,entry_level,130500.0,4.0,University,IT Management / Director
Engineer II-Wholesale NOC,fulltime,yearly,1,senior_level,73300.0,5.0,University,General IT / Other IT Role
Network Detection & Response Engineer,fulltime,yearly,1,senior_level,117500.0,5.0,University,Network & Systems
Product Analyst,fulltime,yearly,1,senior_level,90500.0,20.0,University,Other / Miscellaneous
Response Support Analyst I,internship,yearly,1,mid_level,54124.5,1.0,University,IT Support / Helpdesk
Oracle EBS SCM Functional Consultant,contract,yearly,1,mid_level,147265.0,10.0,University,Consulting / Specialist
Eagle Product Consultant,contract,yearly,0,senior_level,159478.0,0.0,University,Consulting / Specialist
Technical Lead,contract,yearly,1,senior_level,128584.5,5.0,University,General IT / Other IT Role
"Sr Director, Partnerships",fulltime,yearly,1,mid_level,181500.0,8.0,University,IT Management / Director
"Manager, IT Operations Support",fulltime,yearly,1,mid_level,111500.0,4.0,Online/Courses,IT Support / Helpdesk
Technology Infrastructure Specialist,fulltime,yearly,0,senior_level,72625.5,2.0,University,Network & Systems
Lead Identity Engineer,internship,yearly,0,senior_level,185300.0,10.0,University,General IT / Other IT Role
IT Support Engineer,fulltime,hourly,1,mid_level,65520.0,3.0,University,IT Support / Helpdesk
"Manager, Digital HR Learning Solutions",internship,yearly,1,senior_level,134600.0,3.0,University,IT Management / Director
"Manager, Global Labeling Product Leader",fulltime,yearly,1,mid_level,156400.0,4.0,University,IT Management / Director
Appian Configuration Developer,fulltime,yearly,0,senior_level,112000.0,4.0,University,Software Development
Principal Innovation Strategist,fulltime,yearly,0,senior_level,219000.0,10.0,University,Other / Miscellaneous
Hybrid Desktop Support Analyst,fulltime,hourly,1,mid_level,44720.0,1.0,University,IT Support / Helpdesk
Identity & Access Management Analyst,fulltime,yearly,1,mid_level,94500.0,2.0,University,General IT / Other IT Role
"Product Growth Manager, Lifecycle",internship,yearly,1,senior_level,121939.0,5.0,University,IT Management / Director
Senior Cloud Security Engineer,fulltime,yearly,0,mid_level,158964.5,7.0,University,Cybersecurity
Cloud Platform Admin II,fulltime,yearly,0,mid_level,98535.0,2.0,University,General IT / Other IT Role
"Systems Administrator/Network Engineer, Journeyman",fulltime,yearly,0,mid_level,118233.5,6.0,University,Network & Systems
Police Business Solutions Architect VH,parttime,hourly,0,senior_level,98800.0,10.0,University,Consulting / Specialist
Applications System Engineer II ICP,fulltime,yearly,0,mid_level,107004.0,2.0,University,General IT / Other IT Role
Product Manager,fulltime,yearly,1,senior_level,102500.0,3.0,University,IT Management / Director
Ground Systems Engineer,fulltime,yearly,0,mid_level,149393.0,14.0,University,Network & Systems
Project Manager,fulltime,yearly,0,senior_level,152500.0,10.0,University,Project / Program Management
Technical PM - DHS Clearance Required,fulltime,yearly,0,senior_level,182070.0,5.0,University,General IT / Other IT Role
"Vice President, Client Processing I - Operations Project Lead",internship,yearly,0,senior_level,112819.5,7.0,University,IT Management / Director
Identity Access Management Project Lead,fulltime,yearly,0,senior_level,145445.0,2.0,University,General IT / Other IT Role
Enterprise Architect - DoDAF Specialist,fulltime,yearly,0,mid_level,115517.5,5.0,University,Consulting / Specialist
Senior Principal Product Manager (OCI/ AI Vision Movies & Media),internship,yearly,0,senior_level,167587.0,10.0,University,Data & Analytics
Senior Principal Product Manager - GEN AI (JoinOCI-PPM),fulltime,yearly,0,senior_level,174869.5,10.0,Online/Courses,Data & Analytics
Senior Principal Cloud Engineer,fulltime,yearly,0,entry_level,164434.0,8.0,University,Network & Systems
Senior Principal Product Manager – 5G Product Strategy,fulltime,yearly,0,mid_level,168851.0,8.0,University,IT Management / Director
Administrative Specialist - Talbert House IT Department,fulltime,hourly,0,mid_level,36400.0,2.0,University,Consulting / Specialist
Platform Engineer,fulltime,yearly,0,mid_level,124213.0,5.0,University,General IT / Other IT Role
IT Support Technician,fulltime,hourly,1,senior_level,58240.0,0.0,High School,IT Support / Helpdesk
"Fellow Technical Advisor-1264-SRS-Aiken, SC",fulltime,yearly,1,mid_level,98035.0,20.0,University,Data & Analytics
IT Desktop Support Analyst - IT Operations - Loris & Seacoast,fulltime,yearly,0,senior_level,68810.5,3.0,Online/Courses,IT Support / Helpdesk
Project Manager - Smartsheet Solutions Support,fulltime,yearly,0,senior_level,122988.5,5.0,University,IT Support / Helpdesk
IT Support Technician,fulltime,yearly,1,mid_level,64000.0,5.0,High School,IT Support / Helpdesk
Threat Intelligence and Detection Engineer Analyst,fulltime,yearly,1,senior_level,103797.5,5.0,University,General IT / Other IT Role
Senior Network Engineer,fulltime,yearly,0,senior_level,112240.5,3.0,University,Network & Systems
Technical Support Specialist I,fulltime,yearly,1,mid_level,48949.5,1.0,High School,IT Support / Helpdesk
Senior Network Solutions Architect,fulltime,yearly,0,senior_level,141347.0,0.0,University,Network & Systems
Senior Systems Administrator,fulltime,yearly,0,mid_level,107500.0,4.0,University,Network & Systems
Project Manager,fulltime,yearly,0,mid_level,163900.0,4.0,University,Project / Program Management
Siemens Rulestream Solution Architect,fulltime,yearly,1,senior_level,138103.5,5.0,University,General IT / Other IT Role
SITEC Network Administrator,fulltime,yearly,1,mid_level,66500.0,2.0,University,Network & Systems
Enterprise Architect,fulltime,yearly,0,senior_level,145500.0,12.0,University,Consulting / Specialist
Business Systems Engineer,fulltime,yearly,0,senior_level,140000.0,5.0,University,Network & Systems
ServiceNow Developer/Admin,"temporary, parttime, fulltime, contract",yearly,1,senior_level,82500.0,2.0,University,Software Development
Senior Ops Cybersecurity Analyst (DCS Engineer) / Lead Ops Cybersecurity Analyst (DCS Engineer),fulltime,yearly,1,senior_level,121548.5,5.0,University,Cybersecurity
Digital Technology Assistant,parttime,hourly,0,senior_level,33280.0,2.0,High School,General IT / Other IT Role
Personal Computer Technician,fulltime,yearly,0,mid_level,46902.0,1.0,High School,IT Support / Helpdesk
Hydrographic Project Manager,fulltime,yearly,1,senior_level,100992.0,8.0,University,Project / Program Management
RHEL Ansible Engineer,fulltime,yearly,0,senior_level,111199.5,10.0,University,General IT / Other IT Role
Jr. Systems Administrator,fulltime,yearly,1,entry_level,95426.0,4.0,University,Network & Systems
"Senior, Product Development, Robotics",fulltime,yearly,0,senior_level,117513.5,2.0,University,Other / Miscellaneous
Technology Senior Asset Management Lead,fulltime,yearly,0,mid_level,145275.5,10.0,University,General IT / Other IT Role
Information Systems Administrator I,fulltime,hourly,0,mid_level,55120.0,1.0,University,Network & Systems
Senior Business Consultant (IT),internship,yearly,1,senior_level,110000.0,15.0,University,Consulting / Specialist
IDENTITY ACCESS MANAGEMENT ENGINEER,fulltime,yearly,0,senior_level,118509.0,3.0,University,General IT / Other IT Role
"Project Manager I, IDEA",fulltime,yearly,1,senior_level,65438.5,1.0,University,Project / Program Management
Interior Systems Engineer,fulltime,yearly,0,senior_level,118531.0,5.0,Online/Courses,Network & Systems
Senior Security Engineer,fulltime,yearly,0,senior_level,152116.5,6.0,Online/Courses,Cybersecurity
"Director, Digital Systems",fulltime,yearly,0,senior_level,205000.0,4.0,University,IT Management / Director
JD Edwards Techno Functional Analyst-Distribu,fulltime,yearly,0,senior_level,114070.0,6.0,University,General IT / Other IT Role
Software Engineer Director,fulltime,yearly,0,mid_level,151599.0,7.0,University,Software Development
IT Solutions Architect,fulltime,hourly,1,senior_level,117520.0,1.0,University,Consulting / Specialist
IT Systems Administrator,fulltime,yearly,1,mid_level,73251.5,3.0,University,Network & Systems
Network Administrator,fulltime,yearly,0,senior_level,81500.0,3.0,University,Network & Systems
Core Banking Technical Product Manager,internship,yearly,0,senior_level,118750.0,5.0,University,IT Management / Director
International Partner Support SME,fulltime,yearly,1,senior_level,138800.0,10.0,University,IT Support / Helpdesk
Cyber Project Integrator,fulltime,yearly,1,mid_level,110850.0,3.0,University,General IT / Other IT Role
Cyber Project Integrator,fulltime,yearly,1,mid_level,110850.0,6.0,University,General IT / Other IT Role
"Communications Network Program Manager, Senior",fulltime,yearly,1,senior_level,123800.0,8.0,University,Network & Systems
Business IT Liaison,fulltime,yearly,1,senior_level,123800.0,4.0,University,Data & Analytics
Information System Security Controls Assessor,fulltime,yearly,1,senior_level,123800.0,6.0,University,Cybersecurity
Cloud Computing Infrastructure Architect,fulltime,yearly,1,senior_level,110850.0,3.0,University,Network & Systems
F-35 Configuration and Data Manager,fulltime,yearly,1,mid_level,110850.0,5.0,University,Data & Analytics
Technical Support Engineer Tier 1,fulltime,yearly,1,mid_level,75820.0,15.0,Online/Courses,IT Support / Helpdesk
"Leader, Application Engineering",fulltime,yearly,0,senior_level,151756.5,8.0,University,General IT / Other IT Role
Wireless Resident Engineer (1430952),fulltime,yearly,1,senior_level,170258.0,10.0,University,General IT / Other IT Role
ServiceNow Architect,fulltime,yearly,0,senior_level,134786.0,18.0,University,General IT / Other IT Role
Full Stack Cloud Engineer,fulltime,yearly,1,senior_level,140000.0,8.0,University,Network & Systems
Project Manager,fulltime,yearly,0,mid_level,85500.0,5.0,University,Project / Program Management
Data Systems Engineer,fulltime,yearly,0,mid_level,145000.0,12.0,High School,Network & Systems
"Principal Engineer, Cybersecurity",internship,yearly,1,senior_level,150000.0,10.0,University,Cybersecurity
Nuclear Remote Systems Engineer,fulltime,yearly,1,senior_level,157458.0,5.0,University,Network & Systems
Nuclear Remote Systems Engineer,fulltime,yearly,1,senior_level,109512.0,0.0,University,Network & Systems
Director of Engineering,fulltime,yearly,0,senior_level,149439.5,10.0,University,IT Management / Director
IT User Support Technician,fulltime,yearly,0,mid_level,48288.5,2.0,High School,IT Support / Helpdesk
SAP OTC - SD/MM,contract,hourly,0,senior_level,85280.0,7.0,University,Other / Miscellaneous
Vendor Management and Information Security Officer,fulltime,yearly,0,senior_level,99813.5,5.0,High School,Cybersecurity
Cyber Security Engineer- Hybrid Remote,fulltime,yearly,0,entry_level,100000.0,6.0,High School,Cybersecurity
ALTED - Network/Systems Administrator 4,fulltime,yearly,1,senior_level,102075.0,9.0,High School,Network & Systems
IT Support Specialist II,fulltime,yearly,1,mid_level,60000.0,3.0,University,IT Support / Helpdesk
IT Senior Auditor,fulltime,yearly,0,senior_level,106229.0,2.0,University,General IT / Other IT Role
IEPR Technical Advisor I,fulltime,yearly,0,entry_level,125000.0,8.0,University,General IT / Other IT Role
Systems Engineer I,fulltime,yearly,1,mid_level,85176.5,3.0,University,Network & Systems
SERVICE DESK TEAM LEAD,fulltime,hourly,0,senior_level,66560.0,5.0,University,IT Support / Helpdesk
ENDPOINT SUPPORT TEAM LEAD,fulltime,yearly,0,senior_level,85000.0,5.0,University,IT Support / Helpdesk
"Analytics Engineer - Cincinnati, OH",fulltime,yearly,0,senior_level,97680.0,3.0,University,Data & Analytics
Delivery Lead - Technology,fulltime,yearly,0,senior_level,120334.5,7.0,University,General IT / Other IT Role
Technical Support Engineer,fulltime,yearly,1,mid_level,79000.0,3.0,Online/Courses,IT Support / Helpdesk
Desktop Support 1 - (REF7332C),fulltime,hourly,1,senior_level,56160.0,2.0,High School,IT Support / Helpdesk
Engineering Manager - MarTech (Remote),fulltime,yearly,1,senior_level,203500.0,7.0,University,IT Management / Director
Mid-Senior Network Engineer,fulltime,yearly,0,senior_level,137000.0,8.0,University,Network & Systems
Partner Funds Program Manager,fulltime,yearly,1,senior_level,101436.5,4.0,University,Project / Program Management
"PMO Harmonization Manager - Shelton, CT",internship,yearly,1,mid_level,130275.0,5.0,University,Project / Program Management
Solutions Architect,fulltime,yearly,1,mid_level,132500.0,10.0,University,Consulting / Specialist
Program Manager 1,fulltime,yearly,1,mid_level,103004.5,5.0,University,Project / Program Management
IT Technician,fulltime,yearly,1,senior_level,50000.0,3.0,University,IT Support / Helpdesk
"Engineering Manager, Growth",fulltime,yearly,0,senior_level,202500.0,2.0,University,IT Management / Director
Product Manager,fulltime,yearly,0,senior_level,128020.5,2.0,University,IT Management / Director
Incident / Breach Commander (Breach Practice Leader),contract,yearly,1,senior_level,141310.5,10.0,University,Other / Miscellaneous
Technical Customer Service Representative I,internship,yearly,0,senior_level,39815.5,3.0,High School,General IT / Other IT Role
Cybersecurity Operations Sr. Project Manager,contract,yearly,1,senior_level,134586.5,10.0,University,Cybersecurity
"Executive Director, Software Engineering, Content Solutions",contract,yearly,1,senior_level,176000.0,10.0,University,Software Development
Information Technology Analyst,internship,yearly,1,mid_level,58644.0,0.0,University,General IT / Other IT Role
"VP, Global Head of Risk",fulltime,yearly,0,senior_level,219845.0,13.0,University,IT Management / Director
Director of Software Engineering,fulltime,yearly,0,senior_level,197041.0,10.0,University,Software Development
"Tech Lead, Back Office",fulltime,yearly,1,senior_level,277500.0,15.0,University,General IT / Other IT Role
"Sr. Manager, Engineering, Enterprise Applications",internship,yearly,1,senior_level,239000.0,5.0,University,IT Management / Director
Information Technology Specialist (Customer Support/Systems Administration),fulltime,yearly,0,senior_level,77846.5,2.0,University,IT Support / Helpdesk
"Director, IT Infrastructure",internship,yearly,0,senior_level,146185.5,11.0,University,Network & Systems
Platform Administrator,fulltime,yearly,0,senior_level,100000.0,3.0,Online/Courses,Other / Miscellaneous
Help Desk Technician,fulltime,hourly,0,mid_level,60320.0,3.0,High School,IT Support / Helpdesk
Manager Position Administration,"fulltime, contract",yearly,0,mid_level,93915.5,2.0,University,IT Management / Director
Product Manager,internship,yearly,0,senior_level,177000.0,4.0,University,IT Management / Director
HRIS Analyst,fulltime,yearly,0,senior_level,90000.0,2.0,University,Other / Miscellaneous
Security Operations Analyst,fulltime,yearly,0,senior_level,78361.5,1.0,University,Cybersecurity
Sr. Azure VDI Engineer,fulltime,yearly,1,mid_level,150158.0,14.0,University,General IT / Other IT Role
ITSM Engineer,internship,yearly,1,senior_level,124500.0,3.0,University,General IT / Other IT Role
Information Systems Security Officer,fulltime,yearly,1,senior_level,162762.0,8.0,University,Cybersecurity
RFID Technology Engineer – Enterprise Healthcare & Government Solution,internship,hourly,0,senior_level,109200.0,10.0,University,General IT / Other IT Role
Product Manager,internship,yearly,1,senior_level,87500.0,3.0,University,IT Management / Director
Strategic Project Manager – Drive Success and Innovation in a Fast-Growing Organization,fulltime,yearly,0,mid_level,110000.0,5.0,University,Project / Program Management
IT Manager,internship,yearly,0,mid_level,92500.0,2.0,University,IT Management / Director
Cyber Incident Response Operator,internship,yearly,0,senior_level,85000.0,3.0,University,General IT / Other IT Role
Product Manager - Equipment,internship,yearly,0,senior_level,84928.0,4.0,University,IT Management / Director
IS Enterprise Architect,fulltime,yearly,1,senior_level,135003.5,10.0,University,Consulting / Specialist
Sr. Project Manager (French-Canadian bilingual required),contract,yearly,0,senior_level,116276.5,5.0,University,Project / Program Management
Sr Scrum Master,internship,yearly,0,senior_level,151056.5,5.0,University,Project / Program Management
NetSuite Project Manager,fulltime,yearly,1,senior_level,103969.5,3.0,University,Project / Program Management
Computer Systems Administrator,fulltime,hourly,1,senior_level,59280.0,1.0,University,Network & Systems
Engineering Lead,fulltime,yearly,1,senior_level,205000.0,3.0,University,General IT / Other IT Role
Techno Functional Consultant- One Networks,internship,yearly,0,senior_level,137500.0,8.0,University,Network & Systems
Network Engineer - IT,fulltime,yearly,1,mid_level,106028.5,6.0,University,Network & Systems
Senior Product Manager - Reporting,fulltime,yearly,0,senior_level,149022.5,8.0,University,IT Management / Director
JD Edwards CNC Consultant,fulltime,yearly,0,senior_level,140000.0,8.0,University,Consulting / Specialist
JD Edwards D&L Consultant,fulltime,yearly,0,senior_level,140000.0,8.0,University,Consulting / Specialist
DevSecOps Engineer,internship,yearly,0,executive_level,152450.0,8.0,University,Cybersecurity
"Director, Technical Project Management",fulltime,yearly,0,senior_level,160000.0,5.0,University,IT Management / Director
Lead Paper Converting Systems Engineer,fulltime,yearly,1,senior_level,145934.0,10.0,University,Network & Systems
Senior Cloud Infrastructure Engineer,fulltime,yearly,0,senior_level,52805.5,7.0,High School,Network & Systems
Systems Administrator,fulltime,yearly,0,executive_level,51199.0,2.0,Online/Courses,Network & Systems
Information Technology Delivery Manager,fulltime,yearly,0,senior_level,147901.5,10.0,University,IT Management / Director
IT Digital Engagement Director/UKHC,fulltime,yearly,0,mid_level,140452.0,7.0,Online/Courses,IT Management / Director
Senior Product Owner,fulltime,yearly,0,mid_level,95000.0,5.0,University,Other / Miscellaneous
Satellite Operations – Junior,fulltime,yearly,0,senior_level,79561.5,1.0,University,Intern / Entry Level
Office Coordinator - Information Technology Building,parttime,hourly,0,mid_level,39520.0,5.0,High School,General IT / Other IT Role
Manager Position Administration,"fulltime, contract",yearly,0,mid_level,92138.0,2.0,University,IT Management / Director
Manager Position Administration,"fulltime, contract",yearly,0,mid_level,102213.5,2.0,University,IT Management / Director
Managing Director and Practice Lead - ERP,fulltime,yearly,0,senior_level,142344.0,10.0,University,IT Management / Director
Project Manager,fulltime,yearly,1,senior_level,117422.5,10.0,University,Project / Program Management
Network Architect,fulltime,yearly,0,senior_level,147591.0,8.0,University,Network & Systems
Senior Project Manager,fulltime,yearly,0,senior_level,132500.0,7.0,University,Project / Program Management
Product Analyst - Card Servicing,fulltime,yearly,1,senior_level,89467.0,4.0,University,Other / Miscellaneous
System/Server Administrator - Bilingual (Korean/English),contract,yearly,0,senior_level,84915.5,2.0,University,Other / Miscellaneous
Cloud Architect,fulltime,yearly,0,senior_level,151172.0,8.0,University,General IT / Other IT Role
Technical Support Specialist - US Remote,fulltime,yearly,1,mid_level,47517.0,1.0,University,IT Support / Helpdesk
"Deskside Technician I - Jacksonville, FL",fulltime,yearly,1,senior_level,45004.0,1.0,University,IT Support / Helpdesk
"Deskside Technician III - Long Beach, CA",fulltime,hourly,1,senior_level,49920.0,6.0,University,IT Support / Helpdesk
"Deskside Technician II - Austin, TX",fulltime,yearly,1,senior_level,58268.0,4.0,University,IT Support / Helpdesk
"Deskside Technician I - West Des Moines, IA",fulltime,yearly,1,senior_level,45785.5,1.0,University,IT Support / Helpdesk
"Deskside Technician III - San Francisco, CA",fulltime,hourly,1,senior_level,49920.0,6.0,University,IT Support / Helpdesk
"Deskside Technician I - Milwaukee, WI",fulltime,yearly,1,senior_level,45143.0,1.0,University,IT Support / Helpdesk
"Deskside Technician II - Detroit, MI",fulltime,yearly,1,senior_level,52560.5,4.0,University,IT Support / Helpdesk
"Deskside Technician I - Tampa, FL",fulltime,yearly,1,senior_level,44745.5,1.0,University,IT Support / Helpdesk
"Deskside Technician III - San Jose, CA",fulltime,hourly,1,senior_level,49920.0,6.0,University,IT Support / Helpdesk
"Deskside Technician II - Farmers Branch, TX",fulltime,yearly,1,senior_level,53965.5,4.0,University,IT Support / Helpdesk
"Deskside Technician II - Bayamon, PR",fulltime,yearly,1,senior_level,53240.0,4.0,University,IT Support / Helpdesk
"Deskside Technician I - Tulsa, OK",fulltime,yearly,1,senior_level,45685.0,1.0,University,IT Support / Helpdesk
"Deskside Technician I - Kansas City, MO",fulltime,yearly,1,senior_level,46602.5,1.0,University,IT Support / Helpdesk
"Deskside Technician II - Cleveland, OH",fulltime,yearly,1,senior_level,52192.5,4.0,University,IT Support / Helpdesk
Senior Lead Enterprise Architect,fulltime,yearly,1,entry_level,181937.0,14.0,University,Consulting / Specialist
IT Operations Supervisor,fulltime,yearly,1,mid_level,85542.0,5.0,University,General IT / Other IT Role
Implementation Project Manager,fulltime,yearly,1,senior_level,100000.0,3.0,University,Project / Program Management
Technical Operations Manager,fulltime,yearly,0,senior_level,135000.0,10.0,University,IT Management / Director
"Sr. Program Manager - Ops (Remote, NY)",fulltime,yearly,1,senior_level,150000.0,8.0,University,Project / Program Management
Project Manager,fulltime,yearly,1,senior_level,99923.5,5.0,University,Project / Program Management
Product Owner,fulltime,yearly,1,senior_level,128011.0,4.0,University,Other / Miscellaneous
Cybersecurity Analyst IAM III Advanced,fulltime,yearly,0,senior_level,144000.0,5.0,University,Cybersecurity
Junior Network Operations Center (NOC) Technician,fulltime,yearly,0,entry_level,54619.5,1.0,High School,IT Support / Helpdesk
SuccessFactors - Sr. Learning Management System Administrator (Part-time) 100% REMOTE,contract,hourly,1,senior_level,135200.0,3.0,University,Network & Systems
Scrum Master,fulltime,yearly,0,senior_level,127223.5,4.0,University,Project / Program Management
Project Manager,fulltime,yearly,0,senior_level,144920.5,3.0,University,Project / Program Management
Linux Systems Administrator,fulltime,yearly,0,senior_level,130983.0,7.0,University,Network & Systems
Production Support Sr Advisor,fulltime,yearly,0,senior_level,159700.0,7.0,Online/Courses,IT Support / Helpdesk
IT Desktop Support,internship,yearly,0,entry_level,62404.0,2.0,University,IT Support / Helpdesk
Senior Infrastructure Engineer (Endpoint Management),fulltime,yearly,0,senior_level,150195.0,4.0,University,Network & Systems
"Salesforce Administrator (On-Site Tucson, AZ)",fulltime,yearly,1,senior_level,83764.0,2.0,High School,General IT / Other IT Role
Project Manager - SCRUM,fulltime,yearly,0,senior_level,117500.0,5.0,University,Project / Program Management
"Manager, Information System",fulltime,yearly,0,senior_level,113424.0,1.0,High School,IT Management / Director
Network Security Engineer I,fulltime,yearly,1,senior_level,85000.0,1.0,University,Network & Systems
"Director of Process Engineering - Overland Park, KS (Hybrid)",internship,yearly,0,senior_level,166312.5,4.0,Online/Courses,IT Management / Director
ITSM Developer,fulltime,yearly,0,senior_level,66240.5,2.0,University,Software Development
Data Center Engineer,fulltime,yearly,0,mid_level,74885.0,2.0,High School,Data & Analytics
Network Manager,fulltime,yearly,0,mid_level,144156.5,4.0,University,Network & Systems
Sr. SharePoint/PowerApps Development Engineer,fulltime,yearly,0,senior_level,141164.0,10.0,Online/Courses,General IT / Other IT Role
SRE Analyst,fulltime,yearly,0,mid_level,55000.0,2.0,University,Other / Miscellaneous
Director of eCommerce,fulltime,yearly,1,senior_level,135000.0,10.0,Online/Courses,IT Management / Director
ERP Project Manager,fulltime,yearly,1,senior_level,120143.0,5.0,University,Project / Program Management
"Senior Manager, Engineering - Hybrid Cloud Fabric",fulltime,yearly,0,mid_level,215000.0,12.0,University,IT Management / Director
"10037 – Sr. Manager, IT Service Management",fulltime,yearly,0,senior_level,161130.0,10.0,University,IT Management / Director
Project Manager,fulltime,yearly,1,mid_level,73000.0,3.0,University,Project / Program Management
ISSM - Information Systems Security Manager,contract,yearly,1,mid_level,136364.0,7.0,High School,Cybersecurity
Computer Hardware Engineer,fulltime,yearly,1,entry_level,134440.0,8.0,University,General IT / Other IT Role
VMware Engineer,fulltime,yearly,1,entry_level,133473.0,8.0,University,General IT / Other IT Role
Computer Network Support Specialist,fulltime,yearly,1,mid_level,90517.5,8.0,University,IT Support / Helpdesk
Information Technology Project Manager,fulltime,yearly,1,entry_level,138972.0,10.0,University,Project / Program Management
Computer Network Architect,fulltime,yearly,1,entry_level,150420.5,8.0,University,Network & Systems
Network and Computer Systems Administrator,fulltime,yearly,1,mid_level,114779.5,8.0,University,Network & Systems
Computer Operator,fulltime,yearly,1,mid_level,95598.5,8.0,University,General IT / Other IT Role
Telecommunications Engineering Specialist,fulltime,yearly,1,entry_level,122851.0,8.0,University,Consulting / Specialist
Information Security Analyst,fulltime,yearly,1,senior_level,114215.0,8.0,University,Cybersecurity
Cloud Cybersecurity Analyst,fulltime,yearly,1,mid_level,127822.5,8.0,University,Cybersecurity
Privacy Analyst,fulltime,yearly,1,senior_level,122749.0,8.0,University,Other / Miscellaneous
Data Center Program Manager,fulltime,yearly,1,senior_level,157055.0,8.0,University,Project / Program Management
Computer Systems Engineer/Architect,fulltime,yearly,1,entry_level,139563.5,8.0,University,Network & Systems
Web Administrator,fulltime,yearly,1,entry_level,112865.5,8.0,University,Other / Miscellaneous
Cloud Engineer,fulltime,yearly,1,entry_level,134750.0,8.0,University,Network & Systems
Cloud Solutions Architect,fulltime,yearly,1,mid_level,152157.5,8.0,University,Consulting / Specialist
Wireless Network Engineer,fulltime,yearly,1,entry_level,128523.0,8.0,University,Network & Systems
COMSEC Manager,fulltime,yearly,1,senior_level,129922.5,8.0,University,IT Management / Director
Computer Systems Analyst,fulltime,yearly,1,senior_level,118852.0,8.0,University,General IT / Other IT Role
Network Engineer,fulltime,yearly,1,mid_level,125385.5,8.0,University,Network & Systems
Cloud Analyst,fulltime,yearly,1,entry_level,122856.5,5.0,University,General IT / Other IT Role
Senior Systems Administrator,internship,yearly,0,mid_level,89308.0,5.0,High School,Network & Systems
"VP IT, Global Technology",internship,yearly,0,senior_level,188529.5,10.0,University,IT Management / Director
Director Vendor Management - IT,contract,yearly,0,mid_level,206385.5,10.0,University,IT Management / Director
Identity and Access Management (CIAM) Product Owner I,fulltime,yearly,0,senior_level,108420.0,3.0,Online/Courses,General IT / Other IT Role
Product Owner I - US Bankcard Acquisition - New Capabilities,fulltime,yearly,1,senior_level,108420.0,3.0,Online/Courses,General IT / Other IT Role
"Cyber Security Engineer I, FIS University Program",fulltime,yearly,0,entry_level,93283.0,10.0,Online/Courses,Cybersecurity
Director of Quality Assurance,fulltime,yearly,0,senior_level,110503.5,8.0,University,IT Management / Director
IT Tech Analyst,fulltime,yearly,0,entry_level,70075.5,1.0,University,General IT / Other IT Role
Extended Expertise Consultant/Network Security Consultant,contract,hourly,1,senior_level,145600.0,3.0,University,Network & Systems
"Project Manager, Manager - 2273",fulltime,yearly,0,senior_level,120120.0,4.0,University,Project / Program Management
ERP Analyst,fulltime,yearly,0,senior_level,90000.0,3.0,University,Other / Miscellaneous
End User Support Technician,fulltime,yearly,1,mid_level,57041.0,2.0,University,IT Support / Helpdesk
"Associate Director, Technology",fulltime,yearly,0,mid_level,171850.0,3.0,University,IT Management / Director
Human Capital Management Team Lead,fulltime,yearly,0,senior_level,118556.5,3.0,University,General IT / Other IT Role
Team Lead - IT Financial Operations,fulltime,yearly,0,senior_level,102270.0,3.0,University,General IT / Other IT Role
Consulting Systems Engineer - Networking - IL,fulltime,yearly,0,senior_level,155347.5,13.0,University,Network & Systems
Vice President of Product,fulltime,yearly,1,senior_level,100985.5,7.0,University,IT Management / Director
Systems Engineer,fulltime,yearly,1,senior_level,136303.5,8.0,University,Network & Systems
IT Systems Support Analyst,fulltime,yearly,0,senior_level,56691.0,3.0,University,IT Support / Helpdesk
Network Engineer,fulltime,yearly,0,mid_level,95161.0,4.0,University,Network & Systems
"Manager, IT Systems and Security",fulltime,yearly,0,senior_level,138888.0,5.0,University,Cybersecurity
Account Delivery Leader,fulltime,yearly,1,senior_level,131600.0,5.0,University,Other / Miscellaneous
COTS Integration Engineer,fulltime,yearly,0,senior_level,133707.5,6.0,University,General IT / Other IT Role
ETC - Security / IT,internship,yearly,0,senior_level,87478.0,3.0,University,Cybersecurity
"Director, Digital Transformation",fulltime,yearly,1,senior_level,174877.5,10.0,University,IT Management / Director
Technical Support Engineer Level 2,fulltime,hourly,1,executive_level,62400.0,3.0,University,IT Support / Helpdesk
IT Risk and Compliance Analyst w/LOCAL USCITIZEN only,contract,hourly,1,senior_level,107120.0,4.0,University,General IT / Other IT Role
Opcenter MES Camstar Semiconductor Expert,contract,hourly,1,entry_level,135200.0,5.0,University,IT Management / Director
Project Manager I,fulltime,yearly,0,senior_level,112235.0,3.0,University,Project / Program Management
IT Senior Process Analyst,fulltime,yearly,1,senior_level,127500.0,5.0,University,General IT / Other IT Role
Computer User Support Specialist Advanced,fulltime,yearly,1,executive_level,75000.0,5.0,University,IT Support / Helpdesk
"Asset Management Technician – EUC - Jersey City, NJ",fulltime,hourly,0,senior_level,52000.0,3.0,University,IT Support / Helpdesk
Senior Information Security Engineer,fulltime,yearly,0,senior_level,143804.0,4.0,University,Cybersecurity
"Asset Management Technician – EUC - New York, New York",fulltime,hourly,0,senior_level,52000.0,3.0,University,IT Support / Helpdesk
Information Technology Specialist,fulltime,yearly,1,mid_level,60000.0,2.0,University,Consulting / Specialist
"Hardware Asset Management Technician – EUC - New York, New York",fulltime,hourly,0,senior_level,52000.0,3.0,University,IT Support / Helpdesk
Senior Project Manager,fulltime,yearly,0,senior_level,202500.0,10.0,University,Project / Program Management
Cyber Security Architect,fulltime,yearly,0,entry_level,164049.5,15.0,University,Cybersecurity
Digital Cloud Solution Architecture,fulltime,hourly,0,senior_level,160160.0,5.0,University,General IT / Other IT Role
Digital Cloud Solution Architect Manager,fulltime,yearly,0,senior_level,161500.0,5.0,University,IT Management / Director
Systems Engineer - Clearance Required,internship,yearly,0,senior_level,133512.5,7.0,University,Network & Systems
"Data Center Program Manager, IT/Network",fulltime,yearly,0,senior_level,130000.0,2.0,High School,Network & Systems
Senior Security Incident Responder – CTJ – Poly,fulltime,yearly,0,senior_level,183700.0,5.0,Online/Courses,Cybersecurity
Principal Technical Program Manager,fulltime,yearly,0,senior_level,215800.0,6.0,University,Project / Program Management
IT Service Manager II,fulltime,yearly,1,senior_level,119200.0,2.0,University,IT Management / Director
"Manager, IT Services",fulltime,yearly,0,mid_level,136948.0,12.0,University,IT Management / Director
Sr Technical Consultant,fulltime,yearly,0,senior_level,88102.0,4.0,University,Consulting / Specialist
Application Engineer,fulltime,yearly,0,senior_level,108004.5,5.0,Online/Courses,General IT / Other IT Role
"Senior Product Manager, Innovation",fulltime,yearly,1,mid_level,121000.0,5.0,University,IT Management / Director
"Director, Analytics",internship,yearly,1,mid_level,155000.0,5.0,University,Data & Analytics
Senior Cybersecurity Engineer,fulltime,yearly,0,entry_level,114095.5,10.0,University,Cybersecurity
IT Enterprise Applications Support Manager,contract,hourly,0,senior_level,130000.0,10.0,University,IT Support / Helpdesk
Governance Risk and Compliance Analyst,fulltime,yearly,0,senior_level,141000.0,4.0,Online/Courses,Other / Miscellaneous
"Sr Director, Product Management",fulltime,yearly,1,senior_level,193588.0,7.0,University,IT Management / Director
"Director of Product Management, Partner Integrations Portfolio",internship,yearly,1,senior_level,282500.0,2.0,University,IT Management / Director
"Senior Consultant, NetSuite (Remote)",internship,yearly,1,entry_level,125000.0,3.0,University,Consulting / Specialist
Sr. Compliance Manager GRC,contract,yearly,0,mid_level,160000.0,5.0,University,IT Management / Director
Senior Cybersecurity Engineer,fulltime,yearly,0,entry_level,118541.5,10.0,University,Cybersecurity
Salesforce Developer,contract,hourly,0,senior_level,119600.0,15.0,University,Software Development
Lead Cybersecurity,fulltime,yearly,0,senior_level,172100.0,3.0,University,Cybersecurity
Principal Cybersecurity,fulltime,yearly,0,senior_level,189350.0,7.0,University,Cybersecurity
AT&T Labs internship – Undergraduate and Masters Degrees,fulltime,yearly,0,senior_level,81750.0,0.0,University,Intern / Entry Level
Senior Product Manager - Internal Only,fulltime,yearly,1,senior_level,196500.0,7.0,University,IT Management / Director
Server High Performance Compute Microarchitecture Lead,internship,yearly,0,mid_level,291300.0,10.0,University,General IT / Other IT Role
"Senior Director, IT Program Management",fulltime,yearly,1,senior_level,263700.0,10.0,University,IT Management / Director
Product Owner,internship,yearly,0,senior_level,126000.0,4.0,University,Other / Miscellaneous
Program Manager 4-ProdDev,fulltime,yearly,0,mid_level,139023.0,5.0,University,Project / Program Management
Netsuite Administrator,internship,yearly,0,senior_level,78240.0,3.0,University,General IT / Other IT Role
Sr Integration Engineer (Remote),fulltime,yearly,1,mid_level,97500.0,5.0,University,General IT / Other IT Role
Associate Vice President of ITS - Curry College,internship,yearly,0,mid_level,145000.0,8.0,University,IT Management / Director
Information Security Specialist IV (IA Log Analyzer),fulltime,yearly,1,senior_level,80000.0,5.0,University,Cybersecurity
Associate Product Manager,fulltime,yearly,1,mid_level,97500.0,2.0,University,IT Management / Director
Advisory Engineer,fulltime,yearly,0,senior_level,117295.5,20.0,University,General IT / Other IT Role
Systems Engineer,fulltime,yearly,1,senior_level,72500.0,5.0,University,Network & Systems
Implementation Project Manager,fulltime,hourly,1,senior_level,66560.0,2.0,University,Project / Program Management
Fellow Technical Advisor,fulltime,yearly,0,mid_level,97328.5,20.0,University,General IT / Other IT Role
Mano Lani - System Support Specialist,fulltime,hourly,0,senior_level,80080.0,10.0,University,IT Support / Helpdesk
Product Owner II - GRS Risk Proposal and Issuance Portfolio,fulltime,yearly,1,senior_level,139100.0,5.0,University,Other / Miscellaneous
Sr. Enterprise Project Manager,fulltime,yearly,0,senior_level,106230.5,7.0,University,Project / Program Management
Service Desk Technician,fulltime,yearly,0,mid_level,51510.0,2.0,High School,IT Support / Helpdesk
"Vice President, Engineering - Utilization Management and Care Management",fulltime,yearly,1,senior_level,312500.0,15.0,University,IT Management / Director
SharePoint Administrator I,internship,yearly,0,mid_level,66744.5,2.0,University,Other / Miscellaneous
Project Manager,fulltime,yearly,0,mid_level,78850.0,2.0,University,Project / Program Management
Support Center Engineer 4,fulltime,yearly,0,senior_level,92500.0,8.0,University,IT Support / Helpdesk
HOA Property Manager,parttime,hourly,0,senior_level,63440.0,2.0,University,IT Management / Director
Desktop Support 1,internship,hourly,1,senior_level,56160.0,2.0,High School,IT Support / Helpdesk
Senior IT Customer Support Specialist,internship,yearly,1,mid_level,120000.0,9.0,High School,IT Support / Helpdesk
Bilingual Marketing Associate,fulltime,hourly,0,mid_level,43680.0,1.0,University,Other / Miscellaneous
Project Manager (Architecture),fulltime,yearly,0,senior_level,65000.0,1.0,University,Project / Program Management
IT Applications Analyst,fulltime,yearly,0,mid_level,82500.0,3.0,University,General IT / Other IT Role
Entry Level Management Associate,internship,yearly,0,entry_level,55000.0,1.0,University,Intern / Entry Level
Help Desk Technician,fulltime,hourly,0,mid_level,60320.0,3.0,High School,IT Support / Helpdesk
Senior Interior Designer,fulltime,yearly,0,senior_level,77500.0,3.0,University,Other / Miscellaneous
HVAC Service Technician -WCA,internship,hourly,0,senior_level,62400.0,2.0,University,IT Support / Helpdesk
Desktop Support Analyst II,internship,hourly,0,senior_level,70720.0,4.0,University,IT Support / Helpdesk
"Facilities Operations, Senior Associate",internship,yearly,1,senior_level,86000.0,2.0,University,General IT / Other IT Role
"Data Analyst, Performance Analytics",fulltime,yearly,1,senior_level,100000.0,12.0,University,Data & Analytics
Senior Business Development Manager,contract,yearly,0,senior_level,42500.0,5.0,University,IT Management / Director
IT Support Specialist II,fulltime,yearly,1,mid_level,46000.0,2.0,University,IT Support / Helpdesk
Cycle Counter,contract,hourly,0,senior_level,35360.0,20.0,University,Other / Miscellaneous
IT Help Desk Technician,internship,hourly,0,mid_level,48880.0,2.0,High School,IT Support / Helpdesk
IT Support Specialist III,internship,yearly,1,senior_level,81120.0,7.0,University,IT Support / Helpdesk
Experienced Full-Charge Bookkeeper,fulltime,hourly,1,mid_level,47840.0,2.0,University,Other / Miscellaneous
Project Coordinator / Administrative Assistant,fulltime,hourly,0,senior_level,43680.0,2.0,University,Project / Program Management
Sales Representative,fulltime,monthly,0,senior_level,3698.0,3.0,University,Other / Miscellaneous
Operations Support Technician - Technical Writer - Command and Control,internship,yearly,0,executive_level,58624.5,1.0,University,IT Support / Helpdesk
Safety Liaison,fulltime,yearly,0,senior_level,48880.0,1.0,University,Data & Analytics
Behavior Technician – Training & Certification Provided!,parttime,hourly,0,entry_level,44720.0,0.0,High School,IT Support / Helpdesk
Premium Reconciliation Representative (On-site),internship,hourly,0,mid_level,50960.0,2.0,University,General IT / Other IT Role
Manual Machinist - Lathe/Mill,fulltime,hourly,0,executive_level,53040.0,5.0,High School,Other / Miscellaneous
Int IT Cust Serv Rep-11M,contract,yearly,0,mid_level,40415.0,2.0,High School,General IT / Other IT Role
Office Manager,fulltime,yearly,0,senior_level,70000.0,3.0,University,IT Management / Director
"Strategic Buyer - Waltham, MA",internship,yearly,0,senior_level,50000.0,5.0,Online/Courses,Other / Miscellaneous
Maintenance Technician up to $30 (Properties in LA County),fulltime,hourly,0,senior_level,57200.0,2.0,University,IT Support / Helpdesk
Field Sales Representative (Manheim),internship,yearly,1,mid_level,70500.0,4.0,University,Other / Miscellaneous
Scheduling Manager,fulltime,hourly,0,mid_level,57200.0,2.0,High School,IT Management / Director
Assembler/Tester Senior,contract,hourly,0,senior_level,54080.0,5.0,High School,Other / Miscellaneous
Sr. Field Technician,fulltime,yearly,0,senior_level,110000.0,10.0,University,IT Support / Helpdesk
Director of Human Resources - Western Region,fulltime,yearly,0,senior_level,162500.0,0.0,University,IT Management / Director
Production Coordinator,fulltime,yearly,1,mid_level,70000.0,2.0,University,Other / Miscellaneous
Chronic Care Case Manager,fulltime,hourly,0,senior_level,114400.0,1.0,University,IT Management / Director
Student Services Advisor,internship,hourly,0,senior_level,45760.0,1.0,Online/Courses,Other / Miscellaneous
Warfare Systems Engineer,contract,yearly,1,senior_level,124250.0,5.0,Online/Courses,Network & Systems
Software Engineer,fulltime,hourly,0,senior_level,130000.0,7.0,University,Software Development
Software Development Manager,fulltime,yearly,1,senior_level,107500.0,3.0,University,IT Management / Director
IT Support Technician,internship,yearly,1,mid_level,64000.0,5.0,High School,IT Support / Helpdesk
"Senior Manager, Financial Planning, Analysis & Budget",fulltime,yearly,0,mid_level,100287.0,4.0,Online/Courses,IT Management / Director
Construction Estimator,fulltime,monthly,0,mid_level,4500.0,2.0,University,Other / Miscellaneous
Demand Generation Manager,contract,hourly,1,senior_level,143520.0,5.0,University,IT Management / Director
VP Sales Anti Timeshare Closer | Hybrid | Remote | $250k+,fulltime,yearly,1,senior_level,232192.0,2.0,University,IT Management / Director
Senior Accountant II,internship,yearly,0,senior_level,79500.0,3.0,University,Other / Miscellaneous
"Travel Nurse RN - Med Surg - $1,600 per week",contract,weekly,0,senior_level,1600.0,2.0,University,Other / Miscellaneous
Busser-Restaurant 1,fulltime,hourly,0,mid_level,36400.0,2.0,High School,Other / Miscellaneous
Multi-Solution Architect,internship,yearly,1,entry_level,202730.0,10.0,University,General IT / Other IT Role
CT - Senior IAM Engineer,internship,yearly,0,senior_level,155600.0,7.0,University,General IT / Other IT Role
VP of Sales (Remote),fulltime,yearly,1,senior_level,215000.0,7.0,University,IT Management / Director
"Travel Nurse RN - Stepdown - $2,153 per week",internship,weekly,0,senior_level,2153.0,20.0,University,Other / Miscellaneous
"Travel Nurse RN - Med Surg - $2,400 per week",contract,weekly,0,senior_level,2400.0,2.0,University,Other / Miscellaneous
"Travel CT Technologist - $3,084 per week",fulltime,weekly,0,mid_level,3084.0,2.0,University,General IT / Other IT Role
"Travel Interventional Radiology Technologist - COVID19 - $2,658 per week",contract,weekly,0,senior_level,2658.0,2.0,University,General IT / Other IT Role
Event Sales Manager | Hybrid San Francisco,internship,hourly,0,mid_level,62400.0,3.0,University,IT Management / Director
Research Analyst,fulltime,yearly,0,senior_level,70917.5,2.0,University,Other / Miscellaneous
"Site Safety and Health Officer (SSHO) - Phoenix, AZ",contract,yearly,0,executive_level,87500.0,5.0,University,General IT / Other IT Role
"Senior Manager, Customer & Community Engagement",internship,yearly,1,senior_level,135000.0,7.0,University,IT Management / Director
Front End Developer (AEM & React),fulltime,yearly,0,senior_level,135000.0,12.0,University,Software Development
IT Specialist,parttime,yearly,0,senior_level,162896.5,2.0,University,Consulting / Specialist
Cleaning Crew Member!!! Start Date 12/16!!!,temporary,hourly,0,senior_level,43680.0,0.0,University,Other / Miscellaneous
Receiving Associate,fulltime,hourly,1,mid_level,44720.0,20.0,Online/Courses,Other / Miscellaneous
Assembly Technician,fulltime,hourly,0,mid_level,52000.0,1.0,University,IT Support / Helpdesk
Low Voltage /Data Center Technician,contract,hourly,0,mid_level,48880.0,0.0,University,IT Support / Helpdesk
"""Finish Grade"" Motor Grader Operator (Huntsville, AL)",fulltime,hourly,0,senior_level,58240.0,2.0,Online/Courses,Other / Miscellaneous
Inside Sales Representative - Debt Consultant,contract,yearly,1,senior_level,82500.0,1.0,High School,Consulting / Specialist
Senior HBM Field Applications Engineer,fulltime,yearly,0,senior_level,275000.0,5.0,University,General IT / Other IT Role
Network Systems Engineer,internship,yearly,0,mid_level,131028.5,5.0,University,Network & Systems
Marketing Assistant,parttime,hourly,0,senior_level,54080.0,1.0,University,Other / Miscellaneous
Data Research Analyst,fulltime,yearly,1,senior_level,65000.0,3.0,University,Data & Analytics
Finance Manager,fulltime,yearly,0,senior_level,80000.0,5.0,University,IT Management / Director
Warehouse Specialist - Japanese bilingual skill plus,fulltime,yearly,0,senior_level,62500.0,5.0,University,Consulting / Specialist
Machinist,fulltime,hourly,0,senior_level,46800.0,1.0,University,Other / Miscellaneous
Client Sales Representative - Entry Level,fulltime,yearly,0,entry_level,48500.0,0.0,University,Intern / Entry Level
Field Sales Consultant - Solar,contract,yearly,0,entry_level,125000.0,0.0,University,Consulting / Specialist
Cook BOH #2,fulltime,hourly,0,senior_level,41600.0,1.0,University,Other / Miscellaneous
SEC Reporting Manager,contract,hourly,0,senior_level,161200.0,6.0,University,IT Management / Director
"Lead Representative, Call Center",fulltime,hourly,0,senior_level,45760.0,11.0,Online/Courses,Other / Miscellaneous
Auto Body Tear Down & Reassembly Tech,fulltime,hourly,0,executive_level,52000.0,2.0,University,General IT / Other IT Role
Business Systems Analyst 2 (N-IT),contract,hourly,0,mid_level,115440.0,5.0,University,General IT / Other IT Role
Local Contract Centralized Sterile Technician - $30-31 per hour,contract,hourly,0,mid_level,63440.0,2.0,University,IT Support / Helpdesk
Principal Gas Quality Management Specialist,internship,yearly,1,senior_level,173000.0,10.0,High School,Consulting / Specialist
Help Desk Technician II,internship,yearly,0,senior_level,70000.0,2.0,University,IT Support / Helpdesk
Busser-Restaurant 1,fulltime,hourly,0,mid_level,39520.0,2.0,High School,Other / Miscellaneous
"Laboratory Assistant (Full-time/Nights) - Hilo Medical Center, Hilo",fulltime,hourly,0,senior_level,41600.0,1.0,High School,Other / Miscellaneous
"Laboratory Assistant (Full-time/Nights) - Hilo Medical Center, Hilo",fulltime,hourly,0,senior_level,41600.0,1.0,High School,Other / Miscellaneous
Manager Systems Management,fulltime,yearly,0,senior_level,140000.0,2.0,University,IT Management / Director
Technical Alignment Manager,internship,yearly,1,senior_level,80000.0,3.0,Online/Courses,IT Management / Director
"Manager, IT Helpdesk",internship,yearly,1,senior_level,125000.0,5.0,University,IT Management / Director
Systems Engineer,fulltime,yearly,0,mid_level,123571.0,5.0,University,Network & Systems
Senior Accounting Manager,fulltime,yearly,0,senior_level,115000.0,5.0,University,IT Management / Director
Local Contract Nurse RN - Director of Nursing - $55-60 per hour,contract,hourly,0,senior_level,119600.0,20.0,University,IT Management / Director
"Business Analyst, Senior",contract,hourly,0,senior_level,135200.0,6.0,University,Data & Analytics
General Manager,fulltime,yearly,0,senior_level,150000.0,2.0,High School,IT Management / Director
Inside Sales Representative - Insurance,contract,yearly,1,mid_level,47080.0,1.0,High School,Other / Miscellaneous
Senior Contract Business Support Specialist,contract,hourly,1,mid_level,56160.0,5.0,High School,IT Support / Helpdesk
"Travel Mammography Technologist - $2,575 per week",contract,weekly,0,senior_level,2575.0,1.0,High School,General IT / Other IT Role
Salesperson - Audi of Glenwood Springs,internship,yearly,0,mid_level,60000.0,1.0,University,Other / Miscellaneous
Outside Sales Representative,fulltime,yearly,0,senior_level,60000.0,5.0,University,Other / Miscellaneous
"Senior Director, Information Technology Operations",fulltime,yearly,0,senior_level,202500.0,5.0,University,IT Management / Director
Experienced Leasing Consultant,fulltime,hourly,0,senior_level,38480.0,1.0,University,Consulting / Specialist
Trailer Technician,fulltime,hourly,0,senior_level,46800.0,2.0,University,IT Support / Helpdesk
Fire Alarm Installers Needed!!! Up to $22 an hour! In Tulsa,fulltime,hourly,0,senior_level,41600.0,2.0,University,Other / Miscellaneous
CNC Lathe Machinist-Setup/Operate,fulltime,hourly,0,mid_level,65520.0,5.0,High School,Other / Miscellaneous
Production Manager,fulltime,yearly,0,senior_level,75000.0,4.0,University,IT Management / Director
Change Consultant,internship,yearly,0,mid_level,110472.0,4.0,University,Consulting / Specialist
Door to Door Sales Rep,fulltime,yearly,0,mid_level,77500.0,3.0,University,Other / Miscellaneous
IT Lead,fulltime,yearly,0,senior_level,120000.0,5.0,Online/Courses,General IT / Other IT Role
Senior Buyer (Medical Device Manufacturing) - Up to $90K+ Bonus!,fulltime,yearly,0,senior_level,80000.0,4.0,University,Other / Miscellaneous
Crisis Operations Manager,fulltime,yearly,0,senior_level,92137.5,1.0,University,IT Management / Director
VP Software Development,fulltime,yearly,0,senior_level,215000.0,12.0,University,IT Management / Director
Up to $30/hr | Certified Nursing Assistant | Room to Grow!,fulltime,hourly,0,senior_level,62400.0,1.0,University,Other / Miscellaneous
PT Dishwasher,fulltime,hourly,0,mid_level,35360.0,18.0,University,Other / Miscellaneous
Personal Injury Litigation Attorney (3-8 yrs exp.),fulltime,yearly,0,senior_level,200000.0,3.0,University,General IT / Other IT Role
"Consultant, Office of CIO",internship,yearly,0,senior_level,129675.0,10.0,University,IT Management / Director
"Travel Nurse RN - ICU - Intensive Care Unit - $3,030 per week",fulltime,weekly,0,senior_level,3030.0,2.0,University,General IT / Other IT Role
Shift Lead - Silver Lake,parttime,weekly,0,mid_level,3096.0,1.0,Online/Courses,Other / Miscellaneous
Access Security Administration Analyst I,fulltime,hourly,0,senior_level,60320.0,2.0,University,Cybersecurity
Diesel Technician (Flat Rate),fulltime,hourly,0,senior_level,104000.0,2.0,High School,IT Support / Helpdesk
"Director, Technology",fulltime,yearly,0,senior_level,199279.0,10.0,University,IT Management / Director
IT Support Technician,internship,yearly,0,mid_level,55000.0,3.0,University,IT Support / Helpdesk
IT Tech Analyst,fulltime,yearly,0,entry_level,56097.5,1.0,University,General IT / Other IT Role
IT Systems Administrator,fulltime,yearly,0,mid_level,50000.0,3.0,University,Network & Systems
Help Desk Analyst,contract,hourly,0,senior_level,53040.0,2.0,University,IT Support / Helpdesk
Azure Cloud Administrator,"fulltime, contract",hourly,0,mid_level,119600.0,4.0,University,General IT / Other IT Role
Network Engineer,fulltime,yearly,0,mid_level,97109.0,8.0,University,Network & Systems
DoD Growth Lead,fulltime,yearly,1,senior_level,134546.5,1.0,Online/Courses,Other / Miscellaneous
Azure Cloud Architect,"fulltime, contract",hourly,0,senior_level,171600.0,8.0,University,General IT / Other IT Role
"Director, Customer Success - Resident Engagement",fulltime,yearly,1,senior_level,155787.0,8.0,University,IT Management / Director
"Director, Software Engineering",fulltime,yearly,1,senior_level,165000.0,5.0,University,Software Development
Salesforce Developer,"parttime, fulltime",yearly,0,mid_level,111185.0,2.0,University,Software Development
Workday Administrator,fulltime,yearly,0,senior_level,130000.0,3.0,University,Other / Miscellaneous
"Senior Consultant, Strategy & Optimization",fulltime,yearly,1,entry_level,132400.0,2.0,University,Consulting / Specialist
Sr. Salesforce Developer,fulltime,yearly,1,senior_level,115000.0,8.0,University,Software Development
"Product Manager II, Government",fulltime,yearly,1,senior_level,124154.0,4.0,University,IT Management / Director
Senior Product Manager I,fulltime,yearly,1,senior_level,138369.0,8.0,University,IT Management / Director
"Dental Provider Engagement & Network Operations Specialist, Senior",fulltime,yearly,1,senior_level,79270.0,5.0,University,Network & Systems
Service Desk Analyst,"fulltime, contract",hourly,0,mid_level,65520.0,2.0,University,IT Support / Helpdesk
"IT Lead, Security Testing and Response",fulltime,yearly,0,senior_level,127968.0,6.0,University,Cybersecurity
Staff Project Manager,fulltime,yearly,0,mid_level,135000.0,6.0,University,Project / Program Management
Senior Technology Project Manager,fulltime,yearly,1,senior_level,122942.5,7.0,University,Project / Program Management
National Consultant-Gender Statistics Guideline Development,contract,yearly,1,senior_level,121752.0,5.0,University,Consulting / Specialist
Senior Application Security Engineer,"fulltime, contract",yearly,0,entry_level,140000.0,12.0,University,Cybersecurity
Sr. Integrations Engineer,fulltime,yearly,0,senior_level,133749.0,5.0,University,General IT / Other IT Role
Senior Product Manager - Credit Cards,internship,yearly,0,senior_level,165229.0,4.0,University,IT Management / Director
ITSM ServiceNow Product Manager,contract,hourly,1,senior_level,109200.0,12.0,University,IT Management / Director
IT Support Specialist,fulltime,hourly,1,senior_level,61360.0,4.0,University,IT Support / Helpdesk
Senior Endpoint Engineer (Remote),fulltime,yearly,1,senior_level,142500.0,4.0,University,General IT / Other IT Role
Network Engineer IV (Remote),fulltime,yearly,1,senior_level,142500.0,15.0,University,Network & Systems
Network Support Coordinator,fulltime,yearly,1,senior_level,81500.0,2.0,University,IT Support / Helpdesk
Sr Systems Engineer,fulltime,yearly,0,mid_level,134214.0,10.0,University,Network & Systems
Technical Support Specialist (Bilingual) - Automotive Service,fulltime,hourly,1,senior_level,40560.0,1.0,High School,IT Support / Helpdesk
Senior Engineering Product Manager IS - Admin Tech Philanthropy,fulltime,hourly,1,senior_level,143520.0,12.0,University,IT Management / Director
Workday Security Administrator (Hybrid),contract,hourly,0,senior_level,126880.0,6.0,University,Cybersecurity
"Sr. Support Specialist, Partner Care - NBC Sports Next",fulltime,yearly,1,senior_level,78763.0,1.0,Online/Courses,IT Support / Helpdesk
Help Desk Analyst 2,contract,hourly,0,senior_level,57200.0,1.0,University,IT Support / Helpdesk
Sr. IT Security Analyst,contract,hourly,0,mid_level,114400.0,3.0,University,Cybersecurity
Systems Testing Consultant I - National General,internship,yearly,1,senior_level,65770.0,2.0,Online/Courses,Consulting / Specialist
Senior Manager - Product Security and Risk Management,internship,yearly,1,senior_level,155771.5,7.0,University,Cybersecurity
Microsoft Dynamics Developer,fulltime,yearly,1,mid_level,102050.0,4.0,University,Software Development
HRIS Systems Admin,fulltime,yearly,0,senior_level,68938.5,2.0,University,General IT / Other IT Role
Coder/Configurator/Programmer,"fulltime, contract",yearly,0,senior_level,71405.0,2.0,University,Software Development
Vacuum Systems Engineer,fulltime,yearly,1,senior_level,120024.0,5.0,University,Network & Systems
Junior - ECM Solution Designer,contract,hourly,0,entry_level,114400.0,3.0,University,Intern / Entry Level
"Director, Customer Success",fulltime,yearly,1,senior_level,180866.0,10.0,University,IT Management / Director
Senior Product Manager,fulltime,yearly,1,senior_level,161014.0,7.0,University,IT Management / Director
IT Network Engineer,fulltime,yearly,0,mid_level,108272.5,10.0,University,Network & Systems
IT Help Desk Technician,fulltime,yearly,1,mid_level,46830.5,1.0,Bootcamp,IT Support / Helpdesk
Windows OS Deployment Administrator,fulltime,yearly,0,senior_level,112000.0,8.0,University,Other / Miscellaneous
Windows Systems Administrator,fulltime,yearly,0,senior_level,145500.0,10.0,University,Network & Systems
Senior Network Engineer - Cloud Infrastructure,fulltime,yearly,0,senior_level,175500.0,1.0,University,Network & Systems
"Systems Engineer, Automation",fulltime,yearly,0,senior_level,150000.0,5.0,University,Network & Systems
Active Directory (AD) Engineer,fulltime,yearly,0,mid_level,104000.0,5.0,University,IT Management / Director
Applications Administrator - Starfish,parttime,hourly,1,executive_level,63440.0,1.0,Online/Courses,Other / Miscellaneous
IT Manager,fulltime,yearly,0,senior_level,102500.0,5.0,University,IT Management / Director
Information Technology Manager,fulltime,yearly,0,senior_level,106154.5,4.0,University,IT Management / Director
"Sr. Director, IT Project Management, Global",fulltime,yearly,0,senior_level,218074.5,0.0,University,IT Management / Director
Technical Systems Services Manager,fulltime,yearly,1,mid_level,159000.0,10.0,University,IT Management / Director
Overnight Service Desk Technician,fulltime,yearly,0,senior_level,48408.0,1.0,High School,IT Support / Helpdesk
Video Support Specialist,contract,hourly,0,senior_level,48880.0,2.0,University,IT Support / Helpdesk
Project Manager (Machinery/Equipment),fulltime,yearly,0,mid_level,85000.0,5.0,University,Project / Program Management
Solution Manager - Mandarin,fulltime,yearly,1,senior_level,80000.0,3.0,University,IT Management / Director
Technical Support Specialist,fulltime,yearly,0,senior_level,49862.5,1.0,Online/Courses,IT Support / Helpdesk
"IT Support Specialist, Tier 1, 2 or 3.",fulltime,yearly,0,executive_level,57200.0,2.0,University,IT Support / Helpdesk
Solution Manager - Mandarin,fulltime,yearly,1,senior_level,80000.0,3.0,University,IT Management / Director
Helpdesk/Desktop Support Analyst,internship,yearly,0,senior_level,53943.0,3.0,High School,IT Support / Helpdesk
"Senior DevSecOps Engineer, Assistant Vice President",fulltime,yearly,0,senior_level,130000.0,3.0,University,Cybersecurity
Information Technology Manager,fulltime,yearly,1,senior_level,120000.0,5.0,University,IT Management / Director
Network Engineer I,fulltime,yearly,0,mid_level,84321.0,4.0,High School,Network & Systems
Principal Product Manager,internship,yearly,0,senior_level,261130.0,8.0,University,IT Management / Director
"Group Product Manager, Identity",internship,yearly,0,senior_level,221096.0,10.0,University,IT Management / Director
Cyber Risk Consultant (MUST BE LOCAL),"temporary, contract",hourly,1,executive_level,192400.0,5.0,University,Consulting / Specialist
Resident Solutions Architect - Healthcare & Life Sciences,internship,yearly,1,senior_level,172800.0,6.0,University,Consulting / Specialist
Information Security Analyst,fulltime,yearly,1,senior_level,95500.0,5.0,High School,Cybersecurity
Malibu TN Network Security Engineer,fulltime,yearly,0,mid_level,88925.5,5.0,University,Network & Systems
Sr. Cloud/Infra Engineering Lead,fulltime,yearly,0,mid_level,92500.0,20.0,University,General IT / Other IT Role
Application Support (Entry-Level) - Global Operations,fulltime,yearly,0,senior_level,63500.0,2.0,High School,IT Support / Helpdesk
Service Desk Analyst,"parttime, contract",hourly,0,mid_level,65520.0,2.0,University,IT Support / Helpdesk
Network Support Technician,fulltime,yearly,1,mid_level,62518.0,1.0,University,IT Support / Helpdesk
Zero Trust Enterprise Architect,fulltime,yearly,1,senior_level,180050.0,8.0,University,Consulting / Specialist
Technical Program Manager,fulltime,yearly,1,senior_level,191910.5,10.0,University,Project / Program Management
IT Network Engineer SR.,fulltime,yearly,0,entry_level,112904.5,3.0,University,Network & Systems
IT Manager,fulltime,yearly,0,mid_level,77500.0,2.0,University,IT Management / Director
Technical Trainer,contract,yearly,0,senior_level,108222.5,5.0,University,Data & Analytics
Cloud Service Center Team Lead,fulltime,yearly,0,senior_level,91014.0,2.0,University,General IT / Other IT Role
Solutions Manager,fulltime,yearly,1,senior_level,80000.0,3.0,University,IT Management / Director
Digital Product Owner,fulltime,yearly,1,mid_level,154380.0,0.0,University,General IT / Other IT Role
Systems Administrator - Associate Level,contract,yearly,0,mid_level,54342.0,0.0,University,Network & Systems
Solutions Manager,fulltime,yearly,1,senior_level,80000.0,3.0,University,IT Management / Director
Systems Analyst,fulltime,yearly,1,entry_level,65337.5,5.0,Online/Courses,General IT / Other IT Role
Solutions Manager,fulltime,yearly,1,senior_level,80000.0,3.0,University,IT Management / Director
"Director of Cyber Resilience, U.S. Information Security and Control",internship,yearly,0,senior_level,240750.0,15.0,Online/Courses,Cybersecurity
Cyber Security Specialist,fulltime,yearly,1,senior_level,124039.5,10.0,University,Cybersecurity
Microsoft Consultant,fulltime,yearly,1,senior_level,80000.0,3.0,University,Consulting / Specialist
System Administrator,fulltime,yearly,0,senior_level,65000.0,1.0,University,Network & Systems
Compliance Auditor,fulltime,yearly,0,senior_level,72200.0,3.0,University,General IT / Other IT Role
"Strategic Product Consultant, Public Sector",fulltime,yearly,1,senior_level,201852.0,8.0,University,IT Management / Director
Information Systems Security Officer (ISSO),internship,yearly,0,mid_level,88192.5,4.0,University,Cybersecurity
Security Operations Center (SOC) Analyst,"fulltime, contract",hourly,1,mid_level,150800.0,3.0,High School,Cybersecurity
Director of Learner Engagement Technology,fulltime,yearly,1,mid_level,153050.0,5.0,University,IT Management / Director
Project Manager,contract,hourly,1,mid_level,124800.0,5.0,University,Project / Program Management
Senior Vice President; Senior Technology Manager,fulltime,yearly,1,senior_level,211700.0,5.0,Online/Courses,IT Management / Director
Vice President; Software Engineer,fulltime,yearly,1,senior_level,174980.0,5.0,Online/Courses,Software Development
IT Specialist,fulltime,hourly,0,executive_level,58240.0,2.0,University,Consulting / Specialist
IT Administrator,fulltime,hourly,0,executive_level,56160.0,2.0,University,General IT / Other IT Role
Solution Manager - Mandarin,fulltime,yearly,1,senior_level,80000.0,3.0,University,IT Management / Director
Senior Product Trainer (f/m/d)*,internship,yearly,0,senior_level,140000.0,5.0,University,Data & Analytics
Level 1 Technical Support,"fulltime, contract",hourly,0,executive_level,55120.0,1.0,University,IT Support / Helpdesk
Sr Technical Services Project manager,fulltime,yearly,1,senior_level,143550.0,6.0,University,Project / Program Management
Oracle SCM Senior Functional Consultant,internship,yearly,0,senior_level,93500.0,4.0,University,Consulting / Specialist
Sr. Product Manager - Facility Management Software,fulltime,yearly,1,mid_level,160000.0,8.0,University,IT Management / Director
Clinical Decision Support Specialist,fulltime,yearly,0,senior_level,70545.0,3.0,University,IT Support / Helpdesk
"Senior Product Manager, Big Data Optimization",temporary,yearly,1,senior_level,174107.0,10.0,University,Data & Analytics
IS Field Support Technician,"fulltime, contract",hourly,0,entry_level,44720.0,1.0,University,IT Support / Helpdesk
Project Manager,contract,hourly,1,senior_level,140400.0,8.0,University,Project / Program Management
Senior Security Analyst (State of SC),contract,hourly,0,mid_level,140400.0,5.0,University,Cybersecurity
Product Manager II,internship,yearly,0,senior_level,130000.0,3.0,University,IT Management / Director
IS Field Support Technician,"fulltime, contract",hourly,0,entry_level,43680.0,1.0,University,IT Support / Helpdesk
"Manager, Global Application Support",internship,yearly,0,senior_level,160000.0,12.0,University,IT Support / Helpdesk
End User Experience Analyst I,fulltime,yearly,0,executive_level,55794.0,2.0,University,Other / Miscellaneous
Managing Principal - Cybersecurity,internship,yearly,0,senior_level,220500.0,12.0,University,Cybersecurity
Scrum Master/IT Project Manager with Guidewire,"fulltime, contract",hourly,0,senior_level,130000.0,5.0,University,Project / Program Management
Senior SailPoint Application Administrator Lead (Remote),contract,yearly,1,senior_level,116453.5,7.0,University,Data & Analytics
CI Trainer,fulltime,yearly,0,mid_level,69073.0,3.0,University,Data & Analytics
Integrated Security Project Engineer,fulltime,yearly,0,mid_level,80817.0,1.0,University,Cybersecurity
Project Manager - Human Resources,fulltime,yearly,0,senior_level,99466.5,4.0,University,Project / Program Management
WX Program Manager,fulltime,yearly,0,senior_level,95915.0,3.0,University,Project / Program Management
IT Support Analyst,internship,yearly,1,mid_level,56686.0,2.0,University,IT Support / Helpdesk
Senior Systems Developer (HPE/Tandem Nonstop),fulltime,yearly,0,mid_level,100032.0,6.0,University,Software Development
Senior Telecommunications Administrator (Engineer) - IT/S,fulltime,yearly,0,senior_level,92316.0,7.0,Online/Courses,General IT / Other IT Role
Director - Salesforce Engineering,fulltime,yearly,0,senior_level,244022.5,10.0,University,IT Management / Director
Site IT Analyst,fulltime,yearly,0,senior_level,47637.5,0.0,University,General IT / Other IT Role
Anaplan Solution Architect ORLead Developer,contract,hourly,0,senior_level,169520.0,7.0,University,Software Development
Director of Engineering,fulltime,yearly,0,senior_level,128168.5,5.0,University,IT Management / Director
Information Technology Technician - Warehouse Onsite,fulltime,yearly,0,mid_level,75000.0,2.0,University,IT Support / Helpdesk
Deputy Chief Information Officer,fulltime,yearly,1,senior_level,124004.5,15.0,University,IT Management / Director
IT Manager,fulltime,yearly,1,senior_level,117500.0,5.0,University,IT Management / Director
Project Manager,fulltime,yearly,1,senior_level,87000.0,20.0,Online/Courses,Project / Program Management
Project Manager,fulltime,yearly,1,senior_level,108890.5,5.0,University,Project / Program Management
IT Project Manager II,fulltime,yearly,1,senior_level,97500.0,2.0,University,Project / Program Management
Service Desk Analyst,contract,hourly,0,mid_level,65520.0,2.0,University,IT Support / Helpdesk
Integration Project Manager,fulltime,yearly,0,senior_level,94184.5,2.0,University,Project / Program Management
Sr. Boomi integration Developer – R01544398,temporary,hourly,1,senior_level,171600.0,7.0,University,Software Development
Dynamics CRM Configuration Specialist,fulltime,yearly,1,mid_level,128500.0,5.0,University,Consulting / Specialist
Business Systems Analyst,fulltime,yearly,0,senior_level,60000.0,3.0,University,General IT / Other IT Role
Project Manager,fulltime,yearly,1,senior_level,82500.0,1.0,University,Project / Program Management
Technical Reviewer II Product Certification,fulltime,yearly,0,senior_level,66475.5,2.0,University,General IT / Other IT Role
Temp - Technical Support Specialist,"temporary, fulltime, contract",yearly,0,senior_level,59697.0,3.0,High School,IT Support / Helpdesk
IT Pro 3-App/Software Dev,fulltime,yearly,0,senior_level,85458.0,4.0,Online/Courses,General IT / Other IT Role
Jr. Scrum Master,fulltime,yearly,0,mid_level,101859.0,2.0,University,Project / Program Management
Program Manager (Salesforce),contract,hourly,1,senior_level,156000.0,1.0,University,Project / Program Management
Senior Systems Engineer - Hypersonics,fulltime,yearly,0,senior_level,121990.0,8.0,University,Network & Systems
Senior Systems Engineer - Hypersonics,fulltime,yearly,0,senior_level,116293.5,8.0,University,Network & Systems
Hybrid Linux and Microsoft Support Administrator,fulltime,yearly,1,executive_level,108000.0,7.0,University,IT Support / Helpdesk
Field Services Engineer,fulltime,yearly,1,executive_level,70000.0,4.0,University,General IT / Other IT Role
Information Technology Specialist I,fulltime,yearly,0,mid_level,47518.5,3.0,University,Consulting / Specialist
Project Manager IV - Remote,fulltime,yearly,1,senior_level,112049.0,10.0,University,Project / Program Management
IT Project Manager,contract,hourly,1,senior_level,117520.0,5.0,University,Project / Program Management
"Manager, IT Security (Vulnerability Assessment and Offensive Security)",fulltime,hourly,1,senior_level,139360.0,5.0,University,Cybersecurity
Network Operations Analyst,contract,hourly,0,senior_level,67600.0,2.0,University,Network & Systems
Project Manager,fulltime,yearly,1,senior_level,117500.0,10.0,University,Project / Program Management
Cyber Security Analyst,fulltime,yearly,0,executive_level,127255.0,5.0,University,Cybersecurity
"Senior Manager, Strategic Applications",fulltime,yearly,1,mid_level,148089.0,10.0,University,IT Management / Director
IT Generalist I - Remote,fulltime,yearly,1,senior_level,45484.5,0.0,High School,General IT / Other IT Role
Project Manager II,fulltime,yearly,0,senior_level,93155.5,2.0,University,Project / Program Management
Linux Administrator,contract,hourly,1,executive_level,67600.0,8.0,University,Other / Miscellaneous
"Staff Product Manager, Payments",fulltime,yearly,1,senior_level,210000.0,5.0,Online/Courses,IT Management / Director
"Network Operator - (Hybrid - Rancho Cordova, CA)",fulltime,yearly,1,senior_level,95750.0,5.0,University,Network & Systems
System Administrator,fulltime,yearly,0,mid_level,75920.0,1.0,University,Network & Systems
Quality Systems Engineer,internship,yearly,0,senior_level,98433.5,4.0,University,Network & Systems
Technical Trainer,fulltime,yearly,0,mid_level,53167.0,3.0,High School,Data & Analytics
Program Manager,fulltime,yearly,1,senior_level,126900.0,15.0,University,Project / Program Management
Software Support Specialist,fulltime,yearly,1,senior_level,53500.0,1.0,University,IT Support / Helpdesk
"State of Utah - ServiceNow Developer - UDC - KSSOW 25019 - 137779 - West Jordan, UT",contract,hourly,1,mid_level,145600.0,1.0,University,Software Development
IT Service Desk Analyst,fulltime,yearly,1,mid_level,63382.5,3.0,University,IT Support / Helpdesk
Application Support Specialist,fulltime,yearly,0,mid_level,61901.0,2.0,University,IT Support / Helpdesk
"Project Manager, Engineering Support",contract,hourly,1,senior_level,112320.0,5.0,University,IT Support / Helpdesk
Senior Project Manager,internship,yearly,1,senior_level,120000.0,7.0,University,Project / Program Management
Flutter Engineer,contract,hourly,0,senior_level,114400.0,3.0,University,General IT / Other IT Role
"VP, Analytics - Network Solutions, Health & Wellness",internship,yearly,1,mid_level,230000.0,13.0,High School,Network & Systems
Digital Infrastructure and Development Specialist (On-Site),fulltime,hourly,0,senior_level,49920.0,3.0,University,Network & Systems
Accounting Software Implementation Specialist,fulltime,hourly,1,senior_level,46800.0,5.0,University,Consulting / Specialist
"Cloud Solution Architecture: Full-Time Opportunity - Las Colinas, TX",fulltime,yearly,0,executive_level,107550.0,1.0,University,General IT / Other IT Role
"Cloud Solution Architecture: Full-Time MBA Opportunity - New York, NY",fulltime,yearly,0,executive_level,133200.0,2.0,University,General IT / Other IT Role
Senior Technical Hardware Program Manager - Display,fulltime,yearly,0,senior_level,183700.0,4.0,University,Project / Program Management
Datacenter Network Program Manager,fulltime,yearly,0,senior_level,161400.0,3.0,High School,Network & Systems
Principal Product Manager - Microsoft Shopping,fulltime,yearly,0,senior_level,215800.0,8.0,Online/Courses,IT Management / Director
Datacenter Project Manager,fulltime,yearly,0,senior_level,130000.0,2.0,High School,Project / Program Management
"Cloud Solution Architecture: Full-Time Opportunity - Chicago, Dallas",fulltime,yearly,0,executive_level,107550.0,1.0,University,General IT / Other IT Role
Application Administrator 2,fulltime,yearly,1,senior_level,100000.0,5.0,University,Other / Miscellaneous
"Deployment Lead, Air Defense",fulltime,yearly,0,mid_level,135000.0,5.0,University,Data & Analytics
System Engineer - NGA,internship,yearly,0,mid_level,140400.0,8.0,Online/Courses,General IT / Other IT Role
Technical Consultant - Enterprise GIS,internship,yearly,0,executive_level,112580.0,5.0,Online/Courses,Consulting / Specialist
"Principal Product Manager, New Product (B2B GenAI platform)",fulltime,yearly,1,senior_level,177378.0,5.0,University,Data & Analytics
"Product Lead, New Product (B2B GenAI platform)",fulltime,yearly,1,senior_level,149338.5,5.0,University,Data & Analytics
Project Manager II,fulltime,yearly,0,senior_level,94000.0,4.0,University,Project / Program Management
"Principal, NetSuite Consultant (Remote)",internship,yearly,1,senior_level,150000.0,3.0,University,Consulting / Specialist
"Outsourced Solutions and Managed Services Director, Transition Lead",fulltime,yearly,0,entry_level,194450.0,1.0,University,IT Management / Director
Principal IT Developer - webMethods,fulltime,yearly,0,senior_level,147000.0,7.0,University,Software Development
IT Audit and Assurance Manager,internship,yearly,0,mid_level,137600.0,5.0,University,IT Management / Director
"Founding Product Manager, B2B GenAI platform",fulltime,yearly,1,senior_level,142627.0,5.0,University,Data & Analytics
Sr. Project Manager (Hybrid),contract,hourly,0,mid_level,158080.0,1.0,University,Project / Program Management
"Principal Product Manager, New Product (B2B GenAI platform)P",fulltime,yearly,1,senior_level,170014.5,5.0,University,Data & Analytics
Spectrum Manager,temporary,yearly,1,mid_level,98145.5,5.0,University,IT Management / Director
Service Desk Technician Level 3,fulltime,yearly,1,executive_level,75000.0,1.0,University,IT Support / Helpdesk
"Communications Network Program Manager, Senior",fulltime,yearly,1,senior_level,123800.0,8.0,University,Network & Systems
IT Customer Support Lead,fulltime,yearly,1,senior_level,98700.0,4.0,University,IT Support / Helpdesk
Developer,contract,yearly,1,senior_level,130000.0,2.0,University,Software Development
IT Support Specialist,fulltime,yearly,0,mid_level,49586.0,2.0,University,IT Support / Helpdesk
Help Desk Technician (Level I),parttime,hourly,0,entry_level,36400.0,3.0,University,IT Support / Helpdesk
Task Manager 3,contract,yearly,0,entry_level,109688.0,5.0,University,IT Management / Director
Consultant,internship,yearly,0,senior_level,114478.5,5.0,University,Consulting / Specialist
Cybersecurity Engineer,fulltime,yearly,0,senior_level,115000.0,5.0,University,Cybersecurity
Task Manager 2,contract,yearly,0,senior_level,96337.0,3.0,University,IT Management / Director
AWS Cloud Security Engineer (exp must be > 12+ Years),"fulltime, contract",yearly,1,senior_level,136598.0,12.0,University,Cybersecurity
Systems Engineer,fulltime,yearly,1,senior_level,101030.5,3.0,University,Network & Systems
Product Owner,"fulltime, contract",hourly,1,senior_level,112320.0,5.0,University,Other / Miscellaneous
IT Project Engineer,fulltime,yearly,0,executive_level,55000.0,3.0,University,General IT / Other IT Role
ArcGIS Senior Consultant,contract,hourly,0,senior_level,140400.0,10.0,Online/Courses,Consulting / Specialist
Senior Project Manager,fulltime,yearly,1,senior_level,112000.0,5.0,University,Project / Program Management
IT Manager,fulltime,yearly,0,senior_level,120000.0,10.0,University,IT Management / Director
Senior Product Manager,fulltime,yearly,1,senior_level,129500.0,7.0,University,IT Management / Director
"Associate Strategic Sourcing Manager, IT",fulltime,yearly,0,mid_level,89837.5,4.0,University,IT Management / Director
"Manager, Engineering - Visibility",internship,yearly,1,senior_level,204600.0,8.0,University,IT Management / Director
System Analyst,fulltime,yearly,0,mid_level,101032.5,3.0,University,Other / Miscellaneous
Communications Systems Engineer,fulltime,yearly,0,executive_level,150575.0,15.0,University,Network & Systems
Communications Systems Engineer,fulltime,yearly,0,executive_level,106297.5,5.0,University,Network & Systems
Cyber Security Analyst (Bank/Financial Services),"fulltime, contract",hourly,0,senior_level,197600.0,5.0,University,Cybersecurity
Cyber Security Analyst (Bank/Financial Services),"fulltime, contract",hourly,0,senior_level,197600.0,5.0,University,Cybersecurity
IT Specialist,fulltime,yearly,0,senior_level,81015.0,2.0,Online/Courses,Consulting / Specialist
IT Specialist (College Graduate),fulltime,yearly,0,mid_level,65153.0,2.0,High School,Consulting / Specialist
Information Technology Specialist,fulltime,yearly,0,mid_level,77141.5,5.0,Online/Courses,Consulting / Specialist
SUPERVISORY IT CYBERSECURITY SPECIALIST (INFOSEC),"parttime, fulltime, contract",yearly,0,senior_level,177932.0,1.0,Online/Courses,Cybersecurity
SUPV IT SPECIALIST (CUSTSPT),temporary,yearly,0,mid_level,122382.0,1.0,Online/Courses,Consulting / Specialist
Technical Trainer (Software Development),"fulltime, contract",hourly,0,entry_level,145600.0,5.0,Online/Courses,Data & Analytics
IT Specialist (INFOSEC),fulltime,yearly,0,mid_level,135658.0,3.0,Online/Courses,Cybersecurity
Program Manager Enterprise level Healthcare,fulltime,hourly,0,senior_level,119600.0,5.0,University,Project / Program Management
Senior NetSuite Developer,fulltime,yearly,1,senior_level,142500.0,4.0,University,Software Development
Junior Salesforce Administrator/Admin in Training,fulltime,yearly,1,entry_level,67500.0,1.0,University,Data & Analytics
"Specialist, Cyber Infrastructure Systems Engineer",fulltime,yearly,1,mid_level,111500.0,4.0,University,Network & Systems
Customer Advocate Director,fulltime,yearly,1,mid_level,246000.0,10.0,Online/Courses,IT Management / Director
Director of Automation Engineering,temporary,yearly,0,mid_level,195000.0,0.0,University,IT Management / Director
Technical Support Representative,fulltime,hourly,0,mid_level,52000.0,3.0,High School,IT Support / Helpdesk
Mainframe ACF2 Consultant,contract,yearly,0,senior_level,115052.5,8.0,University,Data & Analytics
IT Analyst,fulltime,yearly,1,executive_level,59000.0,1.0,University,General IT / Other IT Role
"Dean of Business, IT, Education, and Customized Training",fulltime,yearly,1,senior_level,121826.5,1.0,University,Data & Analytics
IT Support Technician II,fulltime,hourly,0,mid_level,62400.0,1.0,University,IT Support / Helpdesk
Sr Business Systems Analyst,fulltime,yearly,0,entry_level,120000.0,6.0,University,General IT / Other IT Role
Technical Trainer,contract,yearly,0,senior_level,111933.5,5.0,University,Data & Analytics
B2B Product Manager - Houston,fulltime,yearly,0,senior_level,92242.0,2.0,University,IT Management / Director
IT Infrastructure Engineer,contract,hourly,0,executive_level,109200.0,10.0,University,Network & Systems
Office 365 Administrator,fulltime,yearly,1,mid_level,97500.0,5.0,University,Other / Miscellaneous
"IT Security Specialist - Qualys (Hybrid, Houston or Dallas TX)",fulltime,yearly,1,mid_level,95740.0,4.0,High School,Cybersecurity
Architect Dynamics 365 - Finance and Operations,fulltime,yearly,0,entry_level,160000.0,8.0,University,General IT / Other IT Role
Enterprise Engagement Manager,fulltime,yearly,0,senior_level,118310.5,7.0,University,IT Management / Director
Systems Engineer,fulltime,yearly,0,senior_level,128786.0,2.0,University,Network & Systems
Security Analyst 1 - Central,fulltime,yearly,0,senior_level,75071.0,2.0,University,Cybersecurity
"Manager, Technology & Data Project",fulltime,yearly,0,senior_level,133000.0,5.0,University,Data & Analytics
Information Technology Support Specialist,fulltime,hourly,1,senior_level,55120.0,1.0,University,IT Support / Helpdesk
Project Manager,fulltime,yearly,0,mid_level,85729.5,2.0,University,Project / Program Management
"Identity, Credential, and Access Management (ICAM) Engineer- SailPoint",fulltime,yearly,0,senior_level,123357.5,3.0,University,Data & Analytics
Security Manager,fulltime,yearly,0,mid_level,113404.0,7.0,University,Cybersecurity
Technical Trainer,"parttime, fulltime",yearly,0,entry_level,78589.5,3.0,University,Data & Analytics
IT Auditor,"parttime, fulltime",yearly,0,entry_level,115345.0,5.0,University,General IT / Other IT Role
Senior Learning System Administrator,internship,yearly,0,senior_level,136000.0,10.0,Online/Courses,Network & Systems
Information Technology Network Administrator,fulltime,yearly,1,senior_level,64228.0,3.0,High School,Network & Systems
IT Infrastructure Engineer,contract,hourly,0,executive_level,145600.0,7.0,University,Network & Systems
Radiant Logic Engineer (Hybrid) - Secret Cleared,"fulltime, contract",yearly,0,senior_level,130000.0,3.0,University,General IT / Other IT Role
Enterprise Architect / Solution Architect with Java and Angular,"fulltime, contract",yearly,0,senior_level,157500.0,20.0,University,Software Development
Desktop Administrator,contract,hourly,1,executive_level,67600.0,3.0,University,Other / Miscellaneous
Mainframe Analyst,contract,hourly,0,senior_level,109200.0,5.0,University,Data & Analytics
Systems Engineer,fulltime,yearly,1,senior_level,102125.0,2.0,University,Network & Systems
Consultant - Natural Resources,internship,yearly,0,senior_level,112580.0,5.0,Online/Courses,Consulting / Specialist
Azure System Admin,fulltime,yearly,1,mid_level,107123.5,8.0,University,Other / Miscellaneous
IT Field Technician,fulltime,yearly,1,entry_level,47500.0,1.0,University,IT Support / Helpdesk
Solution Architect / Enterprise Architect With Java,"fulltime, contract",yearly,0,senior_level,155000.0,20.0,University,Software Development
Associate Agilist,fulltime,yearly,0,mid_level,71880.0,2.0,University,Other / Miscellaneous
Sr. Performance Engineer,fulltime,yearly,0,senior_level,143234.5,10.0,University,General IT / Other IT Role
Sr. Technical Analyst,fulltime,yearly,0,senior_level,106996.5,5.0,University,General IT / Other IT Role
Systems Engineer II Broadcast,internship,yearly,1,senior_level,116900.0,3.0,University,Network & Systems
Senior Product Solutions Manager,internship,yearly,0,senior_level,139320.5,5.0,University,IT Management / Director
Salesforce Marketing cloud lead developer,contract,hourly,1,senior_level,137280.0,6.0,University,Software Development
"8+years GIS Applications Developer -PHOENIX, Arizona(Hybrid)",contract,hourly,0,senior_level,88400.0,8.0,University,Software Development
Sr. Product Manager - OEM,fulltime,yearly,0,senior_level,112621.0,7.0,University,IT Management / Director
Security Account Manager,fulltime,yearly,0,senior_level,70500.0,4.0,University,Cybersecurity
Project Manager I - Provider Network,fulltime,yearly,1,senior_level,75550.0,0.0,University,Network & Systems
Senior Business Systems Analyst,fulltime,yearly,1,senior_level,119300.0,6.0,University,General IT / Other IT Role
"System Development Engineer II, Workplace Productivity/Collaboration Platform, Enterprise Engineering",fulltime,yearly,0,senior_level,158750.0,5.0,University,General IT / Other IT Role
Sr. Distinguished Engineer - Financial Services (Remote Eligible),fulltime,yearly,1,mid_level,291650.0,9.0,University,General IT / Other IT Role
"Senior Platform Engineer, Workday (Integrations)",fulltime,yearly,0,mid_level,152100.0,4.0,High School,General IT / Other IT Role
IT Test Lead,fulltime,yearly,0,senior_level,191339.0,9.0,University,General IT / Other IT Role
Identity Access Management Project Lead,internship,yearly,0,senior_level,152137.0,2.0,University,General IT / Other IT Role
Enterprise Architect - DoDAF Specialist,internship,yearly,0,mid_level,116531.5,5.0,University,Consulting / Specialist
Systems Engineer I,fulltime,yearly,1,mid_level,85000.0,3.0,University,Network & Systems
Remote Cyber Security Engineer -SOAR,fulltime,yearly,1,mid_level,121500.0,5.0,University,Cybersecurity
"Principal Product Manager - Tech, Core Player CX and Linear TV, Prime Video Viewer Experience",fulltime,yearly,0,senior_level,220900.0,2.0,University,IT Management / Director
"Principal Product Manager, Technical, Prime Video Search",fulltime,yearly,0,senior_level,220900.0,10.0,University,IT Management / Director
Scrum Master,fulltime,yearly,1,senior_level,117450.0,7.0,Online/Courses,Project / Program Management
Business Systems Application Manager,fulltime,yearly,1,senior_level,116700.0,10.0,Online/Courses,IT Management / Director
Remote Test Lead Cyber Security Engineer SME III,fulltime,yearly,1,mid_level,145292.0,8.0,University,Cybersecurity
Cybersecurity Incident Response Team (CIRT) Incident Response Analyst,fulltime,yearly,0,mid_level,119000.0,7.0,University,Cybersecurity
Cyber Security Tester-Remote,fulltime,yearly,1,mid_level,136925.5,8.0,University,Cybersecurity
"Cybersecurity Incident Response Team (CIRT) Incident Response Analyst - Seaside, CA",fulltime,yearly,0,mid_level,143916.5,7.0,University,Cybersecurity
Information Assurance Analyst II-JFHQ/DODIN Operations,fulltime,yearly,0,mid_level,121215.5,5.0,University,Other / Miscellaneous
"Manager, Prog/Project",contract,yearly,1,senior_level,140000.0,5.0,University,IT Management / Director
Director of Service Delivery,fulltime,yearly,0,senior_level,85000.0,2.0,University,IT Management / Director
Technical Support Team Lead,fulltime,yearly,1,mid_level,69500.0,3.0,Online/Courses,IT Support / Helpdesk
Development Tech lead,contract,yearly,0,senior_level,149765.5,7.0,University,General IT / Other IT Role
Task Order Project Manager,fulltime,yearly,0,senior_level,122452.0,5.0,University,Project / Program Management
Technical Platform Manager,fulltime,yearly,1,senior_level,133265.0,10.0,Online/Courses,IT Management / Director
"Sr. Manager, Corporate Security",fulltime,yearly,0,senior_level,138717.0,6.0,University,Cybersecurity
"Senior Financial Analyst, Information Technology",internship,yearly,0,senior_level,79787.0,3.0,University,General IT / Other IT Role
Sr. Systems Engineer,internship,yearly,1,senior_level,122596.0,7.0,Online/Courses,Network & Systems
Information Technology Network Administrator,fulltime,yearly,1,senior_level,58473.0,3.0,High School,Network & Systems
"Senior Analyst, Prospecting",internship,yearly,1,senior_level,93618.0,2.0,University,Other / Miscellaneous
Client Technical Support Associate,internship,yearly,0,mid_level,56000.0,2.0,Online/Courses,IT Support / Helpdesk
SENIOR PRODUCT MANAGER MIT,fulltime,yearly,0,mid_level,157500.0,0.0,University,IT Management / Director
Jr. Salesforce Administrator,fulltime,weekly,0,mid_level,1100.0,2.0,University,Other / Miscellaneous
HRIS Administrator,fulltime,yearly,0,senior_level,88309.0,3.0,University,Other / Miscellaneous
Security Analyst,fulltime,yearly,0,entry_level,70502.5,4.0,University,Cybersecurity
Web Security Specialist,fulltime,yearly,0,entry_level,65439.5,3.0,University,Cybersecurity
Systems Administrator,fulltime,yearly,0,entry_level,76947.5,3.0,University,Network & Systems
Network Security Specialist,"parttime, fulltime",yearly,0,entry_level,59965.5,3.0,University,Network & Systems
Product Development Manager,"parttime, fulltime",yearly,0,mid_level,127384.5,7.0,University,IT Management / Director
Data Security Specialist,"parttime, fulltime",yearly,0,entry_level,64897.0,4.0,University,Cybersecurity
Storage Management Specialist,fulltime,yearly,0,entry_level,79423.0,3.0,University,Consulting / Specialist
Systems Architect,fulltime,yearly,0,entry_level,131746.0,7.0,University,General IT / Other IT Role
IT Business Planning Manager,"parttime, fulltime",yearly,0,mid_level,116703.5,7.0,University,IT Management / Director
Groupware Specialist,"parttime, fulltime",yearly,0,entry_level,68075.5,2.0,University,Consulting / Specialist
Systems Security Specialist,"parttime, fulltime",yearly,0,entry_level,63632.0,2.0,University,Cybersecurity
Enterprise Architecture Director,fulltime,yearly,0,senior_level,154466.0,10.0,University,IT Management / Director
Security Architect,fulltime,yearly,0,senior_level,95000.0,5.0,University,Cybersecurity
Senior Systems Analyst,fulltime,yearly,0,senior_level,94658.0,8.0,University,General IT / Other IT Role
Site Support Specialist,fulltime,yearly,0,mid_level,53184.5,2.0,University,IT Support / Helpdesk
IT Specialist,fulltime,yearly,1,mid_level,61766.0,2.0,University,Consulting / Specialist
Senior Program Manager (RI 0537A),"fulltime, contract",hourly,1,senior_level,114400.0,10.0,University,Project / Program Management
Rhapsody Development and Support Consultant,contract,hourly,0,senior_level,119600.0,2.0,University,IT Support / Helpdesk
Product Support Specialist,fulltime,yearly,1,senior_level,71819.0,2.0,University,IT Support / Helpdesk
"CRM Operations Director, DRM and Strategy",fulltime,yearly,0,senior_level,234000.0,8.0,University,IT Management / Director
Network Engineer - Zero to Three years experience,fulltime,yearly,1,senior_level,95000.0,0.0,University,Network & Systems
INCIDENT RESPONSE ENGINEER,fulltime,yearly,0,entry_level,148750.0,5.0,University,General IT / Other IT Role
"Senior Network Architect & Engineer - Castle Rock, CO (Hybrid)",fulltime,yearly,0,senior_level,110000.0,4.0,University,Network & Systems
Security Manager,fulltime,yearly,0,senior_level,113404.0,7.0,University,Cybersecurity
Technical Trainer,"parttime, fulltime",yearly,0,entry_level,82652.0,3.0,University,Data & Analytics
Information Systems Security Manager,fulltime,yearly,0,senior_level,187500.0,10.0,University,Cybersecurity
Help Desk Technician (Tier 1),internship,hourly,0,mid_level,38480.0,6.0,University,IT Support / Helpdesk
Systems Integrator,fulltime,yearly,0,executive_level,96280.5,3.0,University,General IT / Other IT Role
"Senior Manager, Systems Infrastructure & Security",fulltime,yearly,0,senior_level,192500.0,5.0,University,Network & Systems
Computer Network Defense Analyst (CNDA): Level 1-4,internship,yearly,0,mid_level,108931.0,2.0,University,Network & Systems
"Director Product Owner, Intelligent Automation",fulltime,yearly,0,mid_level,212743.5,8.0,University,IT Management / Director
IT Systems Administrator,fulltime,hourly,0,mid_level,62400.0,2.0,University,Network & Systems
Senior Technical Program Manager,fulltime,yearly,1,senior_level,189000.0,3.0,University,Project / Program Management
"Sr Analyst, IT Product Construction",fulltime,yearly,0,senior_level,83952.5,5.0,Online/Courses,General IT / Other IT Role
"Manager, Program",fulltime,yearly,0,senior_level,105418.0,5.0,Online/Courses,IT Management / Director
"The Vice President, IT Infrastructure and Security Operations, Chief Technology Officer (CTO)",fulltime,yearly,0,senior_level,193625.0,12.0,University,Network & Systems
IT Field Technician,"parttime, fulltime, contract",hourly,0,mid_level,49920.0,2.0,University,IT Support / Helpdesk
Client Director – Retail,fulltime,yearly,0,senior_level,224540.0,10.0,University,Data & Analytics
"Fleet Manager, Technology Specialist",fulltime,yearly,0,senior_level,103519.5,4.0,University,IT Management / Director
"Executive Director, Product Director – Digital Payments",fulltime,yearly,0,mid_level,232750.0,4.0,University,IT Management / Director
"Specialist, Projects Sr.",fulltime,yearly,0,senior_level,72152.0,1.0,University,Consulting / Specialist
"Project Manager, Store Growth",fulltime,yearly,1,senior_level,80000.0,3.0,University,Project / Program Management
Sr. Manager Information Security Engineering,internship,yearly,1,senior_level,168391.0,10.0,University,Cybersecurity
Workday Payroll Consultant,fulltime,yearly,0,entry_level,148410.0,3.0,University,Consulting / Specialist
"Workday AMS Integrations, Security and Reporting Delivery Lead",fulltime,yearly,0,senior_level,161662.5,7.0,University,Cybersecurity
"Operations & Technology Transformation, Guidewire Application Java Developer - Consultant",fulltime,yearly,0,mid_level,124300.0,2.0,University,Software Development
Compliance Helpdesk Associate Analyst,fulltime,yearly,0,mid_level,62050.0,0.0,University,Other / Miscellaneous
Health Technology Manager,fulltime,yearly,0,senior_level,187448.5,7.0,University,IT Management / Director
SME Cyber Technologist,fulltime,yearly,0,senior_level,158290.5,3.0,University,General IT / Other IT Role
Digital Technical Program Sr Lead Analyst - C14,fulltime,yearly,1,mid_level,212000.0,1.0,University,General IT / Other IT Role
Infra Tech Lead Analyst - VP,fulltime,yearly,0,senior_level,157200.0,2.0,University,IT Management / Director
Cybersecurity Operations Senior Solutions Architect – Senior Vice President,fulltime,yearly,0,senior_level,220900.0,8.0,University,Cybersecurity
MedSSI: Sr. IT Systems Administrator,fulltime,yearly,1,senior_level,108028.5,9.0,University,Network & Systems
Sr. Network Engineer (Wireless),fulltime,yearly,1,senior_level,127648.5,5.0,University,Network & Systems
DIGITAL PRODUCT MANAGER,fulltime,yearly,0,mid_level,134750.0,0.0,University,IT Management / Director
Cloud DevOps and System Administrator,fulltime,yearly,0,mid_level,129166.5,8.0,University,Network & Systems
Network Engineer,fulltime,yearly,0,mid_level,116454.5,20.0,University,Network & Systems
Senior IT Engineer (Server/Network),fulltime,yearly,1,senior_level,130000.0,1.0,University,Network & Systems
Senior Salesforce Administrator,fulltime,yearly,1,senior_level,88392.0,7.0,Online/Courses,Other / Miscellaneous
"Product Management - Senior Manager, Platform Development",fulltime,yearly,1,senior_level,118036.5,7.0,Online/Courses,IT Management / Director
Client Director – Retail,fulltime,yearly,0,senior_level,224540.0,10.0,University,Data & Analytics
Industrial Network Engineer,fulltime,yearly,0,entry_level,107500.0,5.0,University,Network & Systems
Sr. SAP PEO/PP Application Consultant,fulltime,yearly,0,senior_level,166750.0,7.0,University,Consulting / Specialist
Business Processes Senior Consultant--EAM,fulltime,yearly,0,senior_level,166750.0,5.0,University,Consulting / Specialist
Senior Cyber Security and Automation Engineer,fulltime,yearly,0,senior_level,181850.0,7.0,University,Cybersecurity
Business Process Senior Consultant - HANA Platform,fulltime,yearly,0,senior_level,185600.0,8.0,University,Consulting / Specialist
Chief Technology Officer (CTO) - Contract Position,"fulltime, contract",hourly,1,entry_level,59280.0,1.0,University,IT Management / Director
IT Audit and Compliance Analyst,internship,yearly,0,senior_level,86103.0,1.0,University,General IT / Other IT Role
AEM Developer - Staff - Consulting - Location OPEN,internship,yearly,0,senior_level,108900.0,0.0,Online/Courses,Software Development
Government and Public Sector - Technology Consulting- Technical lead- Senior,internship,yearly,0,senior_level,156400.0,5.0,Online/Courses,IT Management / Director
Technology Technical Professional (Lead - Manager),fulltime,yearly,0,mid_level,123531.0,8.0,University,IT Management / Director
Director of Cybersecurity Risk Management,internship,yearly,0,senior_level,179000.0,10.0,University,Cybersecurity
"Senior Product Manager, Treasury",fulltime,yearly,0,senior_level,175350.0,5.0,University,IT Management / Director
Cyber/Indications and Warnings Analyst,fulltime,yearly,0,mid_level,106258.0,3.0,University,General IT / Other IT Role
French teacher with a NYS teacher certification or able to get it,"temporary, parttime, fulltime, contract",hourly,0,senior_level,57200.0,1.0,University,General IT / Other IT Role
Gigamon Security Engineer,internship,yearly,1,mid_level,128321.5,7.0,University,Cybersecurity
CRM Manager- Real Estate Marketing,contract,hourly,1,senior_level,80080.0,3.0,Online/Courses,IT Management / Director
Senior Technical Support Engineer,fulltime,yearly,1,senior_level,121764.0,4.0,Online/Courses,IT Support / Helpdesk
Application Engineer Elite 3E,fulltime,yearly,0,senior_level,125000.0,5.0,University,General IT / Other IT Role
Application Analyst (Hybrid based),internship,yearly,0,senior_level,82939.5,3.0,University,Other / Miscellaneous
Enterprise Architect,contract,hourly,1,senior_level,135200.0,7.0,University,Consulting / Specialist
IT User Support Technician,fulltime,yearly,1,mid_level,52836.0,2.0,High School,IT Support / Helpdesk
Project Manager Service II,internship,yearly,0,mid_level,100382.0,0.0,University,Project / Program Management
"Senior Product Manager, AI Initiatives",fulltime,yearly,1,senior_level,140067.5,5.0,Online/Courses,Data & Analytics
Director of Security Operations,fulltime,yearly,0,senior_level,110264.0,8.0,University,Cybersecurity
Senior Project Manager,fulltime,yearly,0,senior_level,127666.5,6.0,University,Project / Program Management
Senior ICT Solutions Engineer,fulltime,yearly,0,senior_level,93043.5,5.0,University,General IT / Other IT Role
Senior Cyber Threat Intelligence Technical Analyst,internship,yearly,0,mid_level,175475.0,4.0,University,General IT / Other IT Role
"Sr Product Manager I, AI",internship,yearly,0,senior_level,171400.0,5.0,University,Data & Analytics
IAIS Specialist,fulltime,yearly,0,mid_level,72778.5,3.0,High School,Data & Analytics
Principal Network Administrator,fulltime,yearly,0,senior_level,143938.0,15.0,University,Network & Systems
Senior System Administrator,fulltime,yearly,0,senior_level,140005.0,11.0,University,Network & Systems
Remote Cyber Security Engineer - Software Supply Chain Risk Management,fulltime,yearly,1,mid_level,168430.0,8.0,University,Cybersecurity
Cyber Security Engineer (Splunk UBA),fulltime,yearly,0,mid_level,148163.5,5.0,University,Cybersecurity
Information Assurance/Security Analyst,fulltime,yearly,0,mid_level,103675.0,5.0,University,Cybersecurity
ServiceNow Developer - ITSM_ITAM_ITOM,contract,yearly,0,senior_level,125787.5,3.0,University,Software Development
Archer Engineer,contract,yearly,0,senior_level,103904.5,2.0,University,General IT / Other IT Role
Asset Systems Analyst,fulltime,yearly,0,senior_level,87169.5,8.0,Online/Courses,General IT / Other IT Role
Internal Technical Communicator,internship,yearly,0,mid_level,69990.0,5.0,High School,Intern / Entry Level
Project Manager I (Project Engineering),contract,yearly,0,senior_level,90131.5,5.0,Online/Courses,Project / Program Management
MID- LEVEL SYSTEM ENGINEER,fulltime,yearly,0,mid_level,95227.5,3.0,University,General IT / Other IT Role
HELP DESK SERVICE LEAD,fulltime,yearly,0,mid_level,71902.5,5.0,University,IT Support / Helpdesk
Lead IAM Governance Analyst,fulltime,yearly,1,senior_level,145986.0,5.0,University,Other / Miscellaneous
Data Privacy Manager,fulltime,yearly,1,mid_level,111617.5,10.0,Online/Courses,Data & Analytics
Cross Currency Solutions Product Manager- Payments- Vice President,fulltime,yearly,0,senior_level,161775.0,5.0,University,IT Management / Director
Technology Risk Investigations - Senior Associate,fulltime,yearly,0,mid_level,134500.0,3.0,University,General IT / Other IT Role
"Professor, Cyber Security (80%)/Program Coordinator (20%)",fulltime,yearly,0,executive_level,50575.0,6.0,Online/Courses,Cybersecurity
Support Engineer L1,contract,yearly,0,senior_level,73502.5,4.0,University,IT Support / Helpdesk
IT Manager for Automotive Dealership Group,fulltime,yearly,0,senior_level,90000.0,2.0,University,IT Management / Director
IT Desktop Technician Supervisor,fulltime,yearly,0,mid_level,82768.5,10.0,Online/Courses,IT Support / Helpdesk
"Program Manager, Infrastructure and Operations Enablement",fulltime,yearly,1,senior_level,164500.0,7.0,University,Network & Systems
Account Executive (IT & Cybersecurity),fulltime,yearly,0,senior_level,98734.0,5.0,Bootcamp,Cybersecurity
IT Support Specialist,fulltime,hourly,1,senior_level,48880.0,2.0,University,IT Support / Helpdesk
"Program Manager, Infrastructure and Operations Enablement",fulltime,yearly,1,senior_level,164500.0,7.0,University,Network & Systems
"SITEC, Requirements Analyst, Fort Liberty, NC",fulltime,yearly,0,mid_level,104000.0,2.0,High School,General IT / Other IT Role
Microsoft SharePoint Administrator,fulltime,yearly,1,mid_level,66500.0,0.0,Online/Courses,Other / Miscellaneous
Customer Technical Specialists,fulltime,yearly,1,mid_level,39000.0,0.0,University,Consulting / Specialist
Customer Technical Specialists,fulltime,yearly,1,mid_level,50500.0,0.0,University,Consulting / Specialist
Cloud Infrastructure Systems Administrator,fulltime,yearly,0,mid_level,104000.0,4.0,University,Network & Systems
"Senior Manager, Maritime & Destinations Cybersecurity",fulltime,yearly,0,senior_level,135459.0,8.0,University,Cybersecurity
"Senior Manager, Cloud Security Engineering",fulltime,yearly,0,senior_level,204479.0,5.0,University,Cybersecurity
Solution Area Specialists: MBA Full-time Opportunity,fulltime,yearly,0,senior_level,123500.0,2.0,University,Consulting / Specialist
Sr. Platform Engineer,internship,yearly,1,entry_level,139172.5,5.0,Online/Courses,General IT / Other IT Role
Systems Engineer,fulltime,yearly,0,senior_level,167500.0,8.0,University,Network & Systems
Network Engineer,fulltime,yearly,0,mid_level,160000.0,12.0,University,Network & Systems
"IT Support Specialist, Tier II",fulltime,hourly,0,senior_level,58240.0,3.0,University,IT Support / Helpdesk
Agile Project Manager,contract,hourly,0,senior_level,139360.0,5.0,University,Project / Program Management
WPS Advisor,internship,yearly,1,senior_level,119321.0,8.0,University,Other / Miscellaneous
Network Engineer,fulltime,yearly,0,mid_level,98253.5,6.0,University,Network & Systems
Systems Engineer - Lafayette,fulltime,yearly,0,executive_level,61553.0,2.0,University,Network & Systems
Product Manager,fulltime,yearly,1,mid_level,86810.5,3.0,University,IT Management / Director
LL-01-061024 - Maintenance Engineering Specialist (SAP & Maximo),fulltime,yearly,0,senior_level,120139.5,5.0,University,Data & Analytics
Target Digital Network Analyst (Levels I-IV),fulltime,yearly,0,entry_level,172500.0,5.0,High School,Network & Systems
Senior Network Engineer,contract,yearly,1,mid_level,135587.0,10.0,University,Network & Systems
Onsite Support Technician - III,fulltime,hourly,1,entry_level,96720.0,4.0,High School,IT Support / Helpdesk
Scrum Master,internship,yearly,1,senior_level,140000.0,4.0,University,Project / Program Management
"Senior, NetSuite Consultant (Remote)",internship,yearly,1,senior_level,125000.0,3.0,University,Consulting / Specialist
Salesforce Consultant,contract,yearly,0,executive_level,140731.0,8.0,University,Consulting / Specialist
IT Field Engineer,internship,yearly,1,mid_level,87500.0,7.0,University,General IT / Other IT Role
System Administrator/DRSN - NISSC II,fulltime,yearly,0,senior_level,70000.0,1.0,University,Network & Systems
System Administrator - NISSC II,fulltime,yearly,1,mid_level,100000.0,2.0,University,Network & Systems
Lead Infrastructure/Platform Service Engineer - NISSC II,fulltime,yearly,0,senior_level,200000.0,3.0,University,Network & Systems
"Technical Program Manager III, Network Capacity NPI, Google Cloud",fulltime,yearly,0,senior_level,176500.0,5.0,Online/Courses,Network & Systems
"Conversational AI Consultant, Google Cloud Professional Services",fulltime,yearly,0,senior_level,146000.0,3.0,University,Data & Analytics
"Senior Red Teamer, Google Public Sector",fulltime,yearly,1,senior_level,201000.0,10.0,University,IT Management / Director
Program Manager V,fulltime,yearly,0,senior_level,145000.0,10.0,University,Project / Program Management
"IAM Triage Engineer (Onsite based in Dallas, TX or remote if not local to DFW))",fulltime,yearly,1,senior_level,116272.0,8.0,University,General IT / Other IT Role
Information Technology Specialist,fulltime,yearly,0,mid_level,57962.5,2.0,High School,Consulting / Specialist
Platform Product Owner - IT Infrastructure,fulltime,yearly,0,senior_level,166300.0,2.0,University,Network & Systems
Distinguished Engineer - Capital One Travel,fulltime,yearly,0,mid_level,294200.0,7.0,University,General IT / Other IT Role
Sr Distinguished Engineer,fulltime,yearly,0,mid_level,344200.0,9.0,University,General IT / Other IT Role
"Principal Associate, Cyber Technical - Data Loss Prevention (Endpoint DLP)",fulltime,yearly,0,mid_level,176800.0,3.0,High School,Data & Analytics
"Director, Technical Program Management - Card Technology",fulltime,yearly,0,mid_level,232650.0,7.0,University,IT Management / Director
"Manager, Information Security Office Consultant (Machine Learning and AI Foundations)",fulltime,yearly,0,mid_level,215650.0,4.0,High School,Cybersecurity
Analyst Corporate Sustainability,internship,yearly,0,mid_level,84250.0,0.0,University,Data & Analytics
"IQVIA – IT Implementations Support Consultant - Las Vegas, NV",parttime,hourly,1,senior_level,70720.0,2.0,University,IT Support / Helpdesk
"Associate Director, Product Management",fulltime,yearly,1,mid_level,178600.0,7.0,University,IT Management / Director
"Senior IT Auditor, Clinical Research",fulltime,yearly,1,mid_level,121500.0,5.0,University,General IT / Other IT Role
Director of UEBA/Insider Risk - Hybrid,internship,yearly,0,senior_level,194550.0,10.0,University,IT Management / Director
"Director, Business Applications",fulltime,yearly,0,senior_level,145000.0,7.0,University,IT Management / Director
IT - Sr. Enterprise System Administrator,internship,yearly,0,senior_level,101638.0,3.0,University,Network & Systems
Procurement - Global IT Category Manager,contract,yearly,0,senior_level,129650.0,10.0,University,IT Management / Director
Senior Sourcing & Vendor Manager - IT,fulltime,yearly,0,senior_level,132427.0,5.0,High School,IT Management / Director
"Specialist, Cyber Infrastructure Systems Engineer TS/SCI- Vandenberg, CA 1",internship,yearly,1,mid_level,122000.0,4.0,University,Network & Systems
"Associate, Configuration Management",internship,yearly,0,mid_level,88185.5,1.0,University,Other / Miscellaneous
Program Performance Measurement Lead,fulltime,yearly,1,senior_level,115000.0,7.0,University,Other / Miscellaneous
"Senior Consultant, Care Transformation - Remote",fulltime,yearly,1,senior_level,130600.0,3.0,University,Consulting / Specialist
Senior IT Project Manager,fulltime,yearly,0,senior_level,112249.5,4.0,University,Project / Program Management
Project Manager- Non-IT,fulltime,yearly,0,senior_level,113402.0,5.0,University,Project / Program Management
"Director, IT Project Management Office",fulltime,yearly,0,senior_level,120370.5,10.0,University,IT Management / Director
Business Solutions Specialist 2,fulltime,yearly,0,senior_level,79099.5,5.0,University,Consulting / Specialist
Support Specialist I,fulltime,monthly,0,mid_level,3847.0,2.0,Online/Courses,IT Support / Helpdesk
Cybersecurity Analyst II,contract,yearly,1,senior_level,107500.0,3.0,University,Cybersecurity
Project Lead I - Instrumentation,contract,yearly,1,senior_level,92861.5,6.0,University,Other / Miscellaneous
Data Link Operator,contract,yearly,1,mid_level,94068.5,7.0,University,Data & Analytics
Vice President - Privacy Classification Lead,fulltime,yearly,0,senior_level,161875.0,5.0,University,IT Management / Director
JPMorgan Wealth Management - Vice President - Risk Data & Infrastructure,fulltime,yearly,0,mid_level,159250.0,6.0,Online/Courses,Network & Systems
"Software Engineer III, Cloud, BigData",fulltime,yearly,0,senior_level,159000.0,3.0,University,Software Development
IT Technician,fulltime,yearly,0,senior_level,80000.0,1.0,University,IT Support / Helpdesk
Program Manager,fulltime,yearly,0,senior_level,155409.5,7.0,University,Project / Program Management
Systems Engineer,fulltime,yearly,0,senior_level,158908.0,5.0,University,Network & Systems
Cyber Security Engineer,fulltime,yearly,0,senior_level,139174.5,7.0,University,Cybersecurity
Senior Systems Engineer,fulltime,yearly,0,senior_level,125907.0,18.0,University,Network & Systems
Systems Development Engineer,fulltime,yearly,1,senior_level,94633.0,2.0,University,General IT / Other IT Role
"Support Desk Technician (Chandler, AZ)",fulltime,yearly,0,senior_level,60000.0,1.0,University,IT Support / Helpdesk
Security Cooperation Management Information Systems Technician (Active TS/SCI Clearance required),fulltime,yearly,1,executive_level,97500.0,0.0,University,IT Support / Helpdesk
Infor Programmer/Developer,fulltime,yearly,1,senior_level,105372.5,3.0,University,Software Development
Infrastructure Engineer - Data Center,fulltime,yearly,1,mid_level,100865.0,5.0,Online/Courses,Network & Systems
Solution Consultant - Professional Services (Remote),fulltime,yearly,1,senior_level,105052.5,1.0,University,Consulting / Specialist
Maintenance Specialist / IT Technician,fulltime,hourly,0,senior_level,52000.0,1.0,University,IT Support / Helpdesk
IT Engineer,fulltime,yearly,1,senior_level,73638.5,3.0,Online/Courses,General IT / Other IT Role
Insurance Product Development Manager,fulltime,yearly,1,mid_level,132452.0,5.0,University,IT Management / Director
Athena Implementation Specialist,fulltime,yearly,1,senior_level,91109.0,2.0,University,Consulting / Specialist
SAP SD Consultant,fulltime,yearly,0,senior_level,135000.0,6.0,University,Consulting / Specialist
"Network and Computer Systems Administrator, Journeyman",fulltime,yearly,0,mid_level,84644.5,3.0,University,Network & Systems
MAP Trainer - Part Time,parttime,yearly,0,senior_level,42259.5,1.0,University,Data & Analytics
CNIC N6 - Information Systems Security Engineer (ISSE) - 100% Remote,fulltime,yearly,1,mid_level,137442.0,8.0,High School,Cybersecurity
Cybersecurity Security Operations Center Manager,fulltime,yearly,1,mid_level,118318.5,12.0,University,Cybersecurity
"Sr. AM, GenAI Startups, GenAI Startup Team",fulltime,yearly,0,senior_level,174705.5,7.0,University,Data & Analytics
"Sr. AM, GenAI Startups, GenAI Startup Team",fulltime,yearly,0,senior_level,170600.0,7.0,University,Data & Analytics
Identity System Administrator,fulltime,yearly,1,mid_level,105466.5,6.0,Online/Courses,Network & Systems
Oracle Recruiting Cloud Implementation Lead,fulltime,yearly,0,senior_level,165131.5,10.0,University,General IT / Other IT Role
Detection & Response Senior Manager,fulltime,yearly,0,mid_level,233750.5,7.0,University,IT Management / Director
Analytics Cloud - Oracle Manager,fulltime,yearly,0,entry_level,192800.0,6.0,University,Data & Analytics
Digital Foundry & Operate Marketing Manager,fulltime,yearly,0,mid_level,183600.0,8.0,University,IT Management / Director
"System Engineer - TS/SCI Poly Required - Ft. Meade, MD",fulltime,yearly,0,mid_level,151100.0,3.0,University,General IT / Other IT Role
Salesforce Technical Lead,fulltime,yearly,0,senior_level,170309.0,5.0,University,General IT / Other IT Role
Application Security Engineer- Secret- Onsite Radford VA,fulltime,yearly,0,senior_level,133955.5,3.0,University,Cybersecurity
SAP CPQ Consultant,fulltime,yearly,0,entry_level,130500.0,2.0,University,Consulting / Specialist
SAP Program Security Manager,fulltime,yearly,0,entry_level,145550.0,8.0,University,Cybersecurity
ServiceNow HRSD Specialist Leader,fulltime,yearly,0,mid_level,234300.0,10.0,University,Consulting / Specialist
"ConvergeHEALTH - Product Manager, Agile Field Force Solutions - Innovation_Technology",fulltime,yearly,0,mid_level,192800.0,6.0,University,Project / Program Management
ConvergePROSPERITY - Director of Engineering & Architecture (Manager) - Innovation_Technology,fulltime,yearly,0,mid_level,183600.0,5.0,University,IT Management / Director
Network Development Specialist,internship,yearly,1,senior_level,88050.0,2.0,University,Network & Systems
Configuration Consultant - RTSM,fulltime,yearly,1,mid_level,85000.0,2.0,University,Consulting / Specialist
24-5009: IT Technician,fulltime,yearly,1,mid_level,65779.5,3.0,University,IT Support / Helpdesk
"Network Engineer, Shifamed",fulltime,yearly,1,senior_level,120000.0,8.0,University,Network & Systems
"Director, Product Management - Enterprise Platform - US (Remote)",fulltime,yearly,1,senior_level,222500.0,4.0,University,IT Management / Director
Senior Data Product Manager,fulltime,yearly,1,senior_level,149845.5,5.0,University,Data & Analytics
Senior Product Manager,fulltime,yearly,1,senior_level,148465.5,1.0,University,IT Management / Director
Technical Product Owner,fulltime,yearly,1,senior_level,97022.5,3.0,University,General IT / Other IT Role
Client Support Engineer,fulltime,yearly,1,senior_level,65000.0,3.0,University,IT Support / Helpdesk
Unqork SME,fulltime,yearly,0,senior_level,127532.5,5.0,University,Other / Miscellaneous
AWS Subject Matter Expert,fulltime,yearly,0,senior_level,133014.0,5.0,University,Other / Miscellaneous
ServiceNow SME,fulltime,yearly,0,senior_level,152700.0,10.0,University,Other / Miscellaneous
Sr Systems Engineer,fulltime,yearly,1,senior_level,85000.0,3.0,University,Network & Systems
Scrum Master,fulltime,yearly,1,senior_level,125000.0,10.0,University,Project / Program Management
"Senior Administrator, Broadcast IT Systems",fulltime,yearly,1,mid_level,99215.0,2.0,University,General IT / Other IT Role
Senior Business Systems Analyst,fulltime,yearly,0,senior_level,119402.0,5.0,University,General IT / Other IT Role
Cybersecurity Specialist - Intermediate,fulltime,yearly,0,mid_level,99990.5,5.0,University,Cybersecurity
Senior Program Manager - Utilities,fulltime,yearly,0,senior_level,135000.0,5.0,University,Project / Program Management
Technical Project Manager,fulltime,yearly,1,senior_level,100000.0,3.0,University,Project / Program Management
Senior Product Delivery Manager,fulltime,yearly,0,senior_level,110931.5,5.0,University,IT Management / Director
"Product Manager, Commercial/Enterprise – Merchant Services",fulltime,yearly,0,senior_level,117036.0,8.0,University,IT Management / Director
ServiceNow Administrator,fulltime,yearly,1,mid_level,84007.5,5.0,University,Other / Miscellaneous
Cybersecurity Asset Manager,"fulltime, contract",yearly,1,senior_level,134213.0,6.0,University,Cybersecurity
VP Sr Business Associate - NY Metro - Hybrid,fulltime,yearly,0,mid_level,177900.0,6.0,University,IT Management / Director
"Senior SOC Analyst – Level 2, VP (C13)",fulltime,yearly,0,senior_level,157200.0,6.0,University,IT Management / Director
Product Manager,fulltime,yearly,0,senior_level,130000.0,2.0,University,IT Management / Director
"Information Security Engineer (Minneapolis, MN)",fulltime,yearly,0,entry_level,113500.0,2.0,University,Cybersecurity
IT Systems Administrator,internship,yearly,1,mid_level,77851.5,1.0,University,Network & Systems
Chief Technology Officer / Vice President of Engineering,fulltime,yearly,0,senior_level,233686.0,7.0,University,IT Management / Director
Junior System Administrator,fulltime,yearly,1,entry_level,49752.5,3.0,University,Network & Systems
IT Systems Administrator,fulltime,hourly,1,senior_level,73840.0,5.0,Online/Courses,Network & Systems
Senior / Staff Product Manager,fulltime,yearly,0,senior_level,180041.5,6.0,University,IT Management / Director
IT Systems Analyst,fulltime,yearly,1,senior_level,129781.5,10.0,University,General IT / Other IT Role
IT Help Desk Manager,fulltime,yearly,0,mid_level,97607.0,5.0,University,IT Support / Helpdesk
Systems Administrator,fulltime,yearly,1,mid_level,81676.0,5.0,University,Network & Systems
IT Cybersecurity Specialist (Network),fulltime,yearly,1,mid_level,126277.0,1.0,Online/Courses,Network & Systems
Systems Administrator (Windows) - Top Secret Clearance,contract,yearly,0,mid_level,100000.0,4.0,University,Network & Systems
IT Manager,fulltime,yearly,0,senior_level,102500.0,5.0,University,IT Management / Director
Digital Systems Engineering and Acquisition SME,fulltime,yearly,1,senior_level,185202.5,20.0,University,Network & Systems
Ground Systems Engineer,fulltime,yearly,0,senior_level,170084.5,8.0,University,Network & Systems
Technical Program Manager (L6) - Cloud Infrastructure Engineering,fulltime,yearly,1,senior_level,595000.0,10.0,University,Network & Systems
"Operations Project Manager, Sports",fulltime,yearly,1,senior_level,54000.0,2.0,Online/Courses,Project / Program Management
"Senior Product Portfolio Manager, Enterprise Data & AI",internship,yearly,0,mid_level,166715.0,8.0,University,Data & Analytics
Principal Product Owner – R&D Finance Data Fabric,contract,yearly,0,senior_level,167136.5,5.0,University,Data & Analytics
Network Operations Center Analyst NOC (work hours 0600-1400) - TS/SCI,internship,yearly,1,senior_level,95876.5,0.0,High School,Network & Systems
Security Cooperation Management Information Systems Technician (Active TS/SCI Clearance required),fulltime,yearly,1,executive_level,97500.0,0.0,University,IT Support / Helpdesk
IT Support / Marketing Coordinator,fulltime,hourly,0,mid_level,55120.0,2.0,University,IT Support / Helpdesk
Information Systems Security Engineer (ISSE),fulltime,yearly,0,executive_level,180000.0,10.0,University,Cybersecurity
JPSYS Job Inbox,fulltime,yearly,1,entry_level,117049.5,2.0,University,Other / Miscellaneous
Incident Response Manager,fulltime,yearly,0,senior_level,121325.0,5.0,University,IT Management / Director
Associate Systems Engineer,fulltime,yearly,0,mid_level,79886.5,1.0,University,Network & Systems
"Cloud Engineer, Lead (DOD and Services Center)",fulltime,yearly,0,senior_level,186970.5,8.0,University,Network & Systems
Product Support Manager,fulltime,yearly,0,senior_level,84944.5,5.0,University,IT Support / Helpdesk
APPLICATION SUPPORT ANALYST,fulltime,yearly,0,senior_level,69832.5,2.0,High School,IT Support / Helpdesk
FSR Analyst - Korea,fulltime,yearly,0,senior_level,140000.0,5.0,University,Other / Miscellaneous
MDA C3BM Senior Systems Analyst,fulltime,yearly,0,senior_level,103423.0,7.0,University,General IT / Other IT Role
AEGIS Weapon System Aegis System Equipped Vessel Senior Systems Engineer,fulltime,yearly,0,senior_level,165838.0,12.0,University,Network & Systems
RCCTO Network Systems Engineer,fulltime,yearly,0,senior_level,122223.5,10.0,University,Network & Systems
Lead Project Manager,fulltime,yearly,0,senior_level,120000.0,7.0,University,Project / Program Management
Lead Systems Engineer - NAVWAR,fulltime,yearly,1,senior_level,139000.0,6.0,University,Network & Systems
Product Line Manager,fulltime,yearly,0,senior_level,117500.0,5.0,University,IT Management / Director
Platform Support Engineer (CA - Costa Mesa),fulltime,yearly,0,executive_level,110000.0,3.0,University,IT Support / Helpdesk
Technology Partner Manager,fulltime,yearly,1,senior_level,148396.0,5.0,University,IT Management / Director
"Managing Director of Industry Partnerships, Stanford SystemX Alliance",fulltime,yearly,0,senior_level,157722.0,1.0,Online/Courses,IT Management / Director
Mgr. Technical Support Engineering,internship,yearly,1,senior_level,118100.0,3.0,University,IT Support / Helpdesk
Sr Mgr. Cyber Risk,internship,yearly,0,senior_level,173150.0,10.0,University,General IT / Other IT Role
Lead Cloud Infrastructure Network Engineer,internship,yearly,0,senior_level,118100.0,8.0,University,Network & Systems
Solution Consultant - UKG Pro (Tax),internship,yearly,1,senior_level,75925.0,2.0,University,Consulting / Specialist
Systems Engineer,fulltime,yearly,0,senior_level,85058.5,3.0,University,Network & Systems
Sr. Services Project Manager,internship,yearly,1,senior_level,96050.0,3.0,University,Project / Program Management
Desktop Support Analyst,fulltime,yearly,0,senior_level,82700.0,2.0,University,IT Support / Helpdesk
FSR Analyst,fulltime,yearly,0,senior_level,120000.0,5.0,University,Other / Miscellaneous
FSR Analyst,fulltime,yearly,0,senior_level,120000.0,5.0,University,Other / Miscellaneous
"Vice President, Head of Product",fulltime,yearly,1,senior_level,180486.5,8.0,University,IT Management / Director
"Vice President, Head of IT Business Operations and Support",fulltime,yearly,1,senior_level,207255.5,8.0,University,IT Support / Helpdesk
FSR Analyst,fulltime,yearly,0,senior_level,120000.0,5.0,University,Other / Miscellaneous
FSR Analyst,fulltime,yearly,0,senior_level,140000.0,5.0,University,Other / Miscellaneous
Technical Program Manager - Electronics,fulltime,yearly,0,mid_level,150000.0,5.0,University,Project / Program Management
"Manager, Network Engineer",fulltime,yearly,1,senior_level,120473.5,5.0,University,Network & Systems
Professional Services Engineer,fulltime,yearly,0,senior_level,92852.5,3.0,University,General IT / Other IT Role
Lead Cyber Threat Intelligence Analyst,internship,yearly,0,senior_level,185300.0,10.0,University,General IT / Other IT Role
Senior Systems Analyst,fulltime,yearly,0,senior_level,143300.0,12.0,University,General IT / Other IT Role
IT and Cyber Support Manager / Lead,fulltime,yearly,0,senior_level,152387.5,15.0,High School,IT Support / Helpdesk
SharePoint Developer,fulltime,yearly,0,mid_level,137500.0,3.0,Online/Courses,Software Development
Computer Support Specialist,fulltime,hourly,0,senior_level,81120.0,5.0,Online/Courses,IT Support / Helpdesk
Senior Desktop Engineer,fulltime,yearly,0,senior_level,92694.5,5.0,University,General IT / Other IT Role
Salesforce Support,fulltime,yearly,1,mid_level,69300.0,3.0,Online/Courses,IT Support / Helpdesk
Product Manager/Strategy 5-ProdDev,fulltime,yearly,0,senior_level,150441.0,8.0,University,IT Management / Director
Senior Support Engineer,fulltime,yearly,1,senior_level,123969.5,5.0,University,IT Support / Helpdesk
Implementation Engineer,fulltime,yearly,1,senior_level,89443.5,3.0,University,General IT / Other IT Role
"VP, Business Risk and Control Officer (Hybrid)",fulltime,yearly,0,mid_level,115000.0,6.0,University,IT Management / Director
Head of Desktop Delivery - C15 Director,fulltime,yearly,0,senior_level,235000.0,15.0,University,IT Management / Director
"Security Operations Support Lead, VP",fulltime,yearly,0,senior_level,157200.0,6.0,University,IT Support / Helpdesk
IT Senior Process Analyst,fulltime,yearly,1,senior_level,127500.0,5.0,University,General IT / Other IT Role
Application Systems & Security Analyst,fulltime,yearly,1,senior_level,91188.0,2.0,Online/Courses,Cybersecurity
Technical Trainer,fulltime,yearly,0,mid_level,109116.0,2.0,University,Data & Analytics
"Security Analyst (Departmental Analyst-E), VR Systems Support",fulltime,hourly,1,senior_level,66560.0,4.0,High School,IT Support / Helpdesk
Information Technology Specialist 14 (Network Architect),fulltime,hourly,1,mid_level,92560.0,4.0,High School,Network & Systems
ITPA11 - Compliance Analyst,fulltime,hourly,1,mid_level,68640.0,4.0,High School,General IT / Other IT Role
Information Technology Analyst,fulltime,monthly,0,senior_level,7712.0,9.0,Online/Courses,General IT / Other IT Role
State Administrative Manager 15 - Systems Integration Manager,fulltime,yearly,1,senior_level,114216.0,4.0,High School,IT Management / Director
Agency Information Security Liaison,fulltime,hourly,1,mid_level,72800.0,4.0,High School,Cybersecurity
ITPA 9-11,fulltime,hourly,1,mid_level,52000.0,4.0,High School,General IT / Other IT Role
IS Technical Support Manager,fulltime,hourly,0,mid_level,106080.0,3.0,University,IT Support / Helpdesk
"Senior Project Manager, Infrastructure (Contract)","fulltime, contract",yearly,0,senior_level,126300.0,10.0,University,Network & Systems
IT Field Technician,fulltime,yearly,0,executive_level,65000.0,4.0,University,IT Support / Helpdesk
Product Owner - Commercial Analytics,internship,yearly,0,senior_level,148092.5,7.0,University,Data & Analytics
"BIE II- Amazon Vendor Services, Amazon Vendor Services",fulltime,yearly,0,senior_level,137300.0,3.0,University,Other / Miscellaneous
"Senior Program Manager, Special Projects and Investigations",fulltime,yearly,0,senior_level,144217.0,6.0,Online/Courses,Project / Program Management
"Program Manager, Special Projects and Investigations",fulltime,yearly,0,senior_level,107135.0,3.0,Online/Courses,Project / Program Management
"InfraOps Excellence Engineer, Office Infrastructure Excellence",fulltime,yearly,0,senior_level,141850.0,2.0,University,Network & Systems
Google Cloud Lead Principal Engineer - Remote,fulltime,yearly,1,senior_level,147550.0,6.0,University,General IT / Other IT Role
"EHR Systems Analyst - Corvallis, OR",fulltime,yearly,0,senior_level,83639.5,2.0,High School,General IT / Other IT Role
Lead Salesforce Developer,fulltime,yearly,1,senior_level,147500.0,8.0,University,Software Development
Contract and Project Manager,contract,yearly,0,mid_level,80000.0,5.0,University,Project / Program Management
Product Manager - Magnetics,internship,yearly,0,senior_level,114376.5,6.0,University,IT Management / Director
Vertical Systems Engineer - Insurance,fulltime,yearly,0,senior_level,165000.0,10.0,University,Network & Systems
"Principal TPM, Amazon",fulltime,yearly,0,senior_level,217300.0,7.0,University,Other / Miscellaneous
Systems Analyst II,fulltime,yearly,0,senior_level,92500.0,4.0,University,General IT / Other IT Role
Technical Project Manager,fulltime,yearly,0,senior_level,77500.0,1.0,University,Project / Program Management
Sr. Technical Program Manager - Internal Only,fulltime,yearly,1,senior_level,163000.0,7.0,University,Project / Program Management
"Director, Data Center Operations Metro",fulltime,yearly,0,senior_level,215900.0,10.0,High School,Data & Analytics
Director AI Silicon Product Management,fulltime,yearly,0,senior_level,215800.0,8.0,Online/Courses,Data & Analytics
"Principal Product Manager, Engineering Excellence",fulltime,yearly,0,senior_level,215800.0,8.0,University,IT Management / Director
Senior Technical Support Engineer,contract,yearly,0,senior_level,100894.5,5.0,University,IT Support / Helpdesk
Project Manager - PST,fulltime,yearly,1,senior_level,96129.5,3.0,University,Project / Program Management
Director Product Line,internship,yearly,0,senior_level,196648.0,10.0,University,IT Management / Director
Sr. Product Manager-AI/ML Platform,fulltime,yearly,1,entry_level,175500.0,5.0,University,Data & Analytics
Helpdesk Service Coordinator,fulltime,hourly,0,senior_level,50960.0,1.0,University,Other / Miscellaneous
File Operations Support Associate,fulltime,yearly,1,mid_level,42500.0,2.0,University,IT Support / Helpdesk
IT Solutions Architect & Project Manager,fulltime,yearly,0,senior_level,140000.0,2.0,Online/Courses,Project / Program Management
Technical Support Associate - Middle Market,fulltime,yearly,0,mid_level,49327.0,1.0,High School,IT Support / Helpdesk
AI Help Desk Specialist,fulltime,yearly,0,entry_level,50930.0,2.0,University,IT Support / Helpdesk
Principal Architect,internship,yearly,1,senior_level,163200.0,15.0,University,General IT / Other IT Role
DIR INFORMATION SECURITY,internship,yearly,1,senior_level,163200.0,7.0,University,Cybersecurity
IT Project Manager- Senior,contract,yearly,0,senior_level,126017.5,5.0,University,Project / Program Management
"Product Analysis, Senior (Hybrid - 3 Days in Office)",fulltime,yearly,0,senior_level,120000.0,5.0,University,Other / Miscellaneous
System Administrator/DRSN - NISSC II,fulltime,yearly,0,senior_level,83978.5,1.0,University,Network & Systems
Network Engineer,"fulltime, contract",yearly,1,senior_level,128500.0,10.0,University,Network & Systems
"AWS Cloud Architect (Terraform ,ECS, EKS,Terraform and S3)",contract,yearly,0,entry_level,138201.5,5.0,University,General IT / Other IT Role
IT SUPPORT SPECIALIST,fulltime,yearly,0,mid_level,47500.0,5.0,University,IT Support / Helpdesk
"Project Manager, Technology",internship,yearly,0,senior_level,89052.5,1.0,University,Project / Program Management
IT Compliance Manager,fulltime,yearly,0,senior_level,121257.5,5.0,University,IT Management / Director
IT Instructor,fulltime,hourly,0,entry_level,62400.0,1.0,University,IT Management / Director
Business System Analyst - Product Lifecycle Management (PLM),"fulltime, contract",hourly,1,senior_level,98800.0,3.0,University,Other / Miscellaneous
"Senior Cybersecurity Engineer, Detection & Response",fulltime,yearly,0,entry_level,146895.0,5.0,University,Cybersecurity
Manager,internship,yearly,0,mid_level,141100.0,5.0,University,IT Management / Director
Senior Systems Engineer,fulltime,yearly,0,senior_level,130376.0,20.0,Online/Courses,Network & Systems
Scrum Master for FedRamp/ FISMA Compliance,fulltime,yearly,0,mid_level,100000.0,4.0,University,Project / Program Management
Director - Area,fulltime,yearly,1,mid_level,155000.0,5.0,High School,IT Management / Director
Senior PeopleSoft FSCM Developer,"parttime, contract",hourly,1,senior_level,197600.0,8.0,University,Software Development
Product Manager - SaaS EMR,fulltime,yearly,1,mid_level,108582.5,7.0,University,IT Management / Director
Senior Cloud Infrastructure Engineer,fulltime,yearly,0,senior_level,133178.0,5.0,Online/Courses,Network & Systems
"Head of White space and Cabling Infrastructure, VP",fulltime,yearly,0,senior_level,160000.0,5.0,University,Network & Systems
FX Operations Analyst,fulltime,yearly,0,senior_level,60000.0,0.0,University,Other / Miscellaneous
COMPUTER SYSTEM ANALYST I (DSN),fulltime,yearly,0,mid_level,67500.0,2.0,Online/Courses,General IT / Other IT Role
MID - SENIOR LEVEL SYSTEMS ENGINEER,fulltime,yearly,0,senior_level,121831.0,4.0,University,Network & Systems
IT Administrative Assistant,fulltime,yearly,0,executive_level,52500.0,2.0,Online/Courses,General IT / Other IT Role
Contact Center Application Support Analyst,fulltime,yearly,1,senior_level,74733.5,4.0,University,IT Support / Helpdesk
Technical Program Manager,fulltime,yearly,0,senior_level,170780.5,3.0,University,Project / Program Management
FSR Analyst,fulltime,yearly,0,senior_level,120000.0,5.0,University,Other / Miscellaneous
Senior Application Security Engineer,contract,yearly,0,entry_level,177520.0,12.0,University,Cybersecurity
Senior Systems Engineer,fulltime,yearly,1,mid_level,95638.0,3.0,Online/Courses,Network & Systems
"GRC Expert (Compliance, Risk, Technology & Analytics Focus) - Remote US",internship,yearly,1,mid_level,147500.0,10.0,University,Data & Analytics
Technical Support Engineer,fulltime,yearly,0,executive_level,92546.0,1.0,University,IT Support / Helpdesk
Service Engineer I,fulltime,hourly,1,senior_level,58240.0,2.0,University,General IT / Other IT Role
Senior Cloud Network Security Engineer,contract,hourly,1,mid_level,192400.0,5.0,University,Network & Systems
Senior Windows Systems Administrator,contract,yearly,0,senior_level,104533.0,15.0,University,Network & Systems
Chief Information Officer,fulltime,yearly,0,senior_level,124606.5,5.0,Online/Courses,IT Management / Director
Privacy Program Analyst (Contingent),contract,yearly,0,senior_level,59500.0,2.0,University,Other / Miscellaneous
Platform Engineer,fulltime,yearly,0,senior_level,123866.0,20.0,University,General IT / Other IT Role
Systems Engineer Mid Level,contract,yearly,0,mid_level,115000.0,2.0,High School,Network & Systems
ServiceNow Administrator,fulltime,yearly,1,senior_level,118879.0,7.0,University,Other / Miscellaneous
SharePoint Administrator,fulltime,yearly,1,mid_level,127705.0,7.0,Online/Courses,Other / Miscellaneous
Director - Loyalty Programs,internship,yearly,0,senior_level,137627.5,5.0,Online/Courses,IT Management / Director
Project Manager,contract,hourly,0,senior_level,133120.0,10.0,University,Project / Program Management
Senior IT Project Manager,fulltime,yearly,0,senior_level,117500.0,10.0,University,Project / Program Management
"Senior Product Manager II, Hearthstone","parttime, fulltime",yearly,1,senior_level,149760.0,4.0,University,IT Management / Director
"Leader, Warehouse IT Infrastructure",fulltime,yearly,1,mid_level,95872.0,2.0,University,Network & Systems
Owners Rep IT/Telecom Construction Manager,internship,yearly,0,mid_level,109771.0,5.0,University,IT Management / Director
Lead Cloud Security Architect,fulltime,yearly,0,senior_level,137500.0,5.0,University,Cybersecurity
IT Project Manager (Full Time) - Dallas or Sugar Land,fulltime,yearly,0,mid_level,109708.0,9.0,University,Project / Program Management
Level I Service Desk Technician,fulltime,hourly,1,entry_level,46800.0,1.0,University,IT Support / Helpdesk
Desktop Support Associate,contract,hourly,1,mid_level,39520.0,1.0,University,IT Support / Helpdesk
Infrastructure IT Analyst,fulltime,yearly,0,senior_level,92959.0,5.0,High School,Network & Systems
Senior Information Security Analyst,fulltime,yearly,0,mid_level,141800.0,10.0,University,Cybersecurity
Systems Administrator II,fulltime,yearly,0,senior_level,77500.0,0.0,University,Network & Systems
Systems Technician,fulltime,yearly,0,mid_level,75970.0,3.0,University,IT Support / Helpdesk
Agile Scrum Master,fulltime,yearly,1,senior_level,97500.0,3.0,University,Project / Program Management
Analyst-IS-Experienced,fulltime,yearly,1,senior_level,93500.0,5.0,Online/Courses,Other / Miscellaneous
Sr Product Manager,fulltime,yearly,0,entry_level,152500.0,2.0,University,IT Management / Director
Senior Solution Architect,fulltime,yearly,1,senior_level,135000.0,5.0,University,General IT / Other IT Role
Sr Advanced Systems Engingeer,internship,yearly,0,senior_level,139967.5,5.0,University,General IT / Other IT Role
Cybersecurity Audit Manager US Citizen or Green Card,contract,hourly,1,mid_level,139360.0,1.0,University,Cybersecurity
Senior Project Manager,fulltime,yearly,0,senior_level,88968.5,4.0,University,Project / Program Management
Chief Architect,internship,yearly,0,senior_level,174720.0,10.0,University,IT Management / Director
Pega Architect,fulltime,yearly,0,senior_level,143575.5,4.0,University,General IT / Other IT Role
"Sr. Specialist I, Technical Services",fulltime,yearly,0,entry_level,95141.5,5.0,University,Consulting / Specialist
"Manager, Technology",fulltime,yearly,1,senior_level,97500.0,3.0,University,IT Management / Director
Technology Governance and Operations Control Specialist,fulltime,yearly,0,mid_level,93742.0,5.0,University,Consulting / Specialist
Project Manager - CISA SED,fulltime,yearly,1,senior_level,135000.0,10.0,University,Project / Program Management
HGS Cyber - Summer 2025 Intern,internship,yearly,0,senior_level,83529.5,1.0,University,Intern / Entry Level
IT Systems Analyst- PB/Claims Community Connect,fulltime,yearly,0,mid_level,71310.5,0.0,High School,Data & Analytics
Systems Analyst 3 (Hybrid) - US Citizen,contract,hourly,1,senior_level,107120.0,8.0,University,General IT / Other IT Role
People Technology & Reporting Lead,fulltime,yearly,0,senior_level,119750.5,6.0,University,General IT / Other IT Role
Patch Management Lead - Linux,fulltime,yearly,1,mid_level,112921.5,1.0,University,Other / Miscellaneous
Solution Architect - GSI,fulltime,yearly,1,senior_level,151905.0,5.0,University,General IT / Other IT Role
Director of Sensor Product Design Engineering,internship,yearly,1,senior_level,215000.0,10.0,University,IT Management / Director
Developer,contract,yearly,1,mid_level,122500.0,2.0,Online/Courses,Software Development
IT Security Manager,internship,yearly,1,senior_level,163296.0,5.0,University,Cybersecurity
Cyber Security Analyst (ISSO),"fulltime, contract",yearly,0,senior_level,102500.0,5.0,University,Cybersecurity
"CTS Director, Americas",internship,yearly,1,senior_level,152370.5,10.0,University,IT Management / Director
Lead CTV Integrations Engineer,fulltime,yearly,0,senior_level,115000.0,20.0,University,General IT / Other IT Role
"Sales Role for IT Experts (Scottsdale, AZ)",contract,yearly,0,entry_level,80737.5,5.0,University,General IT / Other IT Role
Human Factors Engineer - Section 508,fulltime,yearly,1,senior_level,100855.0,3.0,University,IT Management / Director
"Sr. Manager, Engineering",fulltime,yearly,0,senior_level,175100.0,6.0,University,IT Management / Director
"VP, Programs",contract,yearly,1,senior_level,196150.0,10.0,University,IT Management / Director
Exploitation Analyst Level 3,contract,yearly,0,mid_level,161000.0,4.0,University,General IT / Other IT Role
System Engineer Enterprise,fulltime,yearly,0,senior_level,193038.0,5.0,University,General IT / Other IT Role
Lead Technical Functional Analyst,fulltime,yearly,1,senior_level,129900.0,2.0,University,General IT / Other IT Role
IT Helpdesk Technician,fulltime,hourly,1,senior_level,41600.0,1.0,High School,IT Support / Helpdesk
Senior Cloud Security Engineer (75% Remote),fulltime,hourly,1,senior_level,166400.0,5.0,University,Cybersecurity
IT Remote Help Desk Manager,fulltime,yearly,1,senior_level,80000.0,2.0,University,IT Support / Helpdesk
VP of Product,fulltime,yearly,1,senior_level,185000.0,5.0,University,IT Management / Director
"Product Manager, Capella University",fulltime,yearly,1,senior_level,92400.0,2.0,University,IT Management / Director
"Manager of Product Solutions, ITRC (Remote)",fulltime,yearly,1,mid_level,135579.0,4.0,University,IT Management / Director
Group Product Manager,fulltime,yearly,0,senior_level,210000.0,2.0,University,IT Management / Director
Technical Support Associate,fulltime,yearly,1,mid_level,50967.5,1.0,University,IT Support / Helpdesk
Systems Administrator,contract,hourly,1,executive_level,88400.0,5.0,University,Network & Systems
Microsoft Global Alliance Director,fulltime,yearly,0,senior_level,186088.5,7.0,University,IT Management / Director
Project Manager,internship,yearly,0,senior_level,70000.0,1.0,University,Project / Program Management
"Senior Product Manager, Inkwell | Bankrate",fulltime,yearly,1,senior_level,120000.0,3.0,Online/Courses,IT Management / Director
"Analyst, Customer Experience | Allconnect",fulltime,yearly,1,senior_level,85000.0,1.0,Online/Courses,Other / Miscellaneous
Model-Based Systems Engineer (Mid-Level): Hybrid,fulltime,yearly,1,mid_level,107500.0,5.0,University,Network & Systems
11+ Years Senior Unified Communications Engineer/Manager - Washington DC (Onsite),contract,hourly,0,mid_level,150800.0,4.0,University,IT Management / Director
Edifecs Encounter Management - Remote,fulltime,yearly,1,senior_level,100000.0,5.0,University,Other / Miscellaneous
Senior Information Systems Security Officer (ISSO),fulltime,yearly,0,mid_level,177025.0,4.0,University,Cybersecurity
Cyber Security Engineer,fulltime,yearly,0,senior_level,208962.5,15.0,University,Cybersecurity
Senior Desktop Support Technician,fulltime,yearly,0,entry_level,68060.0,5.0,University,IT Support / Helpdesk
Junior Configuration Manager,fulltime,yearly,1,entry_level,81212.5,0.0,University,IT Management / Director
Desktop Support,"fulltime, contract",hourly,1,executive_level,93600.0,1.0,University,IT Support / Helpdesk
Business Solutions Analyst,internship,yearly,0,entry_level,135610.0,3.0,University,Other / Miscellaneous
"Manager, Analytics & Reporting",fulltime,yearly,1,senior_level,123909.5,5.0,University,Data & Analytics
"Consulting, Manager",fulltime,yearly,0,entry_level,198304.5,3.0,University,IT Management / Director
Lead - Platform Support,fulltime,yearly,1,mid_level,118601.5,5.0,University,IT Support / Helpdesk
"Cloud Systems Administrator, Atlassian (Temporary Contract Staff Augmentation Role)","temporary, contract",hourly,0,senior_level,135200.0,9.0,University,Network & Systems
"Director, Product Management",fulltime,yearly,0,senior_level,146348.5,8.0,University,IT Management / Director
Systems Engineering Lead (Senior Career Level),fulltime,yearly,0,senior_level,123243.0,10.0,University,Network & Systems
"Technical Program Manager III, Continuous Improvement, Cloud Networking",fulltime,yearly,0,senior_level,176500.0,5.0,Online/Courses,Network & Systems
"Technical Program Manager III, Networking, Google Cloud",fulltime,yearly,0,senior_level,176500.0,5.0,University,Network & Systems
"Technical Lead, System level Performance Simulation",fulltime,yearly,1,senior_level,287000.0,8.0,University,General IT / Other IT Role
"Staff Software Engineer, Infrastructure, Google Cloud Compute",fulltime,yearly,0,senior_level,236500.0,8.0,University,Network & Systems
"Pursuit Lead III, Google Cloud Consulting",fulltime,yearly,0,senior_level,202500.0,10.0,University,General IT / Other IT Role
"Senior Software Engineer, Performance, Platforms Infrastructure Engineering",fulltime,yearly,0,senior_level,200000.0,5.0,Online/Courses,Network & Systems
"Network Implementation Engineer, Edge Metro Capacity Delivery",fulltime,yearly,0,senior_level,137000.0,3.0,University,Network & Systems
Sr IT Analyst,fulltime,yearly,0,senior_level,113800.0,4.0,University,General IT / Other IT Role
Network Engineer,fulltime,yearly,1,mid_level,97164.0,5.0,University,Network & Systems
"Project Manager, Enterprise Applications (SAP)",internship,yearly,0,senior_level,131374.0,8.0,University,Project / Program Management
Salesforce Senior Consultant,internship,yearly,0,entry_level,151100.0,5.0,University,Consulting / Specialist
Cyber Security Engineer - RMD FO & CISO,fulltime,yearly,1,senior_level,210000.0,12.0,University,Cybersecurity
"Consulting, Senior Manager",fulltime,yearly,0,entry_level,197195.5,4.0,University,IT Management / Director
"Consulting, Senior Consultant",fulltime,yearly,0,entry_level,156883.5,2.0,University,Consulting / Specialist
"Consulting, Specialist Leader",fulltime,yearly,0,entry_level,193459.5,4.0,University,Consulting / Specialist
Factory Network Engineer,fulltime,yearly,0,senior_level,71135.5,1.0,University,Network & Systems
Tier 2 Support Technician,fulltime,hourly,0,senior_level,49920.0,5.0,University,IT Support / Helpdesk
Cloud Network Engineer (TS/SC),contract,yearly,0,mid_level,131415.0,9.0,University,Network & Systems
IT Support Manager/Sr Network Administrator,fulltime,yearly,0,entry_level,105000.0,10.0,University,IT Support / Helpdesk
Service & Delivery Technician II,fulltime,yearly,1,mid_level,50719.0,1.0,High School,IT Support / Helpdesk
Sr. System Engineer II,"fulltime, contract",hourly,1,senior_level,128960.0,4.0,University,General IT / Other IT Role
National Tech Support,fulltime,yearly,1,senior_level,52688.5,1.0,High School,IT Support / Helpdesk
Advanced Lead Systems Architect,fulltime,yearly,0,senior_level,127067.0,5.0,University,General IT / Other IT Role
ERP Systems Analyst,fulltime,yearly,1,senior_level,112500.0,5.0,University,General IT / Other IT Role
ERP Systems Analyst - Blue cherry ERP,fulltime,yearly,1,senior_level,97157.5,5.0,University,General IT / Other IT Role
Endpoint Platform Administrator,fulltime,yearly,0,senior_level,93314.5,3.0,University,Other / Miscellaneous
Enterprise Architect Principal,fulltime,yearly,0,entry_level,209200.0,10.0,University,Consulting / Specialist
Netsuite Administrator,fulltime,yearly,0,senior_level,94013.5,3.0,University,General IT / Other IT Role
VIS Admin,fulltime,yearly,0,mid_level,46500.0,18.0,High School,Other / Miscellaneous
Product Manager Experience Management & CRM,fulltime,yearly,0,mid_level,105566.5,2.0,University,IT Management / Director
"Senior Director, Analytics New",internship,yearly,1,senior_level,176748.5,5.0,University,Data & Analytics
Program Manager II – System Server Administration,fulltime,yearly,0,executive_level,111004.0,10.0,University,Project / Program Management
Identity/Access Mangement Analyst II,fulltime,yearly,0,executive_level,81769.5,1.0,University,General IT / Other IT Role
IT Support Desk Lead II,fulltime,yearly,0,senior_level,113500.0,8.0,University,IT Support / Helpdesk
Cyber Security Engineer - Data Management,fulltime,yearly,1,senior_level,195000.0,15.0,University,Cybersecurity
Salesforce Technical Lead,contract,yearly,0,senior_level,138001.5,7.0,University,General IT / Other IT Role
Cloud Infrastructure/DevOps Engineer,fulltime,yearly,0,senior_level,158032.0,3.0,University,Network & Systems
PeopleSoft Developer,fulltime,yearly,1,senior_level,100000.0,1.0,University,Software Development
Senior Unified Communications Engineer,fulltime,yearly,0,mid_level,127060.5,8.0,University,General IT / Other IT Role
SECURITY CONTROL ASSESSOR - ANALYST (SCA-A),fulltime,yearly,0,mid_level,139000.0,3.0,Online/Courses,Cybersecurity
Entry Level IT Technician,fulltime,yearly,0,entry_level,34500.0,2.0,University,IT Support / Helpdesk
Project Manager,"fulltime, contract",yearly,0,senior_level,135000.0,10.0,University,Project / Program Management
Interactive Demonstration Engineer,fulltime,yearly,0,executive_level,82533.5,1.0,University,General IT / Other IT Role
IT Project Management Lead - Simulations,fulltime,yearly,0,senior_level,107500.0,5.0,University,General IT / Other IT Role
Advice Product Manager,fulltime,yearly,0,mid_level,125900.0,5.0,Online/Courses,IT Management / Director
Senior Info Sec Threat Hunting Specialist,fulltime,yearly,0,mid_level,105700.0,3.0,Online/Courses,Consulting / Specialist
Principal Consultant,fulltime,yearly,0,entry_level,180000.0,5.0,University,Consulting / Specialist
Principal Product Manager,internship,yearly,0,senior_level,200050.5,6.0,University,IT Management / Director
Director of Privacy and GRC,fulltime,yearly,1,senior_level,188857.0,10.0,Online/Courses,IT Management / Director
Service Desk Engineer,fulltime,yearly,1,senior_level,90000.0,5.0,University,IT Support / Helpdesk
Sustainability Reporting,fulltime,yearly,0,senior_level,165000.0,3.0,University,Data & Analytics
ERP Application Consultant (REMOTE),fulltime,yearly,1,senior_level,114275.5,3.0,University,Consulting / Specialist
Cybersecurity Audit Manager,contract,hourly,1,mid_level,159120.0,5.0,University,Cybersecurity
Sr. Product Manager,internship,yearly,1,senior_level,171447.5,7.0,University,IT Management / Director
IT LabVantage Systems Administrator,fulltime,yearly,1,mid_level,69893.0,2.0,University,Network & Systems
IT Systems Engineer,fulltime,yearly,0,senior_level,90000.0,10.0,University,Network & Systems
Privacy Program Manager (Remote),fulltime,yearly,1,senior_level,132450.0,8.0,University,Project / Program Management
Mid-Level External Site Transitions Systems Engineer,fulltime,yearly,1,entry_level,145500.0,6.0,University,Network & Systems
Systems Administrator,fulltime,yearly,0,senior_level,77000.0,4.0,University,Network & Systems
"Sr. Manager- IT Controls, Americas",fulltime,yearly,0,senior_level,136196.5,1.0,University,IT Management / Director
"Federal Client Director - (HHS, CDC)",fulltime,yearly,0,senior_level,156000.0,10.0,University,IT Management / Director
Technical Lead,"fulltime, contract",hourly,0,senior_level,150800.0,8.0,Online/Courses,General IT / Other IT Role
Cyber Analyst,contract,yearly,0,mid_level,114174.5,3.0,University,General IT / Other IT Role
Desktop Support Technician,contract,hourly,0,senior_level,67600.0,1.0,University,IT Support / Helpdesk
IT Security Specialist,fulltime,yearly,0,mid_level,154000.0,8.0,Online/Courses,Cybersecurity
Automotive IT Manager,fulltime,yearly,0,senior_level,100000.0,10.0,University,IT Management / Director
Lead Infrastructure/Platform Service Engineer - NISSC II,fulltime,yearly,0,senior_level,124748.5,3.0,University,Network & Systems
Software Engineer Director I,fulltime,yearly,0,senior_level,186167.0,2.0,University,Software Development
"Director, GTM & Strategic Initiatives - CCMO Office",fulltime,yearly,0,senior_level,216150.0,3.0,University,IT Management / Director
Sr. Product Manager – Digital Platforms,fulltime,yearly,1,senior_level,159572.5,12.0,Online/Courses,IT Management / Director
Team Leader,fulltime,yearly,0,mid_level,94010.0,3.0,University,Other / Miscellaneous
Technical Program Manager,"fulltime, contract",hourly,1,senior_level,106080.0,3.0,University,Project / Program Management
Program Manager,"fulltime, contract",yearly,0,senior_level,135000.0,10.0,University,Project / Program Management
Staff Technical Product Manager,fulltime,yearly,1,mid_level,195703.0,6.0,Online/Courses,IT Management / Director
IT Services Specialist,fulltime,yearly,0,executive_level,77664.5,2.0,Online/Courses,Consulting / Specialist
Systems Engineer,fulltime,yearly,0,senior_level,145000.0,2.0,University,Network & Systems
Customer Relationship Administrator / Data Administrator,fulltime,yearly,0,senior_level,66037.0,1.0,University,Data & Analytics
Cyber Architecture Director,fulltime,yearly,0,senior_level,173962.5,10.0,Online/Courses,IT Management / Director
Digital Project Manager,fulltime,yearly,0,senior_level,60000.0,5.0,University,Project / Program Management
Cloud Engineer,fulltime,yearly,0,senior_level,130206.0,3.0,University,Network & Systems
Technical Leader,fulltime,yearly,0,senior_level,174377.0,8.0,University,General IT / Other IT Role
Technology Support Technician- AZ- Information Technology Services,fulltime,yearly,0,mid_level,62735.0,1.0,University,IT Support / Helpdesk
"Sr. Leader Engineering, Data Solutions",fulltime,yearly,1,senior_level,177188.0,12.0,University,Data & Analytics
Director of Technology,fulltime,hourly,0,senior_level,105040.0,0.0,University,IT Management / Director
Senior Project Manager,internship,yearly,1,senior_level,117500.0,4.0,University,Project / Program Management
"IT Asset & Vendor Management Analyst, Service Now & VMO Focus, Progression",contract,yearly,0,mid_level,94370.0,5.0,University,General IT / Other IT Role
ISP Cyber Security Architect,fulltime,yearly,0,mid_level,107629.5,5.0,University,Cybersecurity
Sr. Alliance Manager - AI Ecosystem,fulltime,yearly,1,senior_level,169500.0,10.0,University,Data & Analytics
IT Customer Support Technician,fulltime,hourly,0,mid_level,80080.0,2.0,University,IT Support / Helpdesk
Project Manager,fulltime,yearly,0,senior_level,115945.5,8.0,University,Project / Program Management
Project Assistant,"parttime, fulltime",yearly,1,senior_level,85072.0,2.0,High School,Other / Miscellaneous
Principal Systems Engineer - Motor Control & Drive,internship,yearly,0,senior_level,182100.0,15.0,University,Network & Systems
"Senior Manager, Technology and Cyber Risk Advisor",internship,yearly,0,senior_level,171050.0,0.0,Online/Courses,IT Management / Director
Project Manager (NON-IT),fulltime,hourly,0,senior_level,196560.0,5.0,University,Project / Program Management
Sr. Collibra Developer,contract,yearly,0,senior_level,131247.0,0.0,University,Software Development
IT Specialist,fulltime,yearly,0,mid_level,48500.0,2.0,High School,Consulting / Specialist
"Project Manager, Infrastructure & Cybersecurity - Lithium Gigafactory",internship,yearly,0,senior_level,135751.5,7.0,University,Network & Systems
IT Support Administrator/Engineer,internship,yearly,0,senior_level,71797.5,2.0,Online/Courses,IT Support / Helpdesk
Indexer and Record Analyst,fulltime,yearly,0,entry_level,110957.5,5.0,University,Other / Miscellaneous
Programmer Analyst,fulltime,yearly,0,entry_level,111072.0,7.0,University,Software Development
Information Technology Specialist,fulltime,yearly,0,entry_level,125965.0,5.0,University,Consulting / Specialist
Elite Technical Support Engineer - TS/SCI + Full-Scope Poly (hybrid),internship,hourly,1,mid_level,97760.0,2.0,University,IT Support / Helpdesk
IT Support Technician,contract,hourly,1,senior_level,43680.0,3.0,University,IT Support / Helpdesk
"Technical Project Manager, USV",fulltime,yearly,0,mid_level,210000.0,10.0,University,Project / Program Management
Network Engineer,fulltime,yearly,1,mid_level,89009.5,1.0,High School,Network & Systems
Cloud Engineer,fulltime,yearly,1,senior_level,101700.0,3.0,University,Network & Systems
"Product Engineering Manager - Broken Arrow, OK",internship,yearly,0,senior_level,122539.5,3.0,University,IT Management / Director
"Vice President, Civil Engineering",contract,yearly,0,senior_level,179738.0,12.0,University,IT Management / Director
Senior Interface Architect,parttime,yearly,1,mid_level,142350.0,5.0,Online/Courses,General IT / Other IT Role
EDI Integrations Developer,fulltime,yearly,0,senior_level,90317.0,2.0,University,Software Development
Senior Information System Security Engineer (HYBRID),fulltime,yearly,1,senior_level,170000.0,7.0,University,Cybersecurity
IT Specialist,fulltime,hourly,0,mid_level,55120.0,2.0,University,Consulting / Specialist
GE e-terra ADMS Consultant,internship,yearly,0,senior_level,113839.5,4.0,University,Consulting / Specialist
Hub School Network Manager,fulltime,yearly,1,senior_level,70000.0,14.0,University,Network & Systems
Senior Cloud DevSecOps Engineer,contract,yearly,0,senior_level,185949.0,12.0,University,Cybersecurity
Systems Engineer,fulltime,yearly,0,executive_level,142425.0,5.0,University,Network & Systems
Oracle EPM Advisor,fulltime,yearly,1,senior_level,126346.5,4.0,University,Other / Miscellaneous
Sr. Systems/Lead Systems Administrator,fulltime,yearly,1,senior_level,103750.0,4.0,University,Network & Systems
Senior Systems Engineer,fulltime,yearly,0,senior_level,170000.0,7.0,University,Network & Systems
Traveling Special Systems Engineer - MSG - Semiconductor,fulltime,yearly,0,mid_level,115948.0,6.0,University,Network & Systems
Finance Solutions Architect SAP,internship,yearly,1,senior_level,95000.0,7.0,University,Consulting / Specialist
Head of Security & Trust Engineering,fulltime,yearly,0,senior_level,400550.0,10.0,University,Cybersecurity
Technical Operations Manager,fulltime,yearly,0,senior_level,92500.0,5.0,University,IT Management / Director
Analyst - Infrastructure,internship,yearly,1,mid_level,63525.0,20.0,University,Network & Systems
Senior Digital Product Manager (Lead Consultant),contract,yearly,1,mid_level,145812.5,7.0,University,IT Management / Director
Systems Engineer (Level 3),fulltime,yearly,0,senior_level,105000.0,5.0,University,Network & Systems
Account & Relationship Management Executive – Field Sales Health IT,fulltime,yearly,0,senior_level,122392.0,5.0,University,General IT / Other IT Role
Help Desk / Network Operation Analyst,contract,hourly,1,senior_level,68640.0,2.0,University,IT Support / Helpdesk
Help Desk Analyst 2 (Video Support Specialist),contract,yearly,0,senior_level,51430.5,2.0,University,IT Support / Helpdesk
Freelance Senior Staff Engineer,"parttime, fulltime, contract",hourly,1,senior_level,104000.0,6.0,University,General IT / Other IT Role
"Senior Manager, Analytics",internship,yearly,0,senior_level,100000.0,3.0,University,Data & Analytics
Senior Agile Project/Program Manager,fulltime,yearly,0,mid_level,107500.0,5.0,University,Project / Program Management
Azure Cloud DevOps Engineer (copy),fulltime,yearly,0,senior_level,275000.0,5.0,University,General IT / Other IT Role
IT Desktop Support Technician,"fulltime, contract",hourly,1,mid_level,58240.0,2.0,University,IT Support / Helpdesk
"Product Manager II, Audience & Data",fulltime,yearly,1,senior_level,135000.0,3.0,Bootcamp,Data & Analytics
Senior Information Systems Security Officer (ISSO),fulltime,hourly,0,mid_level,218400.0,7.0,University,Cybersecurity
Engineering Leader - Unify - Evinova,fulltime,yearly,0,senior_level,188006.0,7.0,University,General IT / Other IT Role
Director of Information Technology (Client Opening),fulltime,yearly,0,senior_level,136332.0,8.0,University,IT Management / Director
Support Engineer,fulltime,yearly,1,senior_level,71962.0,2.0,University,IT Support / Helpdesk
Digital Compu & Connected Device Lead,internship,yearly,0,senior_level,116780.0,3.0,Online/Courses,General IT / Other IT Role
IT Compliance Analyst,fulltime,yearly,0,senior_level,81523.0,5.0,University,General IT / Other IT Role
Desktop Support Technician,"parttime, contract",yearly,1,senior_level,52057.0,1.0,University,IT Support / Helpdesk
Program Manager,fulltime,yearly,0,senior_level,142587.5,5.0,University,Project / Program Management
Embedded Regional Security Manager,fulltime,yearly,0,mid_level,165000.0,5.0,University,Cybersecurity
Freelance Desktop Support Engineer,"parttime, contract",yearly,1,senior_level,52050.0,1.0,University,IT Support / Helpdesk
Senior Director of Science,fulltime,yearly,1,senior_level,170000.0,3.0,University,IT Management / Director
"Senior Strategic Product Consultant, Specialty Contractors",fulltime,yearly,1,senior_level,127152.5,8.0,University,IT Management / Director
Help Desk Engineer,"parttime, contract",yearly,1,senior_level,61971.0,1.0,University,IT Support / Helpdesk
Juniper MIST Resident Engineer,fulltime,yearly,0,senior_level,131380.0,15.0,University,General IT / Other IT Role
Service Desk Supervisor,fulltime,yearly,1,senior_level,57500.0,2.0,University,IT Support / Helpdesk
EUC - MDM - 5505551,fulltime,hourly,1,mid_level,95680.0,4.0,University,Other / Miscellaneous
Product Owner - 5564469,fulltime,hourly,0,senior_level,156000.0,8.0,University,Other / Miscellaneous
Program Manager/Product Owner,fulltime,yearly,0,senior_level,124501.0,8.0,University,Project / Program Management
Process Implementation Specialist,fulltime,yearly,0,senior_level,67067.0,5.0,University,Consulting / Specialist
Senior Identity Access Management Specialist,fulltime,yearly,0,entry_level,102681.5,10.0,High School,Consulting / Specialist
"Director, Information Security and Infrastructure",fulltime,yearly,0,mid_level,152500.0,3.0,Online/Courses,Network & Systems
"Director, End User Support Services",fulltime,yearly,1,mid_level,152500.0,8.0,Online/Courses,IT Support / Helpdesk
Consultants,fulltime,yearly,0,entry_level,90362.5,3.0,University,Consulting / Specialist
Principal Engagement Manager -Central Region,fulltime,yearly,1,senior_level,232591.5,12.0,Online/Courses,IT Management / Director
Security Endpoint Engineer/Admin,fulltime,hourly,0,senior_level,117520.0,3.0,University,Cybersecurity
Level III Technician,fulltime,yearly,1,executive_level,68557.5,5.0,University,IT Support / Helpdesk
Project Manager DC and Rockville,"fulltime, contract",yearly,0,senior_level,103000.0,10.0,University,Project / Program Management
Professional Services Engineer - Midspace,internship,yearly,0,senior_level,157340.5,5.0,University,General IT / Other IT Role
Client CTO,fulltime,yearly,0,senior_level,160324.0,10.0,University,IT Management / Director
Service Desk Clerk,parttime,hourly,0,mid_level,27040.0,18.0,University,IT Support / Helpdesk
Network Administrator,fulltime,yearly,0,senior_level,73878.0,2.0,University,Network & Systems
Agile Project Manager,contract,hourly,1,senior_level,130000.0,5.0,University,Project / Program Management
"Strategic Product Consultant, Owners",fulltime,yearly,1,senior_level,120150.0,3.0,University,Consulting / Specialist
Senior Systems Engineer,fulltime,yearly,0,senior_level,142196.5,7.0,University,Network & Systems
Scrum Master,contract,yearly,1,senior_level,114583.0,2.0,University,Project / Program Management
Director of Infrastructure,fulltime,yearly,0,senior_level,129706.5,10.0,University,Network & Systems
Engineering Leader - Signature Solutions,internship,yearly,1,senior_level,115987.5,1.0,University,General IT / Other IT Role
Telephony Engineer I,fulltime,yearly,0,senior_level,78600.5,3.0,University,General IT / Other IT Role
Senior Desktop Support Administrator,fulltime,yearly,0,executive_level,55000.0,2.0,University,IT Support / Helpdesk
Governance & Control Specialist,fulltime,yearly,0,mid_level,108420.0,7.0,Online/Courses,Consulting / Specialist
"Deputy Director, Cyber Engagement (Clearance Required)",fulltime,yearly,1,entry_level,156450.0,10.0,University,IT Management / Director
Senior AWS Architect (Remote),fulltime,yearly,1,senior_level,183790.5,10.0,University,General IT / Other IT Role
SAP RAR Consultant,contract,yearly,0,senior_level,140968.0,3.0,Online/Courses,Consulting / Specialist
Field Service Support Technician,contract,hourly,0,senior_level,45760.0,5.0,University,IT Support / Helpdesk
Hotel IT Systems Manager,fulltime,yearly,1,senior_level,103705.0,5.0,University,IT Management / Director
Channel Systems Engineer - GSI's,fulltime,yearly,0,senior_level,235500.0,8.0,University,Network & Systems
Desktop Support,contract,hourly,0,mid_level,44720.0,4.0,University,IT Support / Helpdesk
IT Help Desk Technician,fulltime,yearly,1,mid_level,61000.0,5.0,High School,IT Support / Helpdesk
Desktop Support,contract,hourly,0,mid_level,44720.0,4.0,University,IT Support / Helpdesk
SAP EAM/Plant Maintenance,contract,hourly,0,senior_level,161200.0,6.0,University,Data & Analytics
Senior Specialist,fulltime,yearly,1,mid_level,67500.0,8.0,University,Consulting / Specialist
Sr. Systems Engineer-Remote USA,fulltime,yearly,1,entry_level,140000.0,5.0,University,Network & Systems
Sage Intacct Implementation Consultant,internship,yearly,1,senior_level,105000.0,5.0,University,Consulting / Specialist
Manager of Desktop Operations,fulltime,yearly,1,senior_level,115449.0,10.0,University,IT Management / Director
Simulation Specialist,contract,yearly,1,mid_level,77487.0,3.0,University,Consulting / Specialist
Technical Support Engineer,fulltime,yearly,1,senior_level,60000.0,5.0,University,IT Support / Helpdesk
"Network Operator - (Hybrid - Roseville, CA)",fulltime,yearly,1,senior_level,95750.0,5.0,University,Network & Systems
"Network Engineer - (Hybrid - Roseville, CA)",fulltime,yearly,1,senior_level,75650.0,3.0,University,Network & Systems
Experienced Project Manager,fulltime,yearly,1,entry_level,105400.0,3.0,University,Project / Program Management
Information System Security Manager III,fulltime,yearly,0,senior_level,125227.0,10.0,University,Cybersecurity
System Administrator,internship,yearly,0,senior_level,99830.5,3.0,University,Network & Systems
"Manager, Product Support- Americas",fulltime,yearly,0,senior_level,114487.5,10.0,University,IT Support / Helpdesk
Systems Administrator,fulltime,yearly,0,senior_level,122000.0,4.0,University,Network & Systems
Senior HRIS Analyst I or Senior HRIS Analyst II,fulltime,yearly,0,senior_level,91464.5,3.0,Online/Courses,Other / Miscellaneous
Salesforce Developer - Cannabis,fulltime,yearly,0,mid_level,115000.0,5.0,University,Software Development
Cybersecurity Audit Manager/Test Lead,"fulltime, contract",hourly,1,mid_level,150800.0,1.0,University,Cybersecurity
Senior Systems Admin / Level 3 Engineer,fulltime,yearly,0,senior_level,82500.0,3.0,High School,General IT / Other IT Role
Senior Cybersecurity Architect,fulltime,yearly,0,senior_level,169785.0,6.0,University,Cybersecurity
Project Manager - Senior,contract,hourly,1,entry_level,119600.0,6.0,University,Project / Program Management
Cybersecurity Engineer III,fulltime,yearly,0,senior_level,147645.0,4.0,University,Cybersecurity
IT Support Technician II,fulltime,hourly,1,mid_level,45760.0,2.0,University,IT Support / Helpdesk
Oracle Cloud HCM - (OTL/Absence ) Manager,fulltime,yearly,1,mid_level,141126.0,10.0,University,IT Management / Director
Time and Payroll Project Manager,"temporary, contract",hourly,1,senior_level,176800.0,5.0,University,Project / Program Management
Cloud Security Engineer,internship,yearly,1,senior_level,116666.5,2.0,University,Cybersecurity
Project Manager,fulltime,yearly,0,senior_level,72178.5,3.0,University,Project / Program Management
Product Manager - Motion,internship,yearly,0,senior_level,119912.5,4.0,University,IT Management / Director
Sr. Cloud Security Engineer,internship,yearly,1,senior_level,149000.0,5.0,University,Cybersecurity
Sr. Product Manager II (5511),contract,yearly,0,senior_level,156012.5,7.0,University,IT Management / Director
Project Manager - ATM Program,fulltime,yearly,0,mid_level,110672.5,5.0,University,Project / Program Management
"Senior Cloud Engineer, Google Cloud Delivery",internship,yearly,1,entry_level,202500.0,10.0,University,Network & Systems
Senior Infrastructure Engineer / SRE,fulltime,yearly,1,executive_level,140987.5,5.0,University,Network & Systems
"Product Manager, POS",fulltime,yearly,1,senior_level,152900.0,2.0,Online/Courses,IT Management / Director
Security Administrator,fulltime,yearly,1,mid_level,80137.0,5.0,High School,Cybersecurity
Desktop Support Technician,fulltime,hourly,1,executive_level,48880.0,1.0,University,IT Support / Helpdesk
Business Systems Architect,fulltime,yearly,0,mid_level,172500.0,5.0,University,General IT / Other IT Role
Security Administrator,fulltime,yearly,1,mid_level,79555.0,5.0,High School,Cybersecurity
IT Service Desk Analyst,contract,hourly,0,mid_level,58240.0,2.0,University,IT Support / Helpdesk
Service Desk Analyst,fulltime,yearly,1,senior_level,36072.5,1.0,High School,IT Support / Helpdesk
Field Support Technician,fulltime,yearly,1,senior_level,42398.0,1.0,High School,IT Support / Helpdesk
SuccessFactors Project Manager,fulltime,yearly,1,senior_level,116479.0,3.0,University,Project / Program Management
Technical Product Manager - 2186,fulltime,yearly,0,senior_level,212495.0,8.0,University,IT Management / Director
Mission Systems Engineer,fulltime,yearly,0,mid_level,160787.5,8.0,University,Network & Systems
Technical Program Manager,fulltime,yearly,0,senior_level,155000.0,10.0,University,Project / Program Management
Application Administrator,fulltime,yearly,0,executive_level,63138.5,2.0,University,Other / Miscellaneous
IT Deputy Director,fulltime,yearly,0,senior_level,99500.0,5.0,University,IT Management / Director
Network Engineer,fulltime,yearly,1,mid_level,90000.0,4.0,University,Network & Systems
Cyber Security Audit Manager,contract,hourly,1,mid_level,166400.0,3.0,University,Cybersecurity
Automation Support Manager,internship,yearly,0,senior_level,130191.5,3.0,University,IT Support / Helpdesk
Lead Ground Systems Engineer (ESS-SR),fulltime,yearly,0,mid_level,145782.0,14.0,University,Network & Systems
SAP Manufacturing and Quality Analyst,fulltime,yearly,0,senior_level,56085.0,3.0,University,General IT / Other IT Role
Technical Services Specialist 2,fulltime,yearly,0,mid_level,54475.5,1.0,University,Consulting / Specialist
Desktop Support,contract,hourly,1,mid_level,46800.0,5.0,University,IT Support / Helpdesk
Tier 1 Technical Support,parttime,hourly,1,senior_level,35360.0,1.0,University,IT Support / Helpdesk
Desktop Support Technician,contract,hourly,1,mid_level,46800.0,5.0,University,IT Support / Helpdesk
Technical Program Manager / Lead Engineer,fulltime,yearly,0,senior_level,145000.0,10.0,University,Project / Program Management
Sr. SharePoint Developer,contract,hourly,0,entry_level,150800.0,10.0,University,Software Development
Operations Specialist - Software,fulltime,hourly,0,mid_level,54080.0,2.0,University,Consulting / Specialist
IT Clinical Applications Analyst,internship,yearly,0,senior_level,104021.0,5.0,University,General IT / Other IT Role
Workday Security Administrator,contract,hourly,0,senior_level,124800.0,6.0,University,Cybersecurity
Project Manager,fulltime,yearly,0,mid_level,77500.0,2.0,University,Project / Program Management
Infrastructure Desktop Engineer,contract,hourly,0,mid_level,52000.0,1.0,University,Network & Systems
Technical Consultant (Routing & Switching - CCNP),fulltime,yearly,1,mid_level,112700.0,5.0,University,Consulting / Specialist
Cyber Compliance Officer,fulltime,yearly,1,senior_level,82500.0,3.0,University,General IT / Other IT Role
Identity Services Architect (Technical Liaison),fulltime,yearly,0,senior_level,184774.5,5.0,Online/Courses,Data & Analytics
Government Information Specialist (FOIA),fulltime,yearly,0,entry_level,135658.0,5.0,Online/Courses,Consulting / Specialist
Electronics Engineer (Cyber),fulltime,yearly,0,senior_level,120592.0,1.0,Online/Courses,General IT / Other IT Role
IT CYBERSECURITY SPECIALIST INFOSEC,fulltime,yearly,1,entry_level,88593.0,5.0,Online/Courses,Cybersecurity
Interdisciplinary,temporary,yearly,0,mid_level,126277.0,1.0,Online/Courses,Other / Miscellaneous
SUPERVISORY INTERDISCIPLINARY,fulltime,yearly,0,mid_level,165647.5,1.0,University,Other / Miscellaneous
"Director, Inspire Value - Technology",fulltime,yearly,1,senior_level,252750.0,10.0,Online/Courses,IT Management / Director
Installation and Integration Specialist,fulltime,yearly,1,senior_level,70500.0,5.0,University,Consulting / Specialist
Zookeeper,"fulltime, contract",hourly,0,senior_level,98800.0,10.0,University,Other / Miscellaneous
Senior DevSecOps Engineer - Atlassian,"temporary, fulltime, contract",hourly,1,senior_level,156000.0,3.0,University,Cybersecurity
Director of Product Management,fulltime,yearly,0,senior_level,125000.0,5.0,University,IT Management / Director
Sr Project Manager 4,contract,yearly,0,senior_level,129032.0,5.0,University,Project / Program Management
Product Analyst,fulltime,yearly,1,senior_level,84600.0,2.0,University,Other / Miscellaneous
Senior Escalation Engineer,internship,yearly,1,senior_level,93348.0,5.0,University,General IT / Other IT Role
Senior Applications Administrator,fulltime,yearly,1,senior_level,119300.0,6.0,University,Other / Miscellaneous
Director of Strategic Accounts,fulltime,yearly,1,senior_level,169100.0,10.0,University,IT Management / Director
AutoScale Specialist,fulltime,yearly,1,mid_level,57407.0,1.0,University,Consulting / Specialist
Director of IT,fulltime,hourly,0,senior_level,64480.0,5.0,University,IT Management / Director
2025 Summer Internship (US) - Software Product Manager,internship,hourly,1,senior_level,56160.0,0.0,Online/Courses,IT Management / Director
Q/A Specialist : Activity Customer Technical Representative,contract,yearly,1,mid_level,83798.0,8.0,University,Consulting / Specialist
Identity Access Management Analyst,fulltime,yearly,0,mid_level,64989.0,2.0,University,General IT / Other IT Role
Video Technical Program Manager,internship,yearly,0,senior_level,214000.0,5.0,University,Project / Program Management
Systems Engineer - Mid level,fulltime,yearly,1,executive_level,101653.0,3.0,University,Network & Systems
Manager Privacy COE,fulltime,yearly,0,mid_level,107272.5,5.0,University,IT Management / Director
Sr Fiber Systems Support Technician,internship,yearly,0,senior_level,68707.5,5.0,University,IT Support / Helpdesk
"Specialist, Implementation & Field Operations",fulltime,yearly,0,mid_level,75535.5,3.0,University,Consulting / Specialist
IT Director - Shopify,fulltime,yearly,0,senior_level,174557.0,8.0,Online/Courses,IT Management / Director
"IT Support Technician I - Palm Beach Gardens, FL",fulltime,yearly,0,senior_level,52500.0,1.0,High School,IT Support / Helpdesk
Messaging and Collaboration Administrator - Junior,fulltime,yearly,0,mid_level,60000.0,0.0,University,Intern / Entry Level
Project Manager - Senior,fulltime,yearly,0,mid_level,136993.0,12.0,University,Project / Program Management
Service Desk Specialist,fulltime,yearly,0,mid_level,42019.0,1.0,University,IT Support / Helpdesk
Hybrid Desktop Support Analyst,fulltime,hourly,1,mid_level,44720.0,1.0,University,IT Support / Helpdesk
IT Service Management Lead,fulltime,yearly,0,senior_level,106114.0,5.0,University,General IT / Other IT Role
Systems Administrator,fulltime,yearly,1,senior_level,101054.5,5.0,University,Network & Systems
"Systems Analyst, Financial Assistance",fulltime,yearly,0,senior_level,72653.0,3.0,University,General IT / Other IT Role
SAP Landscape and Data Transformation (LDT) Consultant (Academy),fulltime,yearly,0,mid_level,90963.0,1.0,University,Data & Analytics
IT Program Senior Manager,fulltime,yearly,1,senior_level,199200.0,10.0,University,IT Management / Director
Associate Cloud Engineer (Top Secret Clearance),internship,yearly,0,mid_level,114858.0,3.0,Bootcamp,Network & Systems
Identity & Access Management (IAM) Engineer,fulltime,yearly,1,entry_level,146586.0,3.0,University,General IT / Other IT Role
IT Operation Manager,fulltime,yearly,0,senior_level,75967.0,8.0,University,IT Management / Director
Help Desk Specialist,"fulltime, contract",hourly,1,senior_level,49920.0,6.0,University,IT Support / Helpdesk
Principal PC Analyst (JG:23) or Senior PC Analyst (JG:21),fulltime,yearly,1,senior_level,78047.5,4.0,University,Other / Miscellaneous
IT Technician,fulltime,yearly,0,mid_level,66250.0,2.0,University,IT Support / Helpdesk
SAP Vertex Functional Consultant (Remote),fulltime,hourly,1,senior_level,182000.0,5.0,University,Consulting / Specialist
IT Site Support Technician II,fulltime,hourly,1,senior_level,54080.0,3.0,University,IT Support / Helpdesk
Ground Systems Engineer,fulltime,yearly,1,senior_level,195000.0,5.0,University,Network & Systems
"Product Owner, IT Service Management",fulltime,yearly,0,mid_level,198902.0,10.0,University,General IT / Other IT Role
Expert Engineering Requirements Manager - TS/SCI Required,fulltime,yearly,0,mid_level,200000.0,7.0,University,IT Management / Director
Sailpoint Architect,contract,yearly,1,senior_level,120000.0,10.0,University,Data & Analytics
Technology Product Manager,fulltime,yearly,0,senior_level,144402.5,5.0,University,IT Management / Director
Sailpoint Sr Developer,contract,yearly,1,executive_level,102500.0,8.0,University,Software Development
ACH Mainframe Developer,fulltime,yearly,0,senior_level,125425.5,5.0,University,Software Development
Sr. SailPoint Developer,fulltime,yearly,1,executive_level,119123.0,2.0,Online/Courses,Software Development
IAM Solution Architect,contract,yearly,1,senior_level,120000.0,10.0,University,General IT / Other IT Role
Desktop Support Technician,contract,yearly,1,mid_level,45500.5,4.0,University,IT Support / Helpdesk
"Manager, Onsite Technology Support",fulltime,yearly,1,senior_level,122950.0,2.0,University,IT Support / Helpdesk
Systems Engineer,fulltime,yearly,1,mid_level,124611.5,4.0,University,Network & Systems
Systems Engineer (Test Tool Development and Automation),fulltime,yearly,0,mid_level,133136.0,4.0,University,Network & Systems
IAM Solution Architect,fulltime,yearly,1,senior_level,135000.0,2.0,Online/Courses,General IT / Other IT Role
SAFe Product Owner,fulltime,yearly,1,senior_level,170326.0,9.0,University,Other / Miscellaneous
SAP BRIM Convergent Invoicing (CI) Job Description,contract,hourly,1,senior_level,119600.0,10.0,University,Other / Miscellaneous
Director of Clinical Information Systems,fulltime,yearly,0,senior_level,113864.0,3.0,University,IT Management / Director
Production Support Engineer,fulltime,yearly,0,entry_level,103216.0,5.0,University,IT Support / Helpdesk
Desktop Support Technician - ONSITE,fulltime,hourly,1,mid_level,45760.0,2.0,University,IT Support / Helpdesk
IT CYBERSECURITY SPECIALIST (NETWORK/INFOSEC),"parttime, fulltime",yearly,0,mid_level,160305.5,1.0,Online/Courses,Network & Systems
SUPERVISORY IT CYBERSECURITY SPECIALIST (NETWORK/INFOSEC),"parttime, fulltime",yearly,0,senior_level,140529.0,1.0,Online/Courses,Network & Systems
Infrastructure Engineer - Windows/Citrix,fulltime,yearly,1,mid_level,132574.0,5.0,University,Network & Systems
IT PROGRAM MANAGER (NETWORK),fulltime,yearly,1,mid_level,135658.0,2.0,Online/Courses,Network & Systems
Helpdesk Specialist Journeyman,fulltime,hourly,1,senior_level,55120.0,6.0,University,Consulting / Specialist
Microsoft 365 Architect,fulltime,yearly,0,senior_level,91534.0,6.0,Online/Courses,General IT / Other IT Role
Senior Network Engineer,fulltime,yearly,1,senior_level,106776.5,7.0,University,Network & Systems
IT Reporting Specialist,fulltime,yearly,1,senior_level,60000.0,20.0,University,Consulting / Specialist
Consumer Manager,contract,yearly,1,senior_level,86115.0,3.0,University,IT Management / Director
Level II Help Desk Technician,fulltime,yearly,1,executive_level,55000.0,4.0,Online/Courses,IT Support / Helpdesk
Infrastructure Specialist,fulltime,yearly,0,mid_level,92500.0,5.0,University,Network & Systems
Mainframe Systems Analyst,fulltime,yearly,0,senior_level,110000.0,6.0,University,Data & Analytics
Network Administrator,fulltime,yearly,0,mid_level,70000.0,5.0,University,Network & Systems
Application Support Technician,fulltime,yearly,0,mid_level,52500.0,3.0,University,IT Support / Helpdesk
Ecommerce Product Technical Lead,fulltime,yearly,0,senior_level,119453.0,5.0,Online/Courses,General IT / Other IT Role
Cloud Architect,fulltime,yearly,0,senior_level,129086.5,20.0,University,General IT / Other IT Role
"Vice President, Digital Lending Platforms Product Manager",fulltime,yearly,0,senior_level,147500.0,7.0,University,IT Management / Director
Business Systems Analyst,fulltime,yearly,0,senior_level,105135.0,5.0,University,General IT / Other IT Role
Technical Implementation Specialist,fulltime,yearly,1,mid_level,57500.0,2.0,University,Consulting / Specialist
Information Systems Operations Specialist (IS1203 - Kyle),fulltime,yearly,1,mid_level,44446.5,2.0,High School,Consulting / Specialist
Data Center Commissioning Manager (MEP),fulltime,yearly,0,senior_level,121965.0,1.0,University,Data & Analytics
Cloud Engineer,contract,hourly,1,senior_level,157040.0,1.0,University,Network & Systems
Information Systems Manager,fulltime,yearly,0,senior_level,93913.5,5.0,University,IT Management / Director
Agile Project Manager,internship,yearly,1,senior_level,120043.0,2.0,University,Project / Program Management
ServiceNow Developer,internship,yearly,0,senior_level,125710.0,3.0,University,Software Development
IT Support Specialist,fulltime,yearly,0,mid_level,50684.0,2.0,University,IT Support / Helpdesk
Enterprise Architect (Hybrid),fulltime,yearly,0,senior_level,185000.0,10.0,University,Consulting / Specialist
Mainframe Developer,contract,yearly,0,senior_level,117804.0,20.0,University,Software Development
Outsystem Architect (10+) US located candidates alone,"fulltime, contract",hourly,1,mid_level,98800.0,6.0,University,General IT / Other IT Role
Security Specialist II,internship,yearly,1,senior_level,78148.5,3.0,University,Cybersecurity
IT/Desktop Support/ Help Desk/ Field Support/ IT Consultant (Freelancer) (Chicago),parttime,yearly,0,executive_level,64733.5,2.0,University,IT Support / Helpdesk
Project Manager,contract,yearly,0,senior_level,107991.0,5.0,University,Project / Program Management
"Senior Product Manager, Listing Marketing - Consumer Experience",fulltime,yearly,1,senior_level,189000.0,5.0,University,IT Management / Director
Chief Delivery Officer (CDO),fulltime,yearly,1,senior_level,175000.0,10.0,University,IT Management / Director
Okta Admin,contract,hourly,1,executive_level,119600.0,4.0,University,Other / Miscellaneous
AV Project Manager,fulltime,yearly,0,senior_level,95000.0,5.0,University,Project / Program Management
Network Technician,fulltime,yearly,1,senior_level,60000.0,5.0,University,IT Support / Helpdesk
Reliability Systems Engineer 3,internship,yearly,0,senior_level,125996.0,4.0,University,Network & Systems
Information Security Engineer - IL5,internship,yearly,1,mid_level,116666.5,4.0,University,Cybersecurity
"6+ Years Helpdesk Specialist - Washington, D.C (Onsite)",contract,hourly,1,senior_level,54080.0,2.0,University,Consulting / Specialist
Desktop Support Associate,contract,hourly,1,mid_level,43680.0,1.0,University,IT Support / Helpdesk
ITGC (General Controls) Project Manager,internship,yearly,0,senior_level,110000.0,5.0,University,Project / Program Management
SAP Plant Maintenance & Enterprise Asset Management,contract,hourly,0,senior_level,156000.0,10.0,University,Data & Analytics
Technical Support Specialist – Marco,fulltime,yearly,1,senior_level,62868.0,2.0,University,IT Support / Helpdesk
Desktop Support Technician,contract,hourly,1,mid_level,46800.0,4.0,University,IT Support / Helpdesk
Desktop Support Technician,contract,hourly,1,mid_level,46800.0,4.0,University,IT Support / Helpdesk
"Customer Engineer II, API and Integration, Google Cloud",fulltime,yearly,0,mid_level,151000.0,6.0,Online/Courses,General IT / Other IT Role
"Customer Engineer, Federal Civilian, Public Sector",fulltime,yearly,0,senior_level,151000.0,6.0,University,IT Management / Director
"Technical Program Manager III, New Product Introduction, Cloud Infrastructure",fulltime,yearly,0,senior_level,176500.0,5.0,University,Network & Systems
Mainframe Server Administrator - Remote- Part- time,parttime,yearly,1,mid_level,121961.5,20.0,Online/Courses,Data & Analytics
Technical Program Manager,internship,yearly,0,senior_level,129050.0,3.0,University,Project / Program Management
Sr. System Analyst,contract,hourly,0,senior_level,109200.0,15.0,University,Other / Miscellaneous
Guidewire Technical Program Manager,contract,yearly,0,senior_level,115183.0,9.0,University,Project / Program Management
Mobile Device Management Engineer,fulltime,yearly,0,senior_level,128165.5,5.0,University,General IT / Other IT Role
MS Dynamics 365 Architect,contract,hourly,0,senior_level,182000.0,10.0,University,General IT / Other IT Role
IT Support Technician Level II,fulltime,yearly,1,mid_level,72500.0,3.0,University,IT Support / Helpdesk
Salesforce Commerce Cloud Developer/Tech Lead,fulltime,yearly,1,senior_level,100000.0,6.0,University,Software Development
Guidewire Project Manager,contract,yearly,0,senior_level,96387.5,15.0,University,Project / Program Management
IT Field Technician,fulltime,yearly,1,mid_level,75000.0,3.0,High School,IT Support / Helpdesk
ORTEMS Solution Architect,fulltime,yearly,1,senior_level,147500.0,7.0,University,General IT / Other IT Role
"US Technology - Senior Technologist (Stamford, Pittsburgh, Florham Pk)",internship,yearly,0,entry_level,75000.0,1.0,High School,General IT / Other IT Role
"Data Services Project Manager, Bureau of IT Infrastructure and Support Services",fulltime,yearly,1,mid_level,102535.0,3.0,University,IT Support / Helpdesk
Alibaba Cloud-Solution Architect-Washington DC,contract,yearly,0,senior_level,162000.0,5.0,University,General IT / Other IT Role
Cloud Engineer,fulltime,yearly,0,entry_level,132332.5,2.0,University,Network & Systems
Field IT Support Technician,fulltime,yearly,1,mid_level,55000.0,1.0,High School,IT Support / Helpdesk
Programmer Analyst II,fulltime,yearly,0,senior_level,85908.0,2.0,Online/Courses,Software Development
Product Manager (Deployment Platform),fulltime,yearly,0,senior_level,164794.5,5.0,University,IT Management / Director
Lead Advanced Analytics,fulltime,yearly,0,senior_level,163400.0,3.0,University,Data & Analytics
Architecture Engineer (NE II) (Government),fulltime,yearly,0,mid_level,109650.0,10.0,University,General IT / Other IT Role
"Director, Cybersecurity Technical Defense Operations",internship,yearly,0,senior_level,208700.0,5.0,University,Cybersecurity
Technical Analyst I,internship,yearly,1,mid_level,62943.5,3.0,University,General IT / Other IT Role
R&D Technology Portfolio Partner,fulltime,yearly,0,senior_level,171000.0,10.0,University,General IT / Other IT Role
Security Engineer - HashiCorp Vault,fulltime,yearly,1,mid_level,133550.0,5.0,University,Cybersecurity
Systems Engineer,fulltime,yearly,0,senior_level,110000.0,5.0,University,Network & Systems
Project Manager in Healthcare IT,"fulltime, contract",hourly,0,senior_level,104000.0,3.0,University,Project / Program Management
Solution Architect,fulltime,yearly,0,senior_level,149192.0,5.0,University,General IT / Other IT Role
Genesys PO,fulltime,yearly,0,senior_level,100545.5,3.0,University,Other / Miscellaneous
IT Support Engineer,"parttime, fulltime",hourly,1,executive_level,38480.0,2.0,Online/Courses,IT Support / Helpdesk
"Lead, Information Security Systems Engineer",internship,yearly,0,mid_level,134867.5,9.0,University,Network & Systems
"Specialist, Information Security Systems Engineer",internship,yearly,0,mid_level,108782.0,2.0,University,Network & Systems
Advanced Level 2 IT Technician,fulltime,yearly,1,executive_level,70000.0,2.0,University,IT Support / Helpdesk
Sr. Systems Administrator (Windows/Azure),fulltime,yearly,0,executive_level,109422.5,5.0,University,Network & Systems
SAP FICO Consultant,contract,hourly,1,senior_level,130000.0,15.0,University,Consulting / Specialist
Software Applications Engineer - (Las Vegas - Hybrid),fulltime,yearly,1,executive_level,79100.0,3.0,University,General IT / Other IT Role
SAP GTS Architect,contract,hourly,1,senior_level,122720.0,8.0,University,General IT / Other IT Role
Cyber Systems Engineer (Project Engineer),fulltime,yearly,0,senior_level,128499.5,12.0,University,Network & Systems
Cyber Systems Engineer (Project Engineer),fulltime,yearly,0,senior_level,136260.0,15.0,University,Network & Systems
Protective Systems Engineer (Water Based) A,fulltime,yearly,0,executive_level,136870.0,15.0,University,Network & Systems
"Director, IT Program & Performance Management",fulltime,yearly,1,senior_level,172500.0,10.0,University,IT Management / Director
SAP ABAP Developer,fulltime,yearly,0,senior_level,105000.0,5.0,University,Software Development
SAP ABAP Developer,fulltime,yearly,0,senior_level,105000.0,5.0,University,Software Development
Service Mesh Engineer,fulltime,yearly,0,senior_level,125615.0,3.0,University,General IT / Other IT Role
Kafka Developer,fulltime,yearly,0,senior_level,112642.0,10.0,University,Software Development
Product Manager - TikTok Content Ecosystem,internship,yearly,0,senior_level,222500.0,1.0,University,IT Management / Director
AI Product Manager - QCI - Vice President - Machine Learning Center of Excellence,fulltime,yearly,0,senior_level,161775.0,6.0,University,Data & Analytics
Trust and Safety Product Manager - Payments - Vice President,fulltime,yearly,0,senior_level,161775.0,5.0,University,IT Management / Director
Senior Executive Partner -CIO Advisory - Global Enterprise,internship,yearly,0,mid_level,208900.0,20.0,University,IT Management / Director
Datalink Systems Engineer II,internship,yearly,0,senior_level,105269.5,5.0,University,Network & Systems
"Sr. System Integration Engineer, Release Management",fulltime,yearly,0,senior_level,165250.0,3.0,University,General IT / Other IT Role
GCP Platform + Security Architect - REMOTE,fulltime,yearly,1,senior_level,148840.0,10.0,University,Cybersecurity
Sales Technical Support Representative,fulltime,hourly,0,entry_level,58240.0,2.0,University,IT Support / Helpdesk
Junior Network Administrator,fulltime,yearly,1,entry_level,86000.0,2.0,High School,Network & Systems
Systems Specialist,fulltime,yearly,0,senior_level,103004.5,2.0,University,Consulting / Specialist
"Senior Engineer, Automation Systems Engineer",internship,yearly,1,mid_level,101235.5,2.0,University,Network & Systems
Core Sr. Engineer,fulltime,yearly,1,senior_level,131250.5,2.0,University,General IT / Other IT Role
"Technical Program Manager III, Principal Engineering Partnerships, Core",fulltime,yearly,0,senior_level,176500.0,5.0,University,Project / Program Management
"Engineering Manager, AI/ML Infrastructure, Google Compute Engine",fulltime,yearly,0,senior_level,236500.0,8.0,University,Network & Systems
T2 AS&W Analyst – Night Back,fulltime,yearly,1,entry_level,119537.5,5.0,University,Other / Miscellaneous
Incident Response Deputy Team Lead,fulltime,yearly,1,entry_level,154607.0,8.0,University,Other / Miscellaneous
Cyber Countermeasures Engineer,fulltime,yearly,1,mid_level,138419.5,2.0,University,General IT / Other IT Role
Penetration Tester - Mid,fulltime,yearly,1,senior_level,130605.0,8.0,University,Other / Miscellaneous
Senior Cyber Threat Hunt Analyst,fulltime,yearly,1,senior_level,159669.0,4.0,University,General IT / Other IT Role
Penetration Tester - Cloud,fulltime,yearly,1,senior_level,135248.0,6.0,University,General IT / Other IT Role
Oracle Analytics Cloud Specialist Leader,internship,yearly,0,entry_level,258300.0,8.0,University,Data & Analytics
Software Support Specialist (Remote),fulltime,yearly,1,senior_level,52582.0,2.0,Online/Courses,IT Support / Helpdesk
Cloud Infrastructure Systems Administrator,fulltime,yearly,0,senior_level,104000.0,5.0,University,Network & Systems
Program Manager I- R&D,fulltime,yearly,0,senior_level,119917.0,8.0,Online/Courses,Project / Program Management
Sr SCADA Load Mgmt. System Analyst,fulltime,yearly,0,mid_level,97842.0,3.0,University,Other / Miscellaneous
Problem Manager - AVP,fulltime,yearly,0,mid_level,120069.0,4.0,University,IT Management / Director
Health and Human Services IT Delivery Center Chief Information Officer,fulltime,yearly,1,senior_level,195401.5,10.0,University,IT Management / Director
Academic Success Product Manager,internship,yearly,1,senior_level,143202.0,5.0,University,IT Management / Director
"Security Control Assessment Analyst, Senior",fulltime,yearly,1,senior_level,123800.0,7.0,University,Cybersecurity
"Sr. Manager, Resident Architecture",internship,yearly,1,senior_level,235200.0,8.0,University,IT Management / Director
Associate Field Services Technology Manager,fulltime,yearly,0,entry_level,70551.0,6.0,High School,IT Management / Director
Sr. Cloud Architect Advisor,fulltime,yearly,0,senior_level,206700.0,10.0,University,General IT / Other IT Role
SAP PRA Sr. Consultant,fulltime,yearly,0,senior_level,166750.0,5.0,University,Consulting / Specialist
Senior SAP TM Consultant,fulltime,yearly,0,senior_level,166750.0,3.0,University,Consulting / Specialist
Senior Analytics Engineer,internship,yearly,1,senior_level,130000.0,4.0,University,Data & Analytics
Information Systems Manager (IT),fulltime,yearly,0,senior_level,187500.0,3.0,University,IT Management / Director
Technical Lead,fulltime,yearly,1,senior_level,167500.0,4.0,University,General IT / Other IT Role
Enterprise Resource Manager,fulltime,yearly,1,entry_level,75000.0,8.0,University,IT Management / Director
Information Technology Analyst (Top Secret Clearance Required),contract,yearly,0,mid_level,94907.0,5.0,University,General IT / Other IT Role
Engineering Manager,fulltime,yearly,0,senior_level,245000.0,5.0,University,IT Management / Director
Director Digital Product Management,fulltime,yearly,1,senior_level,162500.0,10.0,University,IT Management / Director
Enterprise Project Manager,fulltime,yearly,0,senior_level,112702.0,3.0,University,Project / Program Management
"Senior Engineer, Digital Workplace",internship,yearly,0,senior_level,112823.0,7.0,Online/Courses,General IT / Other IT Role
"Product Manager, Digital Experience Platform",fulltime,yearly,1,senior_level,130500.0,5.0,Online/Courses,IT Management / Director
"IT Helpdesk Technician (Oakland, CA)",internship,hourly,1,senior_level,58240.0,2.0,University,IT Support / Helpdesk
Sr IT Manager Business Solutions - Suppl,fulltime,yearly,0,senior_level,177650.0,15.0,University,IT Management / Director
Corp IT Solutions Engineer,fulltime,yearly,1,senior_level,108496.5,3.0,University,General IT / Other IT Role
Senior Analytics Engineer,fulltime,yearly,0,senior_level,147500.0,5.0,University,Data & Analytics
Data Security Senior Manager,internship,yearly,0,senior_level,207100.0,5.0,University,Cybersecurity
P-8 Missions Systems Engineer (Associate or Mid-Level),internship,yearly,0,mid_level,106925.0,2.0,University,Network & Systems
"Senior Product Manager-Tech, Device Sales and Customer Experience, NA Sales & Marketing",fulltime,yearly,0,senior_level,185650.0,5.0,Online/Courses,IT Management / Director
"Senior Product Manager, Platform- Capital One Software",fulltime,yearly,1,mid_level,180650.0,5.0,University,IT Management / Director
"Manager, Product Management - Card Intelligence (Fraud)",fulltime,yearly,0,entry_level,174850.0,3.0,University,IT Management / Director
"Senior Manager, Product Management - Enterprise Financial Platform",fulltime,yearly,0,mid_level,213150.0,5.0,University,IT Management / Director
"Sr. Director, Product Manager- Bank Modernization",fulltime,yearly,0,mid_level,291900.0,8.0,University,IT Management / Director
"Manager, Project Manager",fulltime,yearly,0,mid_level,158250.0,6.0,University,Project / Program Management
Senior Technology Coordinator,fulltime,yearly,1,entry_level,111851.5,2.0,University,General IT / Other IT Role
Mid-Level Systems Engineer,fulltime,yearly,0,mid_level,108113.5,3.0,University,Network & Systems
Senior Systems Engineer,fulltime,yearly,0,senior_level,144685.5,18.0,University,Network & Systems
Senior Manager: Information Security Engineering,fulltime,yearly,1,mid_level,155000.0,10.0,University,Cybersecurity
IT Support Specialist,internship,yearly,1,senior_level,69821.5,7.0,University,IT Support / Helpdesk
System Engineer-Intelligence & Cyber (Active TS/SCI Poly Security Clearance Required) 1,internship,yearly,1,senior_level,140324.5,4.0,University,Cybersecurity
System Engineer - Intel & Cyber (Active TS/SCI Security Clearance Required),internship,yearly,0,senior_level,155925.0,7.0,University,Cybersecurity
Business Systems Administrator,fulltime,yearly,1,senior_level,121835.5,7.0,High School,Network & Systems
Help Desk Technician,fulltime,yearly,1,executive_level,57500.0,3.0,High School,IT Support / Helpdesk
Senior Systems Engineer,fulltime,yearly,1,senior_level,113000.0,5.0,University,Network & Systems
Security Service Support,fulltime,yearly,0,executive_level,97500.0,3.0,University,IT Support / Helpdesk
"Technical Support Data Analyst, Advisory Consultant - Remote",fulltime,yearly,1,mid_level,104000.0,5.0,University,IT Support / Helpdesk
Senior Project Manager,fulltime,yearly,1,senior_level,165100.0,5.0,University,Project / Program Management
ServiceNow Developer,fulltime,yearly,1,senior_level,115234.5,3.0,University,Software Development
WAF Cybersecurity Engineer,fulltime,yearly,1,senior_level,111196.5,1.0,University,Cybersecurity
System Administration Associate,fulltime,yearly,0,mid_level,90245.5,5.0,University,Other / Miscellaneous
"Vulnerability Manager - Virtual, United States",fulltime,yearly,1,senior_level,140000.0,2.0,University,IT Management / Director
Systems Analyst 2,temporary,hourly,1,mid_level,96720.0,4.0,University,General IT / Other IT Role
IT Project Services Systems Engineer,fulltime,yearly,1,executive_level,110000.0,20.0,University,Network & Systems
Head of Developer Relations (USA/CAD - Remote),fulltime,yearly,1,senior_level,207010.5,3.0,University,Software Development
Software Technical Support Specialist II,fulltime,yearly,1,executive_level,61211.0,4.0,University,IT Support / Helpdesk
National Industrial Security Program (NISP) Security Manager - Top Secret,fulltime,yearly,0,senior_level,121327.0,5.0,University,Cybersecurity
System Administrator III,contract,yearly,0,mid_level,100861.5,7.0,University,Network & Systems
Network Administrator,contract,yearly,1,senior_level,108000.0,2.0,University,Network & Systems
Strategic S&T Futures SME,fulltime,yearly,0,mid_level,139775.0,8.0,University,Other / Miscellaneous
Systems Engineer,fulltime,yearly,0,senior_level,126511.0,9.0,High School,Network & Systems
IFMC Operating Systems Maintenance Product Owner,fulltime,yearly,0,senior_level,119108.5,7.0,University,Data & Analytics
Associate Digital Service Product Manager,fulltime,yearly,0,senior_level,102825.0,3.0,University,IT Management / Director
Payments - Commerce and Digital Identity Product Head - Managing Director,fulltime,yearly,0,senior_level,350000.0,10.0,University,IT Management / Director
Business Systems Analyst IV - Oracle,fulltime,yearly,1,senior_level,115000.0,3.0,Bootcamp,General IT / Other IT Role
"Market EMR Coach (Onsite based @ St. Mary's Hospital (Tucson, AZ))",fulltime,yearly,0,executive_level,91810.5,3.0,High School,General IT / Other IT Role
AVP R&D,fulltime,yearly,0,senior_level,193696.5,5.0,University,IT Management / Director
Assistant Director of IT Operations,fulltime,yearly,0,senior_level,102891.5,5.0,University,IT Management / Director
Senior Associate Systems Analyst (Active Secret Clearance),fulltime,yearly,1,mid_level,72500.0,0.0,University,General IT / Other IT Role
ServiceNow Developer/Administrator,fulltime,yearly,0,senior_level,122837.5,5.0,University,Software Development
Service Desk Technician,fulltime,yearly,1,senior_level,48770.5,3.0,University,IT Support / Helpdesk
TCHL PROJECT MGT PROFL 4,fulltime,yearly,1,senior_level,165100.0,5.0,University,Other / Miscellaneous
Staff Product Manager,fulltime,yearly,0,senior_level,173250.0,6.0,University,IT Management / Director
"COMPUTER SUPPORT SPECIALIST, SR",fulltime,hourly,1,senior_level,60320.0,5.0,High School,IT Support / Helpdesk
Technical Advisor,fulltime,yearly,1,entry_level,240000.0,8.0,University,General IT / Other IT Role
Network Engineer - Wireless,fulltime,yearly,1,mid_level,117638.5,5.0,University,Network & Systems
"Sr. Associate, Program Management, Liberty Street, New York, NY",contract,yearly,0,mid_level,124375.0,7.0,University,Other / Miscellaneous
Lead Control Systems Engineer - Rockwell,fulltime,yearly,0,senior_level,109350.0,2.0,University,Network & Systems
Systems Engineer,fulltime,yearly,0,senior_level,145783.0,9.0,High School,Network & Systems
Advisor 5,fulltime,yearly,1,mid_level,251350.0,13.0,University,Other / Miscellaneous
Systems Engineer,fulltime,yearly,1,senior_level,140602.0,10.0,University,Network & Systems
Systems Analyst,fulltime,yearly,0,mid_level,129000.0,10.0,Online/Courses,General IT / Other IT Role
Senior Systems Administrator,fulltime,yearly,1,entry_level,135000.0,3.0,University,Network & Systems
Cloud Engineer III - Senior,fulltime,yearly,1,entry_level,126431.0,4.0,High School,Network & Systems
Engineering Intern,internship,yearly,1,senior_level,52309.0,20.0,University,Intern / Entry Level
ISSM,fulltime,yearly,0,senior_level,124259.5,5.0,University,Other / Miscellaneous
Director of User Experience Research and Testing,fulltime,yearly,1,entry_level,132537.5,9.0,Online/Courses,IT Management / Director
Applications Systems Analyst Senior-remote,fulltime,hourly,1,mid_level,104000.0,5.0,University,General IT / Other IT Role
IT Support Intern,internship,yearly,1,mid_level,42994.0,2.0,University,IT Support / Helpdesk
SEA 04 Senior Financial Systems Analyst,fulltime,yearly,0,mid_level,187567.5,10.0,University,General IT / Other IT Role
CNIC N6 Helpdesk Support Specialist,fulltime,yearly,0,mid_level,102056.0,8.0,High School,IT Support / Helpdesk
"Hardware Reliability Engineer, Infrastructure Reliability & Quality",fulltime,yearly,0,mid_level,161904.5,5.0,University,Network & Systems
"Manager, Technology Support (National)",fulltime,yearly,1,mid_level,119850.0,8.0,University,IT Support / Helpdesk
Salesforce B2B Commerce Lead - Senior Manager,fulltime,yearly,1,entry_level,246000.0,10.0,Online/Courses,IT Management / Director
Salesforce B2B Commerce Cloud Architect,fulltime,yearly,1,entry_level,174900.0,5.0,Online/Courses,General IT / Other IT Role
Salesforce Commerce Cloud Functional Senior Consultant,fulltime,yearly,1,mid_level,174900.0,5.0,Online/Courses,Consulting / Specialist
"ServiceNow Developer and/or Platform Management | TS/SCI w. Polygraph Req.| Chantilly, VA",fulltime,yearly,0,senior_level,132617.5,2.0,University,Software Development
"System Engineer - TS/SCI Poly Required - Ft. Meade, MD",fulltime,yearly,0,mid_level,137000.0,1.0,University,General IT / Other IT Role
Field Service Senior Manager,fulltime,yearly,0,mid_level,246000.0,8.0,University,IT Management / Director
SharePoint Administrator,fulltime,yearly,0,mid_level,145000.0,5.0,University,Other / Miscellaneous
Oracle Global Order Promising (GOP) Manager,fulltime,yearly,0,senior_level,148011.0,8.0,University,IT Management / Director
Technical Project Manager,fulltime,yearly,0,mid_level,152567.0,7.0,University,Project / Program Management
Cloud Native Engineer,fulltime,yearly,0,mid_level,122508.5,2.0,University,General IT / Other IT Role
Workday Core HCM Lead,fulltime,yearly,0,entry_level,156205.5,5.0,University,Other / Miscellaneous
FI Lead,fulltime,yearly,1,senior_level,148662.0,12.0,University,Other / Miscellaneous
Appian Developer,fulltime,yearly,0,senior_level,124743.0,1.0,University,Software Development
Casual Position - Infrastructure Consultant,parttime,hourly,0,senior_level,162240.0,15.0,High School,Network & Systems
"Support Systems Administrator - Entry or Specialist, UMKC Information Services, 81892",fulltime,yearly,1,senior_level,57000.0,4.0,University,IT Support / Helpdesk
IT Architect - IT Architecture,internship,yearly,0,entry_level,165000.0,8.0,University,General IT / Other IT Role
NetSuite Administrator,internship,yearly,1,senior_level,105000.0,3.0,University,General IT / Other IT Role
IT Systems Administrator,fulltime,yearly,0,senior_level,95000.0,3.0,University,Network & Systems
Service Desk Technician,fulltime,yearly,1,senior_level,70000.0,3.0,University,IT Support / Helpdesk
IT Desktop Support Technician,fulltime,yearly,1,mid_level,80000.0,3.0,University,IT Support / Helpdesk
Manufacturing Software Systems Engineer,fulltime,yearly,0,mid_level,95900.0,3.0,Online/Courses,Network & Systems
SAP NetWeaver Application Server SME,fulltime,yearly,0,mid_level,99000.0,5.0,University,Other / Miscellaneous
DeskSide Support Technician II- US Citizens (Germantown MD),fulltime,yearly,0,executive_level,67856.5,2.0,University,IT Support / Helpdesk
Manager of Custom Solutions Development,internship,yearly,1,senior_level,110000.0,5.0,University,IT Management / Director
Product Manager,internship,yearly,1,senior_level,162500.0,5.0,Online/Courses,IT Management / Director
Software Security Engineer,fulltime,yearly,1,senior_level,143685.5,9.0,University,Cybersecurity
Unqork SME,fulltime,yearly,1,senior_level,117137.5,5.0,University,Other / Miscellaneous
ServiceNow SME,fulltime,yearly,1,senior_level,132497.0,10.0,University,Other / Miscellaneous
Network Engineer,fulltime,yearly,1,mid_level,79898.0,3.0,University,Network & Systems
Solutions Architect (SAP - SD) - Remote,internship,yearly,1,senior_level,144520.5,7.0,Online/Courses,Consulting / Specialist
Sr Desktop Support Technician - Temporary,fulltime,yearly,0,mid_level,70497.5,5.0,University,IT Support / Helpdesk
Senior Product Program Manager,fulltime,yearly,0,mid_level,183500.0,8.0,University,Project / Program Management
"Technical Program Manager, XR Hardware",internship,yearly,0,senior_level,201875.0,3.0,University,Project / Program Management
Information Security Manager,fulltime,yearly,0,senior_level,152089.0,10.0,University,Cybersecurity
IT NETWORK ENGINEER,fulltime,yearly,1,senior_level,83642.0,2.0,University,Network & Systems
UAS Payload Systems Engineer,fulltime,yearly,0,senior_level,125764.0,5.0,University,Network & Systems
Apps Dev Tech Lead Analyst - C13 - TAMPA,fulltime,yearly,0,mid_level,142300.0,6.0,University,General IT / Other IT Role
"VP, Scam Policy Officer",fulltime,yearly,0,senior_level,157200.0,6.0,University,IT Management / Director
VP-Design Ops Senior Producer - C13- Hybrid (Contractor Conversion),"fulltime, contract",yearly,0,senior_level,196300.0,10.0,University,IT Management / Director
SVP - Tech Reengineering C14 (Hybrid),fulltime,yearly,0,senior_level,212000.0,10.0,University,IT Management / Director
"Compl Bus Control Officer, Remediation - C13",fulltime,yearly,0,mid_level,133900.0,6.0,University,Other / Miscellaneous
Infrastructure Group Manager - SVP,fulltime,yearly,0,senior_level,195200.0,10.0,University,Network & Systems
"SVP, Program Group Manager - C14",fulltime,yearly,1,mid_level,240000.0,10.0,University,IT Management / Director
Ops Support Specialist (Bilingual in Spanish) - Resident,fulltime,yearly,0,entry_level,47600.0,1.0,High School,IT Support / Helpdesk
"Vice President, Enterprise Business Architecture & Transformation Lead Analyst - C13 - TAMPA",fulltime,yearly,0,senior_level,142300.0,5.0,University,IT Management / Director
"Public Company Access - Execution Manager, VP",fulltime,yearly,0,senior_level,177900.0,6.0,University,IT Management / Director
Assistant Project Manager WRKSHP,fulltime,yearly,1,senior_level,93500.0,1.0,University,Project / Program Management
SAP S/4 HANA – Systems Architect,fulltime,yearly,0,senior_level,166250.0,7.0,University,General IT / Other IT Role
Platform Product Manager,fulltime,yearly,1,senior_level,117259.5,3.0,Bootcamp,IT Management / Director
Director of Technology & IT,fulltime,yearly,0,senior_level,148322.0,7.0,University,IT Management / Director
Lead Business Applications Analyst,fulltime,yearly,0,senior_level,110063.0,4.0,University,Other / Miscellaneous
Information Security Consultant (SOC Complienece),fulltime,yearly,0,entry_level,121000.0,2.0,University,Cybersecurity
Project Manager,fulltime,yearly,1,senior_level,110801.5,2.0,University,Project / Program Management
The Artemis Network Validation & Integration Lab (ANVIL) Manager,fulltime,yearly,0,senior_level,119702.0,10.0,University,Network & Systems
IAM Architect role,internship,yearly,1,mid_level,144765.5,12.0,University,General IT / Other IT Role
IT Network Engineer,fulltime,yearly,1,senior_level,133676.5,5.0,Online/Courses,Network & Systems
HPC Systems Engineer,fulltime,yearly,0,mid_level,165500.0,6.0,University,Network & Systems
IT Education User Support Specialist,fulltime,yearly,0,mid_level,116500.0,3.0,University,IT Support / Helpdesk
"Consulting Director, DFIR, Reactive Services (Unit 42) - Remote",fulltime,yearly,1,senior_level,217500.0,10.0,University,IT Management / Director
Salesforce Developer,fulltime,yearly,0,senior_level,103149.5,1.0,University,Software Development
Systems & Cybersecurity Administrator,fulltime,yearly,0,senior_level,71000.0,2.0,Online/Courses,Cybersecurity
"Sr Program Manager, New Product Development (Andover, MA)",fulltime,yearly,0,senior_level,196824.0,10.0,University,Project / Program Management
"Associate Product Manager, U.S. Hip Solutions",fulltime,yearly,0,mid_level,115222.5,2.0,University,IT Management / Director
"IT Support Specialist (Pittsburgh, PA)",fulltime,yearly,1,executive_level,69950.5,1.0,University,IT Support / Helpdesk
Senior Associate Systems Analyst (Active Secret Clearance),fulltime,yearly,1,mid_level,72500.0,6.0,University,General IT / Other IT Role
Management Analyst,fulltime,yearly,0,mid_level,149589.0,5.0,Online/Courses,Other / Miscellaneous
Supervisory Information Technology Specialist (INFOSEC),fulltime,yearly,0,mid_level,177932.0,5.0,Online/Courses,Cybersecurity
INFORMATION TECHNOLOGY SPECIALIST (APPSW),parttime,yearly,1,senior_level,135658.0,5.0,University,Consulting / Specialist
ENGINEER,parttime,yearly,1,senior_level,102002.5,1.0,Online/Courses,General IT / Other IT Role
IT PROJECT MANAGER (PLCYPLN/SYSANALYSIS),fulltime,yearly,0,mid_level,165647.5,2.0,Online/Courses,Project / Program Management
Systems Engineer,temporary,yearly,0,mid_level,126277.0,1.0,Online/Courses,Network & Systems
Desktop Analyst,fulltime,yearly,1,executive_level,87500.0,3.0,University,Other / Miscellaneous
"Director, Data Product Analysis",internship,yearly,0,mid_level,172500.0,10.0,High School,Data & Analytics
SR LEAD PROJECT MANAGER,internship,yearly,1,senior_level,120095.0,5.0,University,Project / Program Management
Shopify Product Manager,fulltime,hourly,0,senior_level,39520.0,4.0,Online/Courses,IT Management / Director
Sr. Systems Engineer,fulltime,yearly,0,senior_level,137459.0,4.0,University,Network & Systems
"Senior Director, Core Team Program Leader - Robotics",fulltime,yearly,0,senior_level,233126.5,10.0,University,IT Management / Director
IT Engineer (LEAF),fulltime,hourly,0,senior_level,82160.0,2.0,University,General IT / Other IT Role
Senior Director Robotics Software R&D,fulltime,yearly,0,senior_level,228724.0,10.0,University,IT Management / Director
"Senior Staff Digital Systems Engineer (Andover, MA)",fulltime,yearly,0,senior_level,155236.5,8.0,University,Network & Systems
Expert Systems Engineer 2024-NSE-718,contract,yearly,1,senior_level,165502.0,4.0,University,Network & Systems
Professional Tutor (Information Technology) - NVC - req12180,"temporary, parttime",yearly,0,mid_level,41036.5,1.0,University,General IT / Other IT Role
"Manager, Ticketing CRM",fulltime,yearly,0,senior_level,90000.0,3.0,University,IT Management / Director
IT Support Specialist,fulltime,yearly,1,executive_level,44298.0,1.0,University,IT Support / Helpdesk
Project Manager,fulltime,yearly,1,senior_level,146721.0,10.0,University,Project / Program Management
Computer Technician Lead,fulltime,hourly,0,senior_level,42640.0,2.0,High School,IT Support / Helpdesk
Information Services Developer Senior - IS Integration,fulltime,yearly,0,mid_level,124349.0,7.0,University,Software Development
Engineering Project Manager,internship,yearly,1,senior_level,108651.0,2.0,University,Project / Program Management
IT Manager,fulltime,yearly,0,senior_level,85211.0,5.0,High School,IT Management / Director
IT Applications Support Engineer - Print Operations,fulltime,yearly,0,senior_level,92099.5,3.0,University,IT Support / Helpdesk
Tier 2 Engineer,fulltime,yearly,0,mid_level,87081.5,5.0,High School,General IT / Other IT Role
"Senior Project Manager – Cybersecurity, Networking, and Infrastructure","fulltime, contract",hourly,1,senior_level,161200.0,6.0,University,Network & Systems
Lead Data Product Manager,fulltime,yearly,1,senior_level,196500.0,8.0,University,Data & Analytics
Configuration Management Technician,fulltime,yearly,0,mid_level,62500.0,3.0,University,IT Support / Helpdesk
Senior Solutions Delivery and Integrations Engineer,fulltime,yearly,0,senior_level,105403.5,6.0,University,General IT / Other IT Role
Sr Product Manager Water & Electric,internship,yearly,0,senior_level,167071.5,5.0,University,IT Management / Director
Systems Engineer 3,internship,yearly,0,mid_level,125996.0,4.0,University,Network & Systems
A/V Conferencing Support Specialist,fulltime,yearly,0,entry_level,59904.0,3.0,University,IT Support / Helpdesk
Sr. Device Deployment Lead,contract,yearly,0,senior_level,154650.0,7.0,University,Other / Miscellaneous
Identity and Access Management (IAM) Engineer,fulltime,monthly,1,senior_level,9764.5,2.0,University,General IT / Other IT Role
Technical Project Manager Lead Engineer,fulltime,yearly,0,mid_level,189950.0,8.0,University,Project / Program Management
"Senior IT Manager Business Solutions - Finance, HR, Legal",fulltime,yearly,0,senior_level,177650.0,15.0,University,IT Management / Director
Sr. Infrastructure Engineer - Storage,fulltime,yearly,0,senior_level,154271.0,5.0,University,Network & Systems
Sr. Infrastructure Engineer,fulltime,yearly,0,senior_level,154271.0,5.0,University,Network & Systems
Sr. Product Manager,fulltime,yearly,1,senior_level,196500.0,6.0,University,IT Management / Director
FLEX Scrum Master II,fulltime,hourly,1,mid_level,143520.0,7.0,University,Project / Program Management
Training Analyst,fulltime,yearly,0,mid_level,97500.0,2.0,High School,Data & Analytics
IT Systems Analyst III (AFCAT),fulltime,yearly,0,mid_level,82179.0,3.0,University,General IT / Other IT Role
"Sr Technical Program Manager, Data Center Engineering - Electrical Solutions (DCE-ES)",fulltime,yearly,0,senior_level,186234.5,5.0,University,Project / Program Management
"Systems Development Engineer, Tech Deployment & Field Support",fulltime,yearly,0,senior_level,152591.5,5.0,Online/Courses,IT Support / Helpdesk
Oracle Finance Functional consultant(Remote),fulltime,hourly,1,senior_level,135200.0,14.0,University,Consulting / Specialist
Project Manager,internship,yearly,1,senior_level,85533.0,3.0,University,Project / Program Management
Project Manager II,fulltime,yearly,1,senior_level,94350.0,3.0,University,Project / Program Management
Solutions Architect III,internship,yearly,1,senior_level,190500.0,0.0,University,Consulting / Specialist
IT Program Manager,fulltime,yearly,1,senior_level,125000.0,4.0,University,Project / Program Management
Systems Administrator - Intermediate,fulltime,yearly,0,executive_level,60000.0,3.0,University,Network & Systems
Project Manager,fulltime,yearly,0,entry_level,127500.0,5.0,University,Project / Program Management
IT Systems Analyst IV (AMAC IV),fulltime,monthly,0,senior_level,1900.0,3.0,University,General IT / Other IT Role
"Technical Program Manager, AWS Infrastructure Central Finance",fulltime,yearly,0,senior_level,182650.0,7.0,University,Network & Systems
"Sr. System Technical Program Manager, Amazon Devices - Hardware",fulltime,yearly,1,senior_level,182650.0,5.0,University,Project / Program Management
"Sr. TPM, AI, RBKS",fulltime,yearly,0,mid_level,165472.0,7.0,University,Data & Analytics
"Automation Systems Specialist, Global Field Operations (GFO) Automation Team",fulltime,yearly,0,senior_level,133694.5,3.0,University,Consulting / Specialist
"Senior Product Manager, US Shoes Category",fulltime,yearly,0,senior_level,165250.0,5.0,University,IT Management / Director
Tableau Administrator,fulltime,yearly,1,senior_level,99112.5,3.0,University,Other / Miscellaneous
Product Owner,fulltime,yearly,1,senior_level,148050.0,5.0,University,Other / Miscellaneous
"Senior Product Manager, Int'l Expansion, Delivery Experience",fulltime,yearly,0,senior_level,165250.0,5.0,University,IT Management / Director
"Program Manager, Add to Delivery, Delivery Experience",fulltime,yearly,0,senior_level,144550.0,5.0,University,Project / Program Management
Finance IT Compliance Senior Director,fulltime,yearly,0,senior_level,211601.5,10.0,University,IT Management / Director
Program Manager V,fulltime,yearly,0,senior_level,166000.0,10.0,University,Project / Program Management
"Senior Product Manager, Fashion and Fitness Catalog",fulltime,yearly,0,senior_level,165250.0,5.0,Online/Courses,IT Management / Director
"Security Engineer II, Offensive Security Penetration Testing",fulltime,yearly,1,senior_level,174400.0,3.0,University,Cybersecurity
Digital Data Product Owner,fulltime,yearly,1,senior_level,128950.0,5.0,University,Data & Analytics
"Director, Enterprise Architecture",fulltime,yearly,1,senior_level,224820.0,10.0,University,IT Management / Director
Project Manager - SAP MM (Procure to Pay),internship,yearly,1,mid_level,150357.5,0.0,University,Project / Program Management
IT Group Director - Data Centers & Commercial IAQ,internship,yearly,1,senior_level,175547.5,0.0,University,Data & Analytics
"Infrastructure Escalation Specialist, Launch Execution",fulltime,yearly,0,entry_level,58374.5,1.0,High School,Network & Systems
"Senior Product Manager, Forward Deployment of Inventory (DS)",fulltime,yearly,0,senior_level,165250.0,5.0,University,IT Management / Director
Principal Group Product Manager,fulltime,yearly,0,senior_level,238000.0,10.0,University,IT Management / Director
"Senior Technical Program Manager, Amazon Out of Home Marketing, Out of Home Marketing",fulltime,yearly,0,senior_level,182650.0,7.0,University,Project / Program Management
"Sr Manager, Outbound Flow",fulltime,yearly,0,senior_level,176212.5,7.0,University,IT Management / Director
System Administrator – Intermediate (Monitoring),fulltime,yearly,1,mid_level,70000.0,4.0,University,Network & Systems
Security Analyst II,fulltime,yearly,1,senior_level,71446.0,2.0,University,Cybersecurity
Senior SAP Business Analyst - Production Planning (PP),internship,yearly,1,mid_level,135532.0,0.0,University,Data & Analytics
BI App Owner,internship,yearly,0,senior_level,109500.0,5.0,University,Other / Miscellaneous
"Senior Cloud Transformation Experience Consultant, Day 1 Delivery Excellence (D1D) Excellence",fulltime,yearly,0,senior_level,188600.0,7.0,University,Consulting / Specialist
"Sr. Technical Program Manager, Core Shopping",fulltime,yearly,0,senior_level,182650.0,7.0,University,Project / Program Management
"Sr. Product Manager – Tech, Seller Incentive Products",fulltime,yearly,0,senior_level,185650.0,5.0,Online/Courses,IT Management / Director
"Principal Product Manager - Technical, AWS Identity",fulltime,yearly,0,senior_level,222400.0,7.0,University,IT Management / Director
Intern - IT,internship,yearly,0,mid_level,48946.0,15.0,University,Intern / Entry Level
Associate Client Director,internship,yearly,0,mid_level,112530.5,6.0,University,IT Management / Director
Performance Improvement Project Manager,fulltime,yearly,0,senior_level,84554.0,5.0,University,Project / Program Management
Associate Security Evaluator (US),fulltime,yearly,0,mid_level,107103.0,1.0,University,Cybersecurity
Project Manager- Children Investment Funds,fulltime,yearly,1,senior_level,87090.0,3.0,University,Project / Program Management
IT Business Analyst Internship,internship,yearly,0,entry_level,61623.0,0.0,University,Data & Analytics
Senior IT Business Analyst,fulltime,yearly,0,senior_level,119274.0,5.0,University,Data & Analytics
Senior IT Project Manager,fulltime,yearly,0,senior_level,125467.5,5.0,University,Project / Program Management
W2 Contract M365 Power Platform Project Manager Remote,contract,hourly,1,senior_level,98800.0,8.0,University,Project / Program Management
Tier 1 Help Desk Technician,fulltime,yearly,1,executive_level,48831.5,2.0,University,IT Support / Helpdesk
Information System Security Officer (ISSO),fulltime,yearly,1,mid_level,140000.0,5.0,University,Cybersecurity
"Senior Program Manager, Altius",fulltime,yearly,0,mid_level,166600.0,5.0,University,Project / Program Management
Offensive Cybersecurity Programmer,fulltime,yearly,0,senior_level,180000.0,5.0,University,Cybersecurity
HRIS Administrator,fulltime,yearly,0,senior_level,97500.0,5.0,University,Other / Miscellaneous
Programmer Analyst I,fulltime,yearly,1,entry_level,78009.5,4.0,University,Software Development
Senior Configuration Management Specialist,contract,yearly,1,entry_level,122301.5,10.0,University,Consulting / Specialist
"Senior Consultant - Healthcare, Life Sciences",fulltime,yearly,1,senior_level,132530.0,3.0,University,Consulting / Specialist
Digital Product Manager (Remote Opportunity),fulltime,yearly,1,mid_level,124204.0,8.0,University,IT Management / Director
Tech Support Specialist,fulltime,hourly,0,mid_level,70720.0,2.0,High School,IT Support / Helpdesk
"Senior IT Director, SAP Development & Delivery",fulltime,yearly,1,senior_level,248000.0,15.0,University,IT Management / Director
"Senior IT Director, HR Legal Compliance",fulltime,yearly,1,senior_level,248000.0,5.0,University,IT Management / Director
Program Manager - Neuromodulation Released Products - Hybrid,fulltime,yearly,0,mid_level,189600.0,7.0,University,Project / Program Management
End User Support (Smart Hands) Technician,internship,yearly,0,senior_level,53278.0,4.0,University,IT Support / Helpdesk
Help Desk Analyst,fulltime,hourly,1,entry_level,35360.0,2.0,University,IT Support / Helpdesk
Vice President of Services Delivery,fulltime,yearly,1,senior_level,229976.0,5.0,University,IT Management / Director
Senior Systems Engineer,internship,yearly,0,senior_level,127080.0,7.0,University,Network & Systems
Enterprise Applications & Analytics PMO Senior Lead,fulltime,yearly,0,mid_level,174257.0,15.0,University,Project / Program Management
Product Manager,fulltime,yearly,0,senior_level,159000.0,8.0,University,IT Management / Director
Web3 Technical PM,"fulltime, contract",yearly,1,senior_level,155000.0,5.0,University,General IT / Other IT Role
HRIS Analyst,fulltime,yearly,0,mid_level,64850.5,0.0,University,Other / Miscellaneous
"Domain Consultant, Network Security Transformation, SASE",fulltime,yearly,0,senior_level,235500.0,3.0,University,Network & Systems
Senior Modeler (Consultant I),fulltime,yearly,1,senior_level,129953.0,2.0,University,Consulting / Specialist
IT Field Technician I,fulltime,yearly,0,executive_level,47500.0,2.0,University,IT Support / Helpdesk
"Director, Advanced Analytics",fulltime,yearly,1,senior_level,173001.5,5.0,University,Data & Analytics
Director of Cybersecurity,fulltime,yearly,1,senior_level,232500.0,15.0,University,Cybersecurity
Sr Cloud Engineer (FTE - remote),fulltime,yearly,1,senior_level,152500.0,5.0,University,Network & Systems
Sr. Site Support Specialist,internship,yearly,1,senior_level,80651.5,7.0,University,IT Support / Helpdesk
Junior IT Administrator,fulltime,yearly,1,entry_level,54008.5,1.0,University,Intern / Entry Level
Maintenance Technical Support Engineer,internship,yearly,0,mid_level,89439.5,5.0,University,IT Support / Helpdesk
Senior Product Manager,internship,yearly,0,senior_level,195000.0,3.0,University,IT Management / Director
"Change Manager, Software Implementation",fulltime,yearly,1,mid_level,144296.5,10.0,University,IT Management / Director
"16+ Years PeopleSoft Functional Expert SME - Washington, D.C. (Hybrid)",contract,hourly,0,senior_level,161200.0,5.0,University,Other / Miscellaneous
IT Desktop Technician,fulltime,yearly,1,executive_level,57500.0,5.0,University,IT Support / Helpdesk
Software Product Manager,fulltime,yearly,0,senior_level,87500.0,1.0,University,IT Management / Director
"Group Product Manager, Mobile Apps",fulltime,yearly,0,senior_level,144402.5,5.0,University,IT Management / Director
"Director, Product Management - Fleet Operations Portfolio",fulltime,yearly,0,senior_level,244022.5,8.0,University,IT Management / Director
AWS Cloud Engineer,contract,hourly,1,mid_level,114400.0,8.0,University,Network & Systems
Capital Fixed Asset Administrator,fulltime,yearly,0,senior_level,106253.5,5.0,High School,General IT / Other IT Role
Network Engineer,contract,hourly,1,senior_level,124800.0,5.0,University,Network & Systems
"Senior Product Manager, Insights & Interactions",fulltime,yearly,0,senior_level,183664.0,5.0,University,IT Management / Director
SKILLBRIDGE ONLY* Cyber Security Analyst,parttime,yearly,0,mid_level,120737.5,5.0,University,Cybersecurity
System Administrator,fulltime,yearly,0,mid_level,113237.5,2.0,University,Network & Systems
ML Platform Engineer,internship,yearly,1,senior_level,124300.0,3.0,Online/Courses,General IT / Other IT Role
IT Technician II,fulltime,yearly,1,senior_level,55097.5,2.0,High School,IT Support / Helpdesk
INFORMATION TECHNOLOGY HELP DESK – THE NAZ CHURCH (Full-Time),fulltime,yearly,0,mid_level,46910.0,2.0,University,IT Support / Helpdesk
Project Manager,fulltime,yearly,1,senior_level,167818.0,1.0,Online/Courses,Project / Program Management
IT Specialist (Network),fulltime,yearly,0,senior_level,160305.5,5.0,Online/Courses,Network & Systems
IT Specialist (INFOSEC),"parttime, fulltime",yearly,1,senior_level,135658.0,3.0,Online/Courses,Cybersecurity
Senior Technical Lead,fulltime,yearly,1,senior_level,158456.5,12.0,University,General IT / Other IT Role
Project Manager with HHS Experience,contract,yearly,1,senior_level,131789.0,5.0,University,Project / Program Management
Azure Cloud Security Engineer - W2,contract,hourly,1,senior_level,135200.0,5.0,University,Cybersecurity
Information Technology Specialist (Systems Administration/Customer Support),"temporary, fulltime",yearly,0,mid_level,83435.0,2.0,Online/Courses,IT Support / Helpdesk
Product Manager - Midwest & Eastern USA (Remote),fulltime,yearly,1,senior_level,127500.0,5.0,University,IT Management / Director
Actimize Lead Developer,fulltime,yearly,0,senior_level,132979.0,10.0,Online/Courses,Software Development
Printer Technician / IT Field Technician,fulltime,hourly,0,senior_level,53040.0,1.0,University,IT Support / Helpdesk
Analytics and Outbound Services IT Project Manager,contract,yearly,0,senior_level,124999.0,5.0,University,Project / Program Management
Site Leader and Concept Developer,fulltime,yearly,0,senior_level,56168.5,1.0,University,Software Development
Senior Solutions Engineer,internship,yearly,1,entry_level,138143.5,5.0,Online/Courses,General IT / Other IT Role
Systems Support Specialist,"temporary, contract",hourly,1,executive_level,55120.0,8.0,University,IT Support / Helpdesk
IT Support Specialist,fulltime,yearly,1,senior_level,65149.5,2.0,University,IT Support / Helpdesk
Lead Cybersecurity RMF Analyst (HYBRID POSITION),fulltime,yearly,0,mid_level,140000.0,10.0,University,Cybersecurity
Manager - IT Development,fulltime,yearly,0,senior_level,131383.0,3.0,University,IT Management / Director
Senior Application Analytics Engineer,contract,hourly,1,senior_level,93600.0,8.0,University,Data & Analytics
Network Engineer,contract,hourly,0,entry_level,118560.0,10.0,University,Network & Systems
Risk Control Analyst,fulltime,yearly,1,senior_level,60000.0,3.0,University,Other / Miscellaneous
"Advisor, Disaster Risk Management/Anticipatory Action (P3)",fulltime,yearly,0,senior_level,81450.0,5.0,University,Other / Miscellaneous
"Associate, Technical Support Tech (P1)",fulltime,hourly,1,mid_level,52000.0,2.0,High School,IT Support / Helpdesk
B2B Solution Architect / AWS / Azure,contract,hourly,0,senior_level,161200.0,15.0,University,General IT / Other IT Role
Project Manager III,contract,yearly,0,senior_level,111441.5,5.0,University,Project / Program Management
Okta Engineer,fulltime,yearly,1,senior_level,119848.0,5.0,University,General IT / Other IT Role
SailPoint Engineer,fulltime,yearly,1,senior_level,133014.0,8.0,University,Data & Analytics
IT Project Manager,contract,hourly,0,senior_level,156000.0,12.0,University,Project / Program Management
Senior Systems Engineer,fulltime,yearly,0,senior_level,142500.0,10.0,University,Network & Systems
Sr. Integration Analyst/Developer - EMR Applications,fulltime,yearly,1,senior_level,84818.5,6.0,University,Software Development
Infrastructure Architect,contract,hourly,0,executive_level,150800.0,10.0,Online/Courses,Network & Systems
Functional Tester/Configuration Manager,internship,yearly,0,senior_level,97635.5,2.0,University,IT Management / Director
Workbrain Consultant,parttime,yearly,1,senior_level,128714.5,5.0,University,Data & Analytics
Integration Lead,contract,hourly,0,mid_level,156000.0,12.0,University,Other / Miscellaneous
NOC Manager,"temporary, fulltime, contract",hourly,0,senior_level,98800.0,5.0,University,IT Management / Director
Senior Ping Engineer,contract,hourly,1,senior_level,135200.0,4.0,University,General IT / Other IT Role
SAP Functional Lead - SAP MM+WM + PP,"fulltime, contract",hourly,1,senior_level,161200.0,10.0,University,Other / Miscellaneous
IT Systems Support Specialist,"fulltime, contract",hourly,1,executive_level,67600.0,1.0,University,IT Support / Helpdesk
IT Applications Manager,fulltime,yearly,1,senior_level,140000.0,10.0,University,IT Management / Director
Desktop Support Technician,"temporary, fulltime, contract",hourly,0,executive_level,52000.0,3.0,University,IT Support / Helpdesk
SailPoint IdentityNow lead,contract,hourly,1,senior_level,150800.0,2.0,University,Data & Analytics
IT Manager (with Software Coding Support),fulltime,yearly,0,entry_level,101623.5,5.0,University,IT Support / Helpdesk
Sr. Director Integration Engineer,fulltime,yearly,1,senior_level,214968.5,5.0,University,IT Management / Director
Project Manager (On-site from Day One),contract,yearly,0,senior_level,83065.5,2.0,University,Project / Program Management
Tier 1 Mac Support Technician,fulltime,yearly,0,senior_level,62500.0,2.0,University,IT Support / Helpdesk
"Product Management Director, webOS Pay",internship,yearly,1,senior_level,176848.0,10.0,University,IT Management / Director
Senior CICS System Developer,fulltime,yearly,0,senior_level,98713.5,10.0,Online/Courses,Software Development
Salesforce Developer (JR851),fulltime,yearly,1,senior_level,112500.0,3.0,University,Software Development
B2B Solution Architect,contract,hourly,0,senior_level,156000.0,15.0,University,General IT / Other IT Role
"Sr. Consultant, Implementation Services",fulltime,yearly,1,senior_level,148150.0,5.0,University,Consulting / Specialist
Sr. Service Experience Consultant,fulltime,yearly,1,senior_level,148150.0,5.0,University,Consulting / Specialist
"Manager, IT Service Operations (US)",fulltime,yearly,0,senior_level,139541.5,8.0,University,IT Management / Director
"DIRECTOR OF PRODUCT DEVELOPMENT, CERVICAL",fulltime,yearly,0,senior_level,160072.0,7.0,University,IT Management / Director
Product Manager,fulltime,yearly,0,senior_level,113749.5,5.0,University,IT Management / Director
"Senior Director, Product Development",fulltime,yearly,0,senior_level,186471.5,10.0,University,IT Management / Director
Hands and Feet Admin (Data Center),contract,hourly,0,senior_level,43680.0,1.0,University,Data & Analytics
Digital Transformation Lead,fulltime,yearly,0,senior_level,127224.5,5.0,University,General IT / Other IT Role
"Customer Solutions Engineer, Google Flights, Professional Services Organization",fulltime,yearly,0,mid_level,146000.0,3.0,University,General IT / Other IT Role
"Product Manager, OTT Watch Live Sports, YouTube",fulltime,yearly,0,senior_level,150000.0,3.0,University,IT Management / Director
Program Manager,fulltime,yearly,1,senior_level,208962.5,10.0,University,Project / Program Management
Mission Assurance Lead,fulltime,yearly,0,senior_level,177025.0,12.0,University,Other / Miscellaneous
Command/Control & Cyber Operations Lead,fulltime,yearly,0,senior_level,177025.0,5.0,University,General IT / Other IT Role
Enterprise Information Environment and Configuration Manager,fulltime,yearly,0,senior_level,177025.0,12.0,University,IT Management / Director
DTRA TO Program Manager,fulltime,yearly,0,senior_level,208962.5,12.0,University,Project / Program Management
Network Architect,fulltime,yearly,0,mid_level,157862.5,12.0,University,Network & Systems
DODIN Operations Lead,fulltime,yearly,0,senior_level,208962.5,12.0,University,Other / Miscellaneous
Senior Solutions Architect,fulltime,hourly,1,senior_level,168480.0,10.0,University,Consulting / Specialist
Dell Boomi Consultant,contract,hourly,0,senior_level,201760.0,5.0,University,Consulting / Specialist
Project Portfolio Manager,"parttime, contract",hourly,1,senior_level,213200.0,10.0,University,IT Management / Director
Project Manager (Systems Support),internship,yearly,0,mid_level,94660.0,3.0,University,IT Support / Helpdesk
"Technology Product Manager, Supply Chain",fulltime,yearly,0,senior_level,119375.0,5.0,University,Data & Analytics
Senior Technical Product Manager,contract,hourly,1,senior_level,156000.0,12.0,University,IT Management / Director
Junior Systems Administrator - Verizon (CR-FL-NJ),fulltime,yearly,0,entry_level,73628.5,2.0,Online/Courses,Network & Systems
Product Manager,fulltime,yearly,0,mid_level,68905.5,3.0,University,IT Management / Director
Desktop Support Technician - ONSITE,fulltime,yearly,1,mid_level,49500.0,3.0,University,IT Support / Helpdesk
"Senior Manager, Engineering at Oracle Health Analytics",fulltime,yearly,0,senior_level,172030.5,12.0,University,Data & Analytics
IT Systems Manager,fulltime,yearly,0,entry_level,77500.0,4.0,Online/Courses,IT Management / Director
College Aide - Tech Support,parttime,hourly,0,senior_level,37440.0,6.0,Online/Courses,IT Support / Helpdesk
Tier 2 NOC Technician,fulltime,yearly,1,senior_level,66500.0,3.0,High School,IT Support / Helpdesk
Windows Desktop Administrator,fulltime,yearly,0,senior_level,66500.0,0.0,University,Other / Miscellaneous
Senior Network Architect,fulltime,yearly,0,senior_level,190000.0,12.0,University,Network & Systems
"Network/DevOps Configuration Manager - Ansible, Linux, DevOps",fulltime,yearly,0,entry_level,104000.0,5.0,High School,Network & Systems
Cyber Operations Task Manager,fulltime,yearly,1,senior_level,175500.0,12.0,University,IT Management / Director
SAP BusinessObjects Project Manager,fulltime,hourly,1,senior_level,187200.0,5.0,University,Project / Program Management
Technical Project Manager,contract,hourly,0,senior_level,140400.0,6.0,University,Project / Program Management
Solution Qualification Technical Leader,fulltime,yearly,0,senior_level,173206.0,20.0,University,General IT / Other IT Role
Project Manager - Clinical Integration Office - Weill Cornell Medical Center,fulltime,yearly,0,senior_level,121000.0,3.0,University,Project / Program Management
IT Asset Manager,fulltime,yearly,1,senior_level,55000.0,7.0,High School,IT Management / Director
Senior Project Manager - Enterprise PMO,contract,yearly,1,senior_level,155257.5,7.0,University,Project / Program Management
Linux Systems Administrator,fulltime,yearly,0,mid_level,123000.0,5.0,University,Network & Systems
Solution Architect - Tanzu,fulltime,yearly,1,senior_level,143366.0,7.0,University,General IT / Other IT Role
Technology Risk Governance Lead,fulltime,yearly,0,senior_level,172100.0,5.0,University,General IT / Other IT Role
"Technology Risk Business Intelligence, Tools, and Reporting",fulltime,yearly,0,mid_level,172100.0,5.0,University,General IT / Other IT Role
Cricket Wireless Lead Scrum Master,fulltime,yearly,0,senior_level,160500.0,8.0,University,Project / Program Management
Senior System Administrator,fulltime,yearly,0,senior_level,128033.5,5.0,University,Network & Systems
IT Project Manager,"fulltime, contract",hourly,1,senior_level,150800.0,5.0,University,Project / Program Management
Principal Electric Program Manager,fulltime,yearly,1,senior_level,194000.0,10.0,University,Project / Program Management
Principal Electric Program Manager - Location Flexible,fulltime,yearly,0,mid_level,190500.0,10.0,University,Project / Program Management
Control Systems Engineer,fulltime,yearly,1,mid_level,123012.5,5.0,High School,Network & Systems
Senior IT Risk and Governance Analyst,fulltime,yearly,0,senior_level,124050.0,5.0,University,General IT / Other IT Role
Lead Program Analyst,internship,yearly,0,senior_level,120298.0,7.0,University,Other / Miscellaneous
"Sr. Associate, System Administration (Linux)",internship,yearly,0,mid_level,102805.0,2.0,University,Other / Miscellaneous
Salesforce Developer,fulltime,yearly,1,mid_level,142500.0,5.0,University,Software Development
IT Administrator,internship,yearly,0,executive_level,74025.0,0.0,University,General IT / Other IT Role
NETWORK SUPPORT SPECIALIST II,fulltime,monthly,0,mid_level,2072.0,3.0,High School,IT Support / Helpdesk
Applications Analyst III-Digital and Technology Partners - Remote,internship,yearly,1,mid_level,124000.0,5.0,University,General IT / Other IT Role
"Associate Product Manager, Video Analytics",internship,yearly,1,mid_level,113200.0,1.0,University,Data & Analytics
"Product Manager, Collaboration Tools",internship,yearly,1,senior_level,138100.0,2.0,University,IT Management / Director
Program Manager - Product Regulatory Compliance V,fulltime,yearly,0,senior_level,171000.0,10.0,University,Project / Program Management
Support Engineer III,fulltime,yearly,0,senior_level,106565.5,10.0,University,IT Support / Helpdesk
Principal Product Manager,fulltime,yearly,1,senior_level,185831.0,10.0,University,IT Management / Director
"Director, Infrastructure Architect",fulltime,yearly,0,senior_level,184209.0,9.0,University,Network & Systems
IT Infrastructure Manager - Bilingual (Mandarin),fulltime,yearly,0,senior_level,100000.0,5.0,University,Network & Systems
Senior Product Associate,fulltime,yearly,0,mid_level,124875.0,3.0,University,Other / Miscellaneous
Sr NPI Product Manager,internship,yearly,0,senior_level,139000.0,3.0,University,IT Management / Director
Product Strategy&Operation Manager,internship,yearly,0,senior_level,166000.0,3.0,University,IT Management / Director
"Senior Product Manager, Ads Experimentation - Global Monetization Product and Technology - Seattle",internship,yearly,0,senior_level,226442.0,5.0,Online/Courses,IT Management / Director
IT Help Desk,fulltime,yearly,1,entry_level,47518.5,2.0,University,IT Support / Helpdesk
Senior Information Security Analyst (Cyber Engineering and Operations),fulltime,yearly,1,senior_level,112776.0,5.0,University,Cybersecurity
SRE - Staff Engineer (P4) United States,fulltime,yearly,1,senior_level,178172.0,8.0,University,General IT / Other IT Role
Network Data Communication Analyst - (w/ active TS),fulltime,yearly,1,senior_level,73000.0,2.0,University,Network & Systems
NetOps Specialist – Senior (w/ active Secret),fulltime,yearly,1,mid_level,91000.0,8.0,University,Consulting / Specialist
"Vice President, Full-Stack Engineer II",internship,yearly,0,senior_level,148000.0,7.0,University,Software Development
Senior IS Applications Analyst - Hybrid,fulltime,hourly,0,senior_level,143520.0,4.0,University,Other / Miscellaneous
Level 2 IT Support Specialist - Must have MSP Experience,fulltime,yearly,1,mid_level,67500.0,3.0,University,IT Support / Helpdesk
IT Support Desk Supervisor,fulltime,yearly,1,mid_level,55000.0,2.0,High School,IT Support / Helpdesk
Project Manager,fulltime,yearly,0,mid_level,153289.0,2.0,University,Project / Program Management
Systems Analyst – General,fulltime,yearly,0,senior_level,121447.0,2.0,University,General IT / Other IT Role
Senior Systems Analyst - General,fulltime,yearly,0,senior_level,120672.0,2.0,University,General IT / Other IT Role
"Digital Product Manager, Lead",fulltime,yearly,1,mid_level,158300.0,8.0,University,IT Management / Director
Technical Support Manager,fulltime,yearly,0,mid_level,143785.0,8.0,University,IT Support / Helpdesk
Contact Center Desktop Developer,internship,yearly,0,entry_level,106509.5,4.0,University,Software Development
Certified Cisco Internetwork Expert (CCIE) (REMOTE),internship,yearly,1,mid_level,115278.5,5.0,University,Network & Systems
Director of Amazon & Marketplaces,fulltime,yearly,1,executive_level,150000.0,8.0,Online/Courses,IT Management / Director
Senior Systems Engineer IT Collaboration Products,fulltime,yearly,1,mid_level,149900.0,7.0,Online/Courses,Network & Systems
"Senior Manager, ServiceNow IT Asset Management",fulltime,yearly,1,mid_level,135500.0,7.0,University,IT Management / Director
District Technical Representative II,fulltime,yearly,0,senior_level,85500.0,5.0,University,General IT / Other IT Role
Clinical Director - Mobile Crisis Outreach Team Program,fulltime,yearly,0,mid_level,109500.0,2.0,University,IT Management / Director
Security Analyst II,contract,yearly,1,mid_level,78488.5,4.0,University,Cybersecurity
Senior Business Systems Analyst – HR Technology (Talent Domain),fulltime,yearly,0,senior_level,139220.0,7.0,University,Data & Analytics
Desktop Support Specialist - Level II,fulltime,yearly,1,mid_level,56575.5,3.0,University,IT Support / Helpdesk
Cyber Security Engineer,fulltime,yearly,0,senior_level,146280.5,9.0,University,Cybersecurity
Wind River Cloud Platform DevOps Specialist,contract,yearly,0,senior_level,124500.0,5.0,University,Consulting / Specialist
IT Server Engineer (Hybrid),contract,yearly,0,executive_level,115917.5,10.0,Online/Courses,General IT / Other IT Role
"Senior Director, System Design",internship,yearly,0,senior_level,221128.0,10.0,University,IT Management / Director
IT Account Development Manager,fulltime,yearly,1,senior_level,72500.0,4.0,University,IT Management / Director
Manager Cyber Security,fulltime,yearly,0,mid_level,130751.0,6.0,High School,Cybersecurity
IT Enterprise Architect,contract,yearly,0,senior_level,120013.5,8.0,University,Consulting / Specialist
IT Techical Writer,contract,yearly,0,senior_level,86819.0,3.0,Online/Courses,General IT / Other IT Role
"Experienced/Lead Analysis, Integration and Test (AIT) Engineer",internship,yearly,0,entry_level,129100.0,9.0,University,Data & Analytics
Chief Systems Engineer - Mission Computing Architecture,internship,yearly,0,senior_level,159400.0,9.0,University,Network & Systems
Project Manager,fulltime,yearly,1,senior_level,125589.5,7.0,University,Project / Program Management
HR Solution Engineer,fulltime,yearly,0,senior_level,98754.5,1.0,University,General IT / Other IT Role
JD Edwards Security Engineer,internship,yearly,0,senior_level,136790.0,10.0,University,Cybersecurity
IAM Solutions Engineer - Advisor II,fulltime,yearly,0,mid_level,115588.5,5.0,University,General IT / Other IT Role
Privileged Access Engineer,fulltime,yearly,0,mid_level,126377.5,6.0,University,General IT / Other IT Role
"Director, Software Engineering - Digital Commerce & Innovation",fulltime,yearly,0,mid_level,294200.0,7.0,University,Software Development
"Manager, Enterprise Services Risk eData",fulltime,yearly,0,mid_level,174850.0,3.0,High School,Data & Analytics
"Sr. Associate, Product Management- Capital One Software",fulltime,yearly,1,mid_level,104050.0,1.0,University,General IT / Other IT Role
IDENTITY & ACC MGMT ANALYST II,fulltime,yearly,0,executive_level,71742.0,0.0,University,General IT / Other IT Role
Senior Business System Analyst - Ellucian Colleague experience is a MUST,fulltime,yearly,0,senior_level,78774.0,4.0,University,Other / Miscellaneous
Information Technology Analyst I,fulltime,yearly,0,senior_level,84546.0,5.0,University,General IT / Other IT Role
Internal Controls Senior Auditor-IT,fulltime,yearly,0,senior_level,74752.5,3.0,University,Intern / Entry Level
Information Services Project Manager,internship,yearly,0,senior_level,114500.0,5.0,University,Project / Program Management
Information Security and Compliance Specialist,fulltime,yearly,1,mid_level,79771.5,2.0,University,Cybersecurity
Lead Systems Engineer,internship,yearly,1,entry_level,128103.0,8.0,University,Network & Systems
Associate Technical Support Analyst,fulltime,hourly,1,executive_level,85280.0,6.0,High School,IT Support / Helpdesk
Program Manager,fulltime,yearly,0,mid_level,135000.0,12.0,University,Project / Program Management
IT Manager,fulltime,yearly,0,senior_level,82697.5,3.0,University,IT Management / Director
Associate Support Analyst,fulltime,yearly,1,entry_level,58795.0,1.0,University,IT Support / Helpdesk
Principal Network SRE,internship,yearly,1,senior_level,163200.0,3.0,University,Network & Systems
Desktop Support Technician II,fulltime,yearly,1,mid_level,55846.5,2.0,University,IT Support / Helpdesk
Product Analyst,fulltime,hourly,1,mid_level,57200.0,1.0,University,Other / Miscellaneous
"Project Manager, TOC",fulltime,yearly,0,senior_level,122385.0,7.0,University,Project / Program Management
System Administrator,fulltime,yearly,0,senior_level,70000.0,3.0,University,Network & Systems
Analytics Engineer,fulltime,yearly,0,senior_level,98974.0,2.0,University,Data & Analytics
Senior Project Manager,fulltime,yearly,0,mid_level,147500.0,7.0,University,Project / Program Management
"Sr Product Manager, eCommerce (Purchase)",fulltime,yearly,0,senior_level,157500.0,5.0,Online/Courses,IT Management / Director
Lead Security Engineer,fulltime,yearly,0,senior_level,183500.0,5.0,University,Cybersecurity
Security Engineer III - 3P SBOM,fulltime,yearly,0,senior_level,159000.0,3.0,University,Cybersecurity
Lead Security Engineer - Cryptography,fulltime,yearly,0,senior_level,183500.0,5.0,University,Cybersecurity
Sr. Associate - Product Delivery - Digital Payments,fulltime,yearly,0,senior_level,111600.0,3.0,Online/Courses,General IT / Other IT Role
Principal Cybersecurity Architect,fulltime,yearly,0,senior_level,244625.0,10.0,University,Cybersecurity
Cyber Security Operations Lead,fulltime,yearly,0,mid_level,133481.5,5.0,University,Cybersecurity
GRC Security Lead,fulltime,yearly,0,mid_level,123321.0,5.0,University,Cybersecurity
NetSuite Technical Administrator,fulltime,yearly,0,executive_level,71022.0,3.0,University,General IT / Other IT Role
"Concentra Senior Director, Service Delivery",fulltime,yearly,0,senior_level,162240.0,10.0,University,IT Management / Director
ERP Manager,fulltime,yearly,0,senior_level,130116.5,5.0,University,IT Management / Director
"Product Owner, IT",fulltime,yearly,1,senior_level,104302.5,3.0,University,General IT / Other IT Role
Junior Systems Administrator - Windows (Remote),fulltime,yearly,1,senior_level,64500.0,0.0,University,Network & Systems
Project Analyst,fulltime,yearly,1,senior_level,107500.0,0.0,University,Other / Miscellaneous
NANA Shareholder Paid College Internship - IT Help Desk (NANA Shareholders Only),internship,yearly,1,senior_level,51310.5,0.0,University,IT Support / Helpdesk
Systems Engineer,fulltime,yearly,0,mid_level,139677.5,11.0,University,Network & Systems
Principal Investigator – Systems Software Security,fulltime,yearly,0,senior_level,160000.0,6.0,University,Cybersecurity
Voice Engineer - Expert,fulltime,yearly,1,mid_level,127781.0,11.0,University,General IT / Other IT Role
Cloud Engineer / Data Scientist,fulltime,yearly,0,executive_level,183523.0,10.0,University,Network & Systems
Suricata/Gigamon Engineer,fulltime,yearly,0,mid_level,155849.0,3.0,High School,General IT / Other IT Role
Systems Engineer-Expert / Senior ISSE,fulltime,yearly,0,mid_level,178517.5,8.0,University,Network & Systems
Computer & Network Security Specialist-Senior / ISSM,fulltime,yearly,0,mid_level,142242.0,12.0,University,Network & Systems
Senior Linux Systems Engineer,fulltime,yearly,0,senior_level,154226.0,11.0,University,Network & Systems
Telecommunications Specialist-TCS,fulltime,yearly,0,senior_level,145888.0,6.0,University,Consulting / Specialist
"System Administrator, Junior",fulltime,yearly,0,entry_level,76803.5,2.0,High School,Network & Systems
Systems Integrator Expert,fulltime,yearly,0,senior_level,160212.0,8.0,University,General IT / Other IT Role
Gigamon Engineer,fulltime,yearly,0,mid_level,132690.0,7.0,University,General IT / Other IT Role
"System Administrator, Mid",fulltime,yearly,0,mid_level,107141.0,3.0,High School,Network & Systems
FireEye Administrator,fulltime,yearly,0,mid_level,110707.5,2.0,High School,Other / Miscellaneous
Sr. Manager Proposals,fulltime,yearly,1,senior_level,154681.5,6.0,University,IT Management / Director
Technical Lead,parttime,hourly,1,senior_level,171600.0,8.0,University,General IT / Other IT Role
Sr. Systems Integration Engineer,fulltime,yearly,0,senior_level,159350.0,5.0,University,General IT / Other IT Role
CDS Systems Engineer III,fulltime,yearly,1,mid_level,134324.5,5.0,University,Network & Systems
"Senior IT Systems Analyst, Epic Beaker Clinical Laboratory",fulltime,yearly,0,mid_level,78498.5,4.0,University,General IT / Other IT Role
"Senior IT Systems Analyst, Epic Patient Access",fulltime,yearly,0,mid_level,67341.0,4.0,University,General IT / Other IT Role
IS & Cyber Security Professional - Expert Team Lead (AMAC Crew - Senior),fulltime,yearly,0,senior_level,108373.0,5.0,University,Cybersecurity
Program Manager for Digital Engineering Initiatives,fulltime,yearly,0,senior_level,150098.5,8.0,Online/Courses,Project / Program Management
"Director, Pharma & Diagnostics Solutions Proposals",fulltime,yearly,0,senior_level,143659.0,8.0,University,IT Management / Director
Director of Engineering (Autonomy),fulltime,yearly,0,senior_level,173789.5,10.0,University,IT Management / Director
Product Manager (Construction/Solar Market),fulltime,yearly,0,senior_level,106381.0,4.0,University,IT Management / Director
Product Director (Construction/Solar),fulltime,yearly,0,senior_level,150908.0,7.0,University,IT Management / Director
Principal Engineering Manager,fulltime,yearly,1,senior_level,234375.0,12.0,University,IT Management / Director
Associate Director of Network Security,fulltime,yearly,0,senior_level,159371.0,5.0,Online/Courses,Network & Systems
IT Product Manager for Utilities T&D (Transmission and Distribution),fulltime,yearly,0,senior_level,160000.0,10.0,University,IT Management / Director
SAP Analyst - Mfg/QM,internship,yearly,1,senior_level,90700.0,3.0,University,Other / Miscellaneous
Program Execution Group (PEG) Cheif,parttime,yearly,0,executive_level,110536.0,12.0,University,Other / Miscellaneous
Azure Cloud Security Engineer (2024-8707),fulltime,yearly,1,senior_level,137639.0,5.0,University,Cybersecurity
Citrix Systems Engineer Sr - ISD Network Services,fulltime,hourly,1,mid_level,100880.0,5.0,High School,Network & Systems
Digital Transformation - Senior Engineer,fulltime,yearly,1,senior_level,150888.5,10.0,University,General IT / Other IT Role
Help Desk Specialist,fulltime,yearly,1,executive_level,67308.0,5.0,University,IT Support / Helpdesk
FSET 3 - Radio Frequency (RF) Engineer 3 (Ashore) - Norfolk VA,fulltime,yearly,0,senior_level,131206.0,6.0,University,General IT / Other IT Role
Quality Systems Engineer,fulltime,yearly,0,senior_level,78318.0,3.0,University,Network & Systems
"Senior Product Director, Data & Analytics",fulltime,yearly,0,mid_level,172500.0,5.0,University,Data & Analytics
"Calling all Systems Engineers- (Charleston, SC-Washington, DC- Norfolk, VA)",fulltime,yearly,0,mid_level,111574.0,3.0,High School,Network & Systems
"Technical Support Engineer, Amazon Robotics Technical Support (ARTS)",fulltime,yearly,1,senior_level,106875.0,2.0,University,IT Support / Helpdesk
"Sr. Manager - Partners, Global Defense Partners",fulltime,yearly,0,senior_level,183437.0,5.0,University,IT Management / Director
"Enterprise Technologist, WW Technologists",fulltime,yearly,0,senior_level,224400.0,10.0,University,General IT / Other IT Role
"Security Engineer, Maximum Application Security Team (MAST)",fulltime,yearly,0,senior_level,174400.0,3.0,University,Cybersecurity
"Satellite Production TPM, Project Kuiper",fulltime,yearly,0,senior_level,156150.0,3.0,University,General IT / Other IT Role
"Product Owner, PLM",fulltime,yearly,1,mid_level,106486.5,3.0,University,Other / Miscellaneous
S4HANA Logistics Warehousing IT Lead,fulltime,yearly,0,senior_level,168084.0,10.0,University,General IT / Other IT Role
Manager of Digital Projects (IT Project Management Specialist),fulltime,yearly,0,senior_level,76349.5,5.0,Online/Courses,IT Management / Director
Associate Property Engagement Platform,fulltime,yearly,1,mid_level,67500.0,6.0,High School,Other / Miscellaneous
Principal Wireless Network Engineer (flex-hybrid),internship,yearly,1,senior_level,184900.0,10.0,University,Network & Systems
Enterprise Infra Manager - Network Operations Manager,fulltime,yearly,1,mid_level,128893.5,5.0,University,Network & Systems
Program Manager- IT Governance,fulltime,yearly,0,senior_level,117702.0,4.0,University,Project / Program Management
Project Manager – R01544570,temporary,hourly,0,senior_level,140400.0,5.0,University,Project / Program Management
Data Center Implementation Manager,fulltime,yearly,1,senior_level,140000.0,3.0,University,Data & Analytics
Analytics Engineer II Infrastructure,fulltime,yearly,0,senior_level,104500.0,2.0,Online/Courses,Network & Systems
IT Specialist,fulltime,yearly,1,mid_level,49775.0,1.0,University,Consulting / Specialist
Director of Engineering,fulltime,yearly,0,senior_level,156491.5,2.0,University,IT Management / Director
Senior ERP Consultant - Dynamics (Business Central),fulltime,yearly,1,senior_level,96149.5,3.0,Online/Courses,Consulting / Specialist
"Tier 1, IT Help Desk Support",fulltime,yearly,0,mid_level,52941.5,2.0,High School,IT Support / Helpdesk
Technical Customer Support Specialist V,fulltime,hourly,1,senior_level,90480.0,5.0,University,IT Support / Helpdesk
Network Engineer,fulltime,yearly,0,senior_level,125000.0,5.0,University,Network & Systems
Security Control Assessor,fulltime,yearly,1,senior_level,90240.0,2.0,University,Cybersecurity
Sr Network Administrator,fulltime,yearly,1,senior_level,129000.0,5.0,University,Network & Systems
INFORMATION TECHNOLOGY SPECIALIST I,fulltime,monthly,1,senior_level,8276.5,3.0,Online/Courses,Consulting / Specialist
Network Engineer,fulltime,yearly,1,mid_level,130000.0,5.0,University,Network & Systems
System Engineer,internship,yearly,0,senior_level,83500.0,6.0,University,General IT / Other IT Role
IT Infrastructure Manager,fulltime,yearly,0,senior_level,140000.0,20.0,University,Network & Systems
Enterprise Applications Manager,fulltime,yearly,0,senior_level,132500.0,20.0,University,IT Management / Director
Network Architect,fulltime,yearly,0,mid_level,165552.0,8.0,University,Network & Systems
VP - Business Risk and Control Officer - Hybrid,fulltime,yearly,0,mid_level,115000.0,5.0,University,IT Management / Director
"Program Lead - Call Center Operations, VP",fulltime,yearly,0,senior_level,173400.0,6.0,University,IT Management / Director
Infra Tech Lead Analyst - VP,fulltime,yearly,0,senior_level,157200.0,6.0,University,IT Management / Director
Product Management Sr Analyst - AVP,fulltime,yearly,0,senior_level,133900.0,4.0,University,IT Management / Director
SVP - Business Risk and Control Sr Officer - Hybrid,fulltime,yearly,0,mid_level,144800.0,10.0,University,IT Management / Director
Digital S/W Eng Lead Analyst - VP (contractor conversion),"fulltime, contract",yearly,0,senior_level,157000.0,6.0,University,IT Management / Director
Product Strategy & Development Leader,fulltime,yearly,0,senior_level,108439.0,5.0,University,Other / Miscellaneous
Senior Project Manager,parttime,yearly,1,mid_level,114450.0,5.0,University,Project / Program Management
Cloud Computing Engineering Support,fulltime,yearly,0,mid_level,126699.0,5.0,Online/Courses,IT Support / Helpdesk
SME/Shift Lead-Cybersecurity Operator,fulltime,yearly,0,senior_level,118911.0,5.0,Online/Courses,Cybersecurity
Insider Threat Analyst,fulltime,yearly,0,senior_level,98406.5,5.0,Online/Courses,Other / Miscellaneous
IT Logistics Asset Management and Recovery,fulltime,yearly,0,mid_level,114819.5,5.0,Online/Courses,General IT / Other IT Role
Administrative/Security Manager,fulltime,yearly,0,senior_level,104400.5,5.0,Online/Courses,Cybersecurity
Cyber Defense Posture Evaluation Team Support,fulltime,yearly,0,mid_level,117998.0,5.0,Online/Courses,IT Support / Helpdesk
ISSO,fulltime,yearly,0,mid_level,119576.0,5.0,Online/Courses,Other / Miscellaneous
Associate - IT Infrastructure,fulltime,yearly,0,mid_level,98837.0,3.0,University,Network & Systems
Systems Analyst,internship,yearly,0,mid_level,85500.0,2.0,University,General IT / Other IT Role
Systems Engineer MBSE Architect L3,fulltime,yearly,0,senior_level,210000.0,10.0,University,Network & Systems
Systems Analyst Mid,fulltime,yearly,1,senior_level,75029.0,3.0,High School,General IT / Other IT Role
"Senior Operations Watch Officer - Sierra Vista, AZ",fulltime,yearly,0,senior_level,91347.0,6.0,University,Other / Miscellaneous
"Senior Technical Program Manager, Bug Bounty",fulltime,yearly,1,senior_level,142500.0,6.0,University,Project / Program Management
"Senior Technical Program Manager, Datacenter Portfolio Management",fulltime,yearly,0,senior_level,205600.0,4.0,Online/Courses,Project / Program Management
Enterprise Architect,fulltime,yearly,0,senior_level,149784.5,7.0,University,Consulting / Specialist
Desktop Support IMACD Tech L1 - FL,fulltime,hourly,0,senior_level,43680.0,2.0,University,IT Support / Helpdesk
IT Support Analyst II,fulltime,yearly,1,mid_level,77500.0,1.0,University,IT Support / Helpdesk
Local IT Helpdesk / Support Technician - Tacoma,fulltime,yearly,1,senior_level,70000.0,3.0,University,IT Support / Helpdesk
Product Manager / Sr Product Manager - Platform,fulltime,yearly,0,senior_level,175000.0,2.0,University,IT Management / Director
DevSecOps Software Engineer,fulltime,yearly,1,senior_level,130057.5,4.0,University,Cybersecurity
IT Systems Administrator,fulltime,hourly,0,executive_level,68640.0,2.0,High School,Network & Systems
Director of Technical Product Consulting,internship,yearly,1,senior_level,167104.5,5.0,University,IT Management / Director
Network Engineer,fulltime,yearly,1,mid_level,114309.5,10.0,University,Network & Systems
Network Engineer - Jr/Mid Level,fulltime,yearly,1,mid_level,82574.5,3.0,University,Network & Systems
Director of Platform Services,fulltime,yearly,0,mid_level,270300.0,9.0,University,IT Management / Director
Senior Security Program Manager,fulltime,yearly,1,entry_level,147244.5,8.0,University,Cybersecurity
Knowledge Support Specialist,fulltime,yearly,1,senior_level,41228.5,2.0,High School,IT Support / Helpdesk
Network Engineering and Operations Lead,fulltime,yearly,0,entry_level,171788.0,10.0,University,Network & Systems
Project Manager,fulltime,yearly,1,senior_level,113758.0,8.0,University,Project / Program Management
Product Manager,contract,yearly,0,mid_level,127711.5,3.0,University,IT Management / Director
"Senior Events Program Manager, Global Specialty Recruiting Team",fulltime,yearly,0,senior_level,144550.0,5.0,University,Project / Program Management
Product Mgmt/Strategy Snr Director-ProdDev,fulltime,yearly,0,senior_level,179605.0,10.0,University,IT Management / Director
Teamcenter Project Manager,internship,yearly,1,senior_level,124890.0,10.0,University,Project / Program Management
Graphics Performance Content Validation Engineer,fulltime,yearly,0,senior_level,120601.0,1.0,University,General IT / Other IT Role
Systems and Solutions Engineer,fulltime,yearly,0,senior_level,242963.0,10.0,University,General IT / Other IT Role
IT Senior Engineering Product Owner,internship,yearly,0,senior_level,148092.5,7.0,University,General IT / Other IT Role
Systems Engineer II,fulltime,yearly,1,senior_level,113947.0,6.0,University,Network & Systems
Network Administrator - Senior,fulltime,yearly,0,mid_level,102500.0,10.0,University,Network & Systems
VP Information Technology,fulltime,yearly,0,senior_level,284387.5,10.0,University,IT Management / Director
"SAP S/4HANA Cloud, Public Edition - Business Consultant",fulltime,yearly,1,senior_level,100000.0,5.0,University,Consulting / Specialist
Systems Engineer,fulltime,yearly,1,senior_level,142051.5,10.0,University,Network & Systems
"Program Manager, Amazon Air Speed & Yield Management",fulltime,yearly,0,senior_level,104800.0,3.0,University,Project / Program Management
"Sr. Technical Program Manager, Prime Video, Prime Video MetaGEN",fulltime,yearly,0,senior_level,182650.0,5.0,University,Project / Program Management
"Technical Program Manager - PIVT Development, Power and Industrial Vehicle Technologies (PIVT)",fulltime,yearly,0,senior_level,156150.0,3.0,University,Project / Program Management
Security Service Support,fulltime,yearly,0,executive_level,97500.0,3.0,University,IT Support / Helpdesk
Jr. Associate Project Manager,fulltime,yearly,1,senior_level,45000.0,1.0,University,Project / Program Management
IT Specialist (CUSTSPT),fulltime,yearly,1,senior_level,148505.0,3.0,Online/Courses,Consulting / Specialist
Principal Program Manager - Design,fulltime,yearly,0,senior_level,188500.0,8.0,University,Project / Program Management
"Vice President, Corporate IT & Security",fulltime,yearly,0,senior_level,193110.5,10.0,University,Cybersecurity
"Senior Security Solutions Architect (Identity Specialist), Security Specialist SAs",fulltime,yearly,0,executive_level,188600.0,8.0,University,Cybersecurity
Enterprise Systems Cloud Engineer,fulltime,yearly,0,mid_level,96398.5,5.0,Online/Courses,Network & Systems
"Program Manager II, Special Projects & Investigations",fulltime,yearly,0,senior_level,104800.0,3.0,University,Project / Program Management
Joint Data Network Technician,fulltime,yearly,0,mid_level,100000.0,5.0,University,IT Support / Helpdesk
Senior Network Engineer,fulltime,monthly,0,senior_level,5500.0,3.0,University,Network & Systems
Field Service Technical Specialist - Energy/LFP Support,internship,yearly,0,mid_level,68459.5,4.0,University,IT Support / Helpdesk
Senior Systems Engineer - Observability and Monitoring,fulltime,yearly,1,mid_level,124044.0,7.0,University,Network & Systems
"Sr. Ops Engineer, Deployment & Ramp, MSP Customer Experience, Mechatronics & Sustainable Packaging Customer Experience",fulltime,yearly,0,senior_level,142750.0,5.0,University,Data & Analytics
Compliance Lead,internship,yearly,0,senior_level,120389.0,5.0,University,Other / Miscellaneous
"Test Engineering Technical Specialist - 2nd Shift - Greene, NY",internship,hourly,0,mid_level,57200.0,0.0,University,Consulting / Specialist
Cloud Systems Engineer,fulltime,yearly,1,senior_level,99000.0,3.0,University,Network & Systems
"Principal Technical Program Manager, Twitch and Podcasts",fulltime,yearly,0,senior_level,217300.0,5.0,Online/Courses,Project / Program Management
IT Support Specialist,internship,yearly,0,senior_level,51144.5,2.0,University,IT Support / Helpdesk
"Security Consultant, ProServe Variable WWPS",fulltime,yearly,0,senior_level,161250.0,3.0,University,Cybersecurity
Systems Engineer - Windows Server & Virtualization,fulltime,yearly,0,senior_level,95506.5,3.0,University,Network & Systems
IT Infrastructure Architect,fulltime,yearly,0,senior_level,127815.0,8.0,University,Network & Systems
eCommerce Senior Manager,fulltime,yearly,0,senior_level,128510.5,5.0,Online/Courses,IT Management / Director
Tech Support Agent,internship,yearly,1,senior_level,47500.0,2.0,University,IT Support / Helpdesk
Business System Analyst - ITS System Applications - Full Time - Days,fulltime,yearly,0,mid_level,79173.0,1.0,University,General IT / Other IT Role
Full time or W2 IT Project Manager SENIORS NEED,contract,yearly,0,senior_level,110608.5,10.0,University,Project / Program Management
Security Engineer,fulltime,yearly,1,senior_level,125300.0,4.0,University,Cybersecurity
"Infrastructure Technology Customer Success Director, Executive Director",fulltime,yearly,0,senior_level,213125.0,8.0,University,Network & Systems
Technology Support III - Payments Technology,fulltime,yearly,0,senior_level,112500.0,3.0,University,IT Support / Helpdesk
"VP, Digital Platform Technology Program Leader",internship,yearly,1,mid_level,147500.0,7.0,High School,IT Management / Director
Senior HRIS Analyst - UKG,internship,yearly,1,mid_level,95000.0,5.0,University,Other / Miscellaneous
Director Commercial IT Systems,fulltime,yearly,0,senior_level,128171.5,10.0,University,IT Management / Director
Business Systems Analyst Senior,fulltime,yearly,0,mid_level,82719.5,5.0,Online/Courses,General IT / Other IT Role
SDP Scrum Master,fulltime,yearly,1,senior_level,100450.0,3.0,University,Project / Program Management
Project Manager - Drug Product,fulltime,yearly,1,mid_level,100000.0,3.0,University,Project / Program Management
I.T Support Specialist,fulltime,hourly,1,mid_level,62400.0,2.0,University,IT Support / Helpdesk
TCHL PROJECT MGT PROFL 4,fulltime,yearly,1,senior_level,165100.0,7.0,University,Other / Miscellaneous
Agile Project Manager (Data ART)– Remote,fulltime,yearly,1,mid_level,105000.0,5.0,University,Project / Program Management
Agile Project Manager,fulltime,yearly,1,mid_level,100000.0,3.0,University,Project / Program Management
T2 Incident Responder - Shift Schedule (w/ active Secret),fulltime,yearly,1,entry_level,91500.0,3.0,University,Other / Miscellaneous
RMF Cyber Security Analyst/ISSE,internship,yearly,0,senior_level,120044.5,7.0,University,Cybersecurity
"Director, Security Assurance",fulltime,yearly,0,senior_level,245401.5,20.0,University,Cybersecurity
Senior IS Applications Analyst,fulltime,hourly,1,senior_level,131040.0,4.0,University,Other / Miscellaneous
Senior Cyber Operational Planner,fulltime,yearly,0,senior_level,175500.0,12.0,University,General IT / Other IT Role
Deputy IT Operations Manager,fulltime,yearly,0,senior_level,135000.0,12.0,University,IT Management / Director
Workday Project Manager,fulltime,yearly,1,mid_level,120000.0,20.0,University,Project / Program Management
Network Management Manager,fulltime,yearly,0,senior_level,107119.5,3.0,High School,Network & Systems
Network Management Specialist,fulltime,yearly,0,senior_level,80480.5,5.0,University,Network & Systems
HRIS Workday HCM Product Owner,fulltime,yearly,0,mid_level,141665.5,5.0,High School,Other / Miscellaneous
Systems Architect,fulltime,yearly,1,senior_level,122435.0,8.0,University,General IT / Other IT Role
Application Engineer - San Jose / Bay Area,internship,yearly,0,entry_level,155000.0,5.0,University,General IT / Other IT Role
HRIS Analyst- REMOTE,fulltime,yearly,1,mid_level,72500.0,3.0,Online/Courses,Other / Miscellaneous
Senior IT Project Manager,fulltime,yearly,0,mid_level,126616.0,7.0,University,Project / Program Management
Sr Technical Advisor; Storage Systems,fulltime,yearly,0,senior_level,237500.0,15.0,University,General IT / Other IT Role
Salesforce Solution Engineer,fulltime,yearly,1,senior_level,100000.0,6.0,University,General IT / Other IT Role
Sr. IT Project Manager,fulltime,yearly,0,senior_level,115510.0,7.0,University,Project / Program Management
Emerging Decarbonization Technology Consultant,fulltime,yearly,0,senior_level,112486.5,5.0,University,Consulting / Specialist
Senior IT Product Owner – Messaging and Email Security,fulltime,yearly,1,mid_level,131850.0,7.0,Online/Courses,Cybersecurity
Sr. Specifications Specialist,internship,yearly,1,senior_level,112187.0,15.0,University,Consulting / Specialist
IT Incident Technician – End User Computing,fulltime,hourly,1,mid_level,47840.0,2.0,University,IT Support / Helpdesk
"Director, Engineering (Financial and Labor Insights Platforms)",fulltime,yearly,1,senior_level,17916.5,6.0,Online/Courses,IT Management / Director
"Senior Manager / Product Owner Data & Analytics, GPSO IT",fulltime,yearly,1,senior_level,108283.0,5.0,University,Data & Analytics
Apache NiFi Engineer,fulltime,yearly,0,mid_level,132721.5,7.0,University,General IT / Other IT Role
Apache NiFi Engineer,fulltime,yearly,0,mid_level,147372.5,7.0,University,General IT / Other IT Role
Sr. Salesforce Developer,internship,yearly,0,senior_level,167069.5,8.0,University,Software Development
"Senior Software Engineer, Infrastructure, Google Cloud Unified Fulfillment Optimization",fulltime,yearly,0,senior_level,200000.0,5.0,Online/Courses,Network & Systems
"Cyber Defense Detection Engineer, Mandiant, Google Cloud",fulltime,yearly,1,senior_level,129500.0,3.0,University,General IT / Other IT Role
"Product Manager II, Compute, Google Cloud",fulltime,yearly,0,senior_level,176500.0,5.0,Online/Courses,IT Management / Director
SCRUM Master,internship,yearly,0,senior_level,129244.5,7.0,University,Project / Program Management
Support Engineer 2,fulltime,yearly,0,senior_level,63770.5,2.0,University,IT Support / Helpdesk
Network Engineer IV,fulltime,yearly,0,senior_level,129115.0,5.0,University,Network & Systems
VOIP System Administrator Junior,fulltime,yearly,0,entry_level,85500.0,3.0,University,Network & Systems
Systems Engineer IV,fulltime,yearly,0,senior_level,118266.0,15.0,University,Network & Systems
DoD IT Consultant,fulltime,yearly,1,senior_level,127500.0,5.0,University,Consulting / Specialist
ITIL Consultant,fulltime,yearly,1,senior_level,127500.0,5.0,University,Consulting / Specialist
Systems Administrator IV,fulltime,yearly,0,senior_level,99746.0,5.0,University,Network & Systems
Senior Business Systems Analyst,fulltime,yearly,0,senior_level,115500.0,5.0,Online/Courses,General IT / Other IT Role
"Associate Director, Omnichannel Strategist",fulltime,yearly,0,senior_level,160576.5,5.0,University,IT Management / Director
IT Service Center Senior Help Desk Specialist,fulltime,yearly,1,mid_level,92661.5,4.0,High School,IT Support / Helpdesk
Project Lead,fulltime,yearly,0,senior_level,139047.5,10.0,University,Other / Miscellaneous
"Business Solutions Manager, SFDC",fulltime,yearly,1,senior_level,130000.0,3.0,University,IT Management / Director
Senior Cloud Architect,fulltime,yearly,1,senior_level,168500.0,7.0,University,General IT / Other IT Role
Sr Product Manager,fulltime,yearly,1,senior_level,160000.0,5.0,University,IT Management / Director
"Director of Product Portfolio Operations, Platform Engineering",fulltime,yearly,0,senior_level,213125.0,8.0,University,IT Management / Director
Cross Currency Payments Product Manager - Vice President,fulltime,yearly,0,senior_level,161775.0,5.0,University,IT Management / Director
Vice President - Product Strategy - Real-time Payments,fulltime,yearly,0,mid_level,161775.0,5.0,University,IT Management / Director
Director of Software Engineering - AIML,fulltime,yearly,0,senior_level,244625.0,10.0,University,Software Development
Controls System Engineer (Job number: 1174),fulltime,yearly,0,mid_level,73424.5,15.0,University,General IT / Other IT Role
IT Manager,fulltime,yearly,0,senior_level,77299.5,4.0,University,IT Management / Director
IT Tech Lead,fulltime,hourly,0,executive_level,47840.0,3.0,University,General IT / Other IT Role
IT Support Specialist,fulltime,yearly,1,mid_level,56892.0,0.0,High School,IT Support / Helpdesk
Product Manager I,internship,yearly,0,mid_level,113489.0,5.0,University,IT Management / Director
"VP, Information Security Officer",fulltime,yearly,0,senior_level,260000.0,15.0,University,Cybersecurity
"Director, Project and Program Management",internship,yearly,1,mid_level,125844.5,10.0,University,IT Management / Director
Oracle Cloud Technical Lead,fulltime,yearly,1,senior_level,143422.5,10.0,Online/Courses,General IT / Other IT Role
Systems Administrator II,fulltime,yearly,0,senior_level,81510.5,2.0,Online/Courses,Network & Systems
"Associate, Infrastructure Operations",contract,yearly,0,mid_level,106875.0,5.0,University,Network & Systems
"VP, TPM & Engineering Operations",fulltime,yearly,1,senior_level,207952.5,15.0,University,IT Management / Director
"VP, Technical Program Management",fulltime,yearly,1,senior_level,209650.5,15.0,University,IT Management / Director
"Director, IT - Supply Chain & Logistics Systems",contract,yearly,0,senior_level,170447.0,8.0,University,Data & Analytics
HRIS Analyst,fulltime,yearly,0,senior_level,111449.5,5.0,University,Other / Miscellaneous
Analytics Project Manager,fulltime,yearly,1,senior_level,119000.0,0.0,University,Project / Program Management
ServiceNow Infrastructure Administrator,fulltime,yearly,0,senior_level,114179.5,3.0,University,Network & Systems
Program Manager - FBI Labortory Information Technology,fulltime,yearly,0,mid_level,172500.0,7.0,University,Project / Program Management
Project Manager I,fulltime,yearly,0,mid_level,100000.0,7.0,University,Project / Program Management
Staff Technical Program Manager,fulltime,yearly,0,mid_level,181650.0,6.0,University,Project / Program Management
ISAP DEPUTY TECHNOLOGY DIRECTOR,fulltime,yearly,0,senior_level,145000.0,5.0,University,IT Management / Director
Help Desk Specialist (temp/contract),"temporary, fulltime",yearly,0,executive_level,60474.5,3.0,High School,IT Support / Helpdesk
AI / ML SME III,fulltime,yearly,1,senior_level,111600.0,15.0,University,Data & Analytics
Program Manager - Cloud,fulltime,yearly,0,senior_level,95949.5,3.0,University,Project / Program Management
Information Technology Consultant - Senior,fulltime,yearly,1,senior_level,130831.5,8.0,University,Consulting / Specialist
IT Systems Analyst IV (AMAC Crew - IV),fulltime,yearly,0,senior_level,92952.5,3.0,University,General IT / Other IT Role
Security Risk & Assessment Manager,fulltime,yearly,1,senior_level,122553.5,3.0,University,Cybersecurity
"Desktop Support Specialist, Information Technology",fulltime,hourly,1,mid_level,55120.0,2.0,University,IT Support / Helpdesk
"Global Security Operations Center Analyst - Golden Valley, MN",fulltime,yearly,0,senior_level,78963.0,1.0,University,Cybersecurity
IT Support Analyst,fulltime,yearly,1,senior_level,57722.0,3.0,University,IT Support / Helpdesk
AD - Enterprise Architecture,fulltime,yearly,1,senior_level,161000.0,10.0,University,Consulting / Specialist
AVP-Technology,fulltime,yearly,0,senior_level,205000.0,15.0,University,IT Management / Director
Sr. IT Analyst/Specialist,fulltime,yearly,0,mid_level,108056.0,5.0,University,Consulting / Specialist
Project Leader,fulltime,yearly,1,mid_level,100000.0,2.0,University,Other / Miscellaneous
AVP IT Portfolio Management,fulltime,yearly,0,mid_level,158462.0,8.0,University,IT Management / Director
"Mechatronics & Robotics Technician - Nashville, TN",fulltime,yearly,0,entry_level,56918.5,1.0,High School,IT Support / Helpdesk
2025 MBA/Master's Level Opportunity - Technical Program Manager (TPGM) Intern (United States),fulltime,hourly,0,senior_level,184080.0,3.0,University,Project / Program Management
"Prime Air Systems Engineer, Amazon",fulltime,yearly,0,senior_level,131100.0,3.0,University,Network & Systems
"Sr. TPM, CRRE-ICS, Incident Command Systems",fulltime,yearly,0,senior_level,182650.0,5.0,University,General IT / Other IT Role
"Technical Program Manager, Amazon Bedrock GTM, Amazon Bedrock GTM",fulltime,yearly,0,senior_level,182650.0,5.0,University,Project / Program Management
"Technical Program Manager, Builder Tools",fulltime,yearly,0,senior_level,156150.0,3.0,University,Project / Program Management
Cyber Technology Risk Senior Manager,fulltime,yearly,0,mid_level,193618.5,8.0,University,IT Management / Director
Cyber Identity - CIAM Specialist Master,fulltime,yearly,0,mid_level,182552.0,7.0,University,Consulting / Specialist
Cyber Strategy ServiceNow Senior Consultant,fulltime,yearly,0,mid_level,150196.0,2.0,University,Consulting / Specialist
Financial Services Senior Manager,fulltime,yearly,0,senior_level,258300.0,8.0,University,IT Management / Director
Digital Health Senior Manager,fulltime,yearly,0,senior_level,180872.0,10.0,University,IT Management / Director
IAM Engineer Manager,fulltime,yearly,0,entry_level,191000.0,5.0,University,IT Management / Director
Oracle Cloud Financials - Consultant,fulltime,yearly,0,mid_level,118400.0,2.0,University,Consulting / Specialist
Director of Partner Success (US Remote),internship,yearly,1,senior_level,170000.0,5.0,University,IT Management / Director
Senior Director - BRM Corporates & Structured Credit,contract,yearly,0,mid_level,230000.0,7.0,University,IT Management / Director
Technical Analyst,fulltime,monthly,0,senior_level,9222.5,3.0,Online/Courses,General IT / Other IT Role
ITSM ServiceNow Manager,contract,yearly,1,senior_level,129423.0,5.0,University,IT Management / Director
Project Manager,internship,yearly,1,senior_level,120667.5,3.0,University,Project / Program Management
Senior Project Manager,internship,yearly,1,senior_level,124299.0,3.0,University,Project / Program Management
Sr Applications Program Manager,perdiem,yearly,0,senior_level,134281.5,5.0,University,Project / Program Management
"Director, Enterprise Customer Success",fulltime,yearly,1,entry_level,137500.0,5.0,Online/Courses,IT Management / Director
Sr. Support Trainer,fulltime,yearly,0,senior_level,90700.0,5.0,University,IT Support / Helpdesk
"Director, Edge Products",fulltime,yearly,1,senior_level,238600.0,3.0,University,IT Management / Director
Project Manager - Electronic Security System,fulltime,yearly,1,mid_level,117300.0,3.0,University,Cybersecurity
Unqork SME,fulltime,yearly,1,senior_level,120526.5,5.0,University,Other / Miscellaneous
ServiceNow SME,fulltime,yearly,1,senior_level,136965.0,10.0,University,Other / Miscellaneous
Cloud Practice Lead,fulltime,yearly,1,senior_level,147011.0,5.0,University,General IT / Other IT Role
Senior Detection Engineer,fulltime,yearly,1,entry_level,129847.0,5.0,University,General IT / Other IT Role
FOIA Reading Room Specialist,fulltime,yearly,1,mid_level,93189.5,5.0,University,Consulting / Specialist
Senior Network Engineer,fulltime,yearly,0,senior_level,134084.5,3.0,University,Network & Systems
Systems Administrator,fulltime,yearly,1,senior_level,100089.0,5.0,University,Network & Systems
Principal Systems Engineer,fulltime,yearly,0,senior_level,172500.0,10.0,University,Network & Systems
"Product Owner, 3rd Eye, Chattanooga",fulltime,yearly,1,senior_level,113554.5,3.0,University,Other / Miscellaneous
Business Systems Analyst Sr.,fulltime,yearly,0,senior_level,105333.0,5.0,University,General IT / Other IT Role
"Digital Product Manager, CRM Sales Cloud",fulltime,yearly,1,mid_level,109763.5,3.0,University,IT Management / Director
AEM Business Systems Analyst (remote),fulltime,yearly,1,senior_level,84556.5,2.0,University,General IT / Other IT Role
AEM Scrum Master/Project Manager (remote),fulltime,yearly,1,senior_level,104138.0,3.0,University,Project / Program Management
AEM Technical Lead (remote),fulltime,yearly,1,senior_level,117050.5,3.0,University,General IT / Other IT Role
National Director of Product - Cannabis,fulltime,yearly,0,senior_level,170000.0,5.0,University,IT Management / Director
Risks and Controls- Project Manager - C12 - TAMPA,fulltime,yearly,0,senior_level,98900.0,5.0,University,Project / Program Management
Director of IAM Information Security Service Delivery,fulltime,yearly,0,senior_level,235000.0,5.0,University,Cybersecurity
Business Risk and Control Officer - VP,fulltime,yearly,0,mid_level,129900.0,6.0,University,IT Management / Director
Applications Development Sr Programmer Analyst -AVP (contractor conversion),"fulltime, contract",yearly,0,senior_level,133900.0,5.0,University,Software Development
Salesforce Developer,fulltime,yearly,1,senior_level,140000.0,18.0,University,Software Development
Information System Security Officer (ISSO),fulltime,yearly,0,senior_level,145000.0,5.0,University,Cybersecurity
Product Manager- Payments,internship,yearly,0,senior_level,137200.5,5.0,University,IT Management / Director
Operations Analyst (Payments),internship,yearly,0,senior_level,75998.0,2.0,University,Other / Miscellaneous
"Director, Payments Partnership Management",internship,yearly,0,senior_level,147115.5,7.0,University,IT Management / Director
"Director/Sr. Director, CMC",internship,yearly,0,senior_level,213241.5,7.0,University,IT Management / Director
IT Support Technician Level 2,fulltime,yearly,1,mid_level,58269.0,5.0,University,IT Support / Helpdesk
Business System Analyst 2,fulltime,yearly,1,senior_level,63867.5,5.0,University,Other / Miscellaneous
Cybersecurity Engineer,fulltime,yearly,0,senior_level,146600.0,8.0,Online/Courses,Cybersecurity
Consultant - AI Implementation Practice,fulltime,yearly,0,entry_level,83682.5,4.0,University,Data & Analytics
IT Finance Supervisor,fulltime,yearly,0,senior_level,148100.0,5.0,University,General IT / Other IT Role
Server Administrator,fulltime,yearly,0,mid_level,111324.5,3.0,University,Other / Miscellaneous
IT Help Desk Technician,fulltime,yearly,1,executive_level,47612.5,1.0,High School,IT Support / Helpdesk
SAP MM & SD Consultant (Remote with Travel),fulltime,yearly,1,senior_level,114850.0,7.0,Online/Courses,Consulting / Specialist
Cyber Privacy and Data Protection Senior Manager,fulltime,yearly,0,senior_level,280950.0,10.0,University,Data & Analytics
Project Manager I,fulltime,yearly,0,senior_level,93348.5,1.0,University,Project / Program Management
"Director, Enterprise Vulnerability Management",fulltime,yearly,1,senior_level,180850.0,5.0,University,IT Management / Director
Network Systems Administrator,fulltime,yearly,1,senior_level,87244.0,5.0,University,Network & Systems
"Computer Engineer, AST, Aerospace Information Technology (Direct Hire)",fulltime,yearly,0,mid_level,172002.5,10.0,Online/Courses,General IT / Other IT Role
Help Desk Technician,fulltime,hourly,1,senior_level,48880.0,2.0,University,IT Support / Helpdesk
IT Cybersecurity Specialist (Software Development) - Open to all U.S. Citizens,fulltime,yearly,0,senior_level,187289.5,5.0,Online/Courses,Cybersecurity
"Product Manager, Ads Platform (Product Catalog)",fulltime,yearly,0,senior_level,482500.0,7.0,University,IT Management / Director
IT Technician,"temporary, internship",hourly,0,senior_level,39520.0,4.0,University,IT Support / Helpdesk
Functional Consultant,fulltime,yearly,1,senior_level,85000.0,5.0,University,Consulting / Specialist
Executive Director of Technology,fulltime,yearly,0,senior_level,252500.0,15.0,University,IT Management / Director
"Director of Product Management, Global Point of Sales",fulltime,yearly,0,senior_level,194000.0,10.0,Online/Courses,IT Management / Director
"Senior Governance, Risk, and Compliance (GRC) Lead",fulltime,yearly,1,senior_level,135606.0,5.0,University,Other / Miscellaneous
General Engineer,fulltime,yearly,0,senior_level,105860.0,1.0,Online/Courses,General IT / Other IT Role
Information Technology Specialist,parttime,hourly,0,senior_level,58240.0,3.0,Online/Courses,Consulting / Specialist
IT Retail Systems Project Manager,contract,yearly,0,senior_level,106740.5,8.0,University,Project / Program Management
End User Computing Spec III,fulltime,yearly,0,mid_level,57750.0,6.0,High School,Other / Miscellaneous
"Director, Software Engineering",fulltime,yearly,1,mid_level,132500.0,7.0,University,Software Development
Fiber Optic SME,fulltime,yearly,0,senior_level,83200.0,8.0,High School,Other / Miscellaneous
Cloud Security Analyst,fulltime,yearly,0,senior_level,128250.0,2.0,University,Cybersecurity
Program Support Specialist 1,fulltime,yearly,0,mid_level,67578.0,6.0,High School,IT Support / Helpdesk
Site Support Technician,contract,yearly,0,senior_level,50485.5,3.0,High School,IT Support / Helpdesk
Product Manager II (US-Remote),fulltime,yearly,1,mid_level,175000.0,4.0,University,IT Management / Director
"Product Trainer, Literacy",fulltime,yearly,1,senior_level,95000.0,5.0,University,Data & Analytics
NextGen Systems Engineer- Jr Level,fulltime,yearly,0,mid_level,87649.5,2.0,University,Network & Systems
Technical Project Analyst (Systems Integrator),contract,yearly,0,senior_level,112124.5,7.0,University,General IT / Other IT Role
GenAI Solutions Architect - Assoc Dir / Dir (Remote or Hybrid),internship,yearly,1,senior_level,190000.0,8.0,University,Data & Analytics
SAP Analyst I (Hybrid),contract,hourly,1,senior_level,65520.0,3.0,University,Other / Miscellaneous
Security and IT Specialist,fulltime,yearly,0,senior_level,69968.5,1.0,University,Cybersecurity
Lead Infrastructure/Platform Service Engineer,fulltime,yearly,0,senior_level,130910.5,3.0,University,Network & Systems
Sr. Endpoint Services Specialist - Central,fulltime,yearly,0,mid_level,76256.0,4.0,University,Consulting / Specialist
Senior Network Engineer,fulltime,yearly,0,senior_level,112598.0,6.0,University,Network & Systems
Senior Infrastructure Engineer I,internship,yearly,0,senior_level,102500.0,5.0,University,Network & Systems
Technology Consultant III,fulltime,yearly,0,mid_level,129950.0,2.0,University,Consulting / Specialist
IT Director: Infrastructure,fulltime,yearly,0,senior_level,110000.0,5.0,University,Network & Systems
IT Support Technician,fulltime,hourly,0,mid_level,47840.0,3.0,University,IT Support / Helpdesk
Sr. Director of Applications Development,internship,yearly,0,mid_level,167500.0,5.0,University,IT Management / Director
Technical Services Specialist,internship,yearly,0,senior_level,82500.0,4.0,University,Consulting / Specialist
Network & Computer Systems Administrator,fulltime,yearly,1,senior_level,95000.0,5.0,University,Network & Systems
Mid Level IT Help Desk,contract,yearly,0,mid_level,72835.0,1.0,University,IT Support / Helpdesk
Information Systems Specialist (Linux),contract,yearly,0,executive_level,121768.0,5.0,University,Consulting / Specialist
Bilingual Spanish/English Desktop Support Technician,fulltime,yearly,0,mid_level,48656.0,1.0,University,IT Support / Helpdesk
Senior Workday HCM Analyst HYBRID,fulltime,yearly,0,senior_level,83760.0,4.0,University,Other / Miscellaneous
Sr IT Analyst - SAP Security Expert,internship,yearly,0,senior_level,115422.0,6.0,University,Cybersecurity
Advanced Systems Engineer,internship,yearly,0,senior_level,120836.0,6.0,University,Network & Systems
Advanced Systems Engineer,internship,yearly,0,senior_level,119213.5,4.0,University,Network & Systems
Systems Engineer - 21778,fulltime,yearly,1,senior_level,157287.0,9.0,High School,Network & Systems
IT Program Management Principal -Deployment SDL,internship,yearly,0,senior_level,164183.5,7.0,University,General IT / Other IT Role
Sr IT Analyst - SAP SD,internship,yearly,0,senior_level,127159.0,5.0,University,General IT / Other IT Role
Principal Product Manager United States,fulltime,yearly,0,senior_level,221750.0,8.0,University,IT Management / Director
Senior Business Systems Analyst,contract,yearly,1,entry_level,156475.0,8.0,Online/Courses,General IT / Other IT Role
Product Manager,contract,yearly,1,entry_level,153575.0,5.0,Online/Courses,IT Management / Director
Senior Application Systems Specialist,contract,hourly,1,senior_level,109200.0,7.0,University,Consulting / Specialist
"Sr Engineer, Operations System (IT)",fulltime,yearly,0,senior_level,123550.0,7.0,Online/Courses,General IT / Other IT Role
MANAGER OF ANALYTICS-HYBRID,fulltime,yearly,1,mid_level,100323.0,4.0,Online/Courses,Data & Analytics
IT Network and Telecommunications - Journey (Aberdeen),fulltime,monthly,0,mid_level,7980.0,4.0,University,Network & Systems
"Manager, Digital Product Owner (New Ventures - Hotels)",fulltime,yearly,1,mid_level,131882.0,2.0,University,IT Management / Director
IT Network and Telecommunications - Senior/Specialist (Aberdeen),fulltime,monthly,1,mid_level,8799.0,10.0,University,Network & Systems
"Manager, SAP Functional",internship,yearly,0,senior_level,155712.0,10.0,University,IT Management / Director
"Business Support Analyst ($76,400.00-$95,400.00)",fulltime,yearly,0,senior_level,85900.0,5.0,University,IT Support / Helpdesk
Solution Architect - 5584743,fulltime,hourly,0,mid_level,220480.0,10.0,University,General IT / Other IT Role
Segmentation Manager,fulltime,yearly,0,senior_level,93689.0,8.0,University,IT Management / Director
Information Technology Technician Travel,fulltime,yearly,0,mid_level,51788.0,10.0,University,IT Support / Helpdesk
Senior Project Manager,fulltime,yearly,0,senior_level,140250.0,7.0,University,Project / Program Management
Staff Project Manager,fulltime,yearly,0,mid_level,135000.0,6.0,University,Project / Program Management
Network Engineer,fulltime,yearly,0,senior_level,104836.0,5.0,University,Network & Systems
Specialist - Sys Admin LdSr,internship,yearly,0,mid_level,103708.5,5.0,Online/Courses,Consulting / Specialist
Senior Managing Director (high-net-worth clients and Carson Group systems),fulltime,yearly,1,executive_level,220000.0,10.0,University,IT Management / Director
Director Strategy,fulltime,yearly,0,senior_level,141624.0,10.0,University,IT Management / Director
IT Configuration Analyst,fulltime,yearly,0,senior_level,91366.0,7.0,University,General IT / Other IT Role
Senior Product Manager,fulltime,yearly,0,mid_level,157050.0,7.0,University,IT Management / Director
Agile Project Manager- Hybrid,fulltime,yearly,1,senior_level,143350.0,2.0,University,Project / Program Management
Principal Architect - Infrastructure Cybersecurity (Remote),fulltime,yearly,1,mid_level,162137.5,7.0,University,Network & Systems
Product Owner - Information Technology,fulltime,yearly,0,mid_level,129710.0,4.0,University,General IT / Other IT Role
Programmer Analyst,fulltime,yearly,0,mid_level,66630.5,1.0,University,Software Development
Senior Project Manager - Electronic Security Systems,fulltime,yearly,1,mid_level,117300.0,5.0,University,Cybersecurity
Director - IT Development and Enterprise Applications,fulltime,yearly,1,senior_level,216500.0,10.0,University,IT Management / Director
"Engineer, Grid Transformations - Denver, CO",internship,yearly,0,senior_level,394500.0,5.0,University,General IT / Other IT Role
Project Manager - Infrastructure,fulltime,yearly,1,senior_level,69800.0,5.0,Online/Courses,Network & Systems
"Associate IT Director, SAP (Finance)",fulltime,yearly,1,mid_level,158393.5,10.0,University,IT Management / Director
"Manager, Information Technology",fulltime,yearly,1,mid_level,104025.5,5.0,University,IT Management / Director
Associate Director,fulltime,yearly,1,mid_level,165000.0,10.0,University,IT Management / Director
Senior Solutions Engineer,fulltime,yearly,0,senior_level,110966.0,4.0,University,General IT / Other IT Role
Senior Scientific Program Manager,fulltime,yearly,1,senior_level,108920.0,5.0,University,Project / Program Management
Technical Project Management,fulltime,yearly,0,mid_level,143500.0,8.0,University,General IT / Other IT Role
IT Service Desk Manager,internship,yearly,0,mid_level,112500.0,3.0,University,IT Support / Helpdesk
Sr. Product Analyst,fulltime,yearly,0,senior_level,100201.0,3.0,University,Other / Miscellaneous
Network Engineer,fulltime,yearly,0,senior_level,112703.5,8.0,University,Network & Systems
Sr. Systems Administrator (Ops 24x7 Support) Day Shift,"fulltime, contract",yearly,1,mid_level,103150.5,5.0,University,IT Support / Helpdesk
Senior Program Manager,contract,yearly,1,senior_level,187500.0,14.0,University,Project / Program Management
IT Senior Application Analyst - Willow,fulltime,yearly,1,mid_level,109113.0,4.0,University,General IT / Other IT Role
IT Application Analyst,fulltime,yearly,1,mid_level,89205.0,2.0,University,General IT / Other IT Role
Site Program Lead,fulltime,yearly,0,senior_level,155921.0,10.0,University,General IT / Other IT Role
RMF Lead,fulltime,yearly,0,senior_level,160829.5,10.0,University,Other / Miscellaneous
Engineering Lead,fulltime,yearly,0,senior_level,147983.5,10.0,University,General IT / Other IT Role
Operations Lead,fulltime,yearly,0,mid_level,157800.5,10.0,University,Other / Miscellaneous
Project Manager,fulltime,yearly,0,mid_level,86486.0,1.0,University,Project / Program Management
Senior Applications/system Analyst,fulltime,yearly,1,mid_level,76853.0,5.0,University,Other / Miscellaneous
Salesforce Administrator (On-Site),fulltime,yearly,1,senior_level,87675.5,2.0,High School,General IT / Other IT Role
Project Manager - NetSuite for Government implementations,fulltime,yearly,1,senior_level,102387.0,8.0,University,Project / Program Management
"IT - Supervisor, Team Lead Applications Analyst - Digital Technology Services",fulltime,yearly,0,mid_level,112473.0,7.0,University,General IT / Other IT Role
Product Manager,fulltime,yearly,0,mid_level,96813.0,3.0,University,IT Management / Director
Director IT,fulltime,yearly,0,senior_level,215000.0,9.0,University,IT Management / Director
Bizagi Technical- Functional consultant,fulltime,yearly,0,senior_level,115889.5,4.0,University,Consulting / Specialist
Systems Support Technician,fulltime,yearly,0,senior_level,50500.0,0.0,University,IT Support / Helpdesk
Senior Cyber Security Deception Engineer/Threat Hunter,fulltime,yearly,0,senior_level,145500.0,9.0,University,Cybersecurity
IT Asset Manager,fulltime,yearly,0,mid_level,66500.0,0.0,University,IT Management / Director
Hardware Validation Analyst,fulltime,yearly,0,senior_level,50500.0,0.0,University,General IT / Other IT Role
Datacenter Trainer,fulltime,yearly,0,senior_level,104000.0,5.0,University,Data & Analytics
Cyber IT Specialist - 2nd Shift Lead,fulltime,yearly,0,senior_level,104000.0,2.0,University,Consulting / Specialist
Cloud Security Engineer - RHEL,fulltime,yearly,1,senior_level,135000.0,8.0,Online/Courses,Cybersecurity
Customer Technical Specialist,fulltime,yearly,0,mid_level,50500.0,0.0,University,Consulting / Specialist
Cloud Identity & Access System Administrator,fulltime,yearly,0,senior_level,112000.0,8.0,University,Network & Systems
Azure Architect,fulltime,yearly,1,senior_level,175500.0,8.0,Online/Courses,General IT / Other IT Role
SENIOR ADVANCED INFRASTRUCTURE ENGINEER,fulltime,yearly,0,senior_level,127611.0,7.0,University,Network & Systems
Incident and Disaster Recovery Commander,fulltime,yearly,0,senior_level,130883.5,5.0,University,Other / Miscellaneous
Technical Principal- IT Governance,fulltime,yearly,0,mid_level,165234.0,10.0,High School,General IT / Other IT Role
"Technical Lead Manager, Perception Research",fulltime,yearly,1,senior_level,309000.0,2.0,University,IT Management / Director
Regulatory Affairs Program Manager Digital Strategy,fulltime,yearly,0,senior_level,134010.0,5.0,University,Project / Program Management
Cash Applications Analyst,fulltime,yearly,0,senior_level,79310.0,2.0,University,Other / Miscellaneous
IT Support Analyst,fulltime,yearly,0,mid_level,61766.0,2.0,High School,IT Support / Helpdesk
Corporate Project Manager,fulltime,yearly,0,senior_level,105000.0,5.0,University,Project / Program Management
"After-sale Service Support Engineer (Lancaster, CA)",fulltime,yearly,0,senior_level,65000.0,1.0,University,IT Support / Helpdesk
Technology Risk Sr Specialist,fulltime,yearly,0,mid_level,148927.5,10.0,University,Consulting / Specialist
Product Manager - Key Components,contract,yearly,0,mid_level,95000.0,2.0,University,IT Management / Director
Project Manager,fulltime,yearly,0,senior_level,80000.0,3.0,University,Project / Program Management
Technical Support Engineer,fulltime,yearly,0,mid_level,69448.5,4.0,High School,IT Support / Helpdesk
Director of Information Technology,fulltime,yearly,0,senior_level,171513.5,10.0,University,IT Management / Director
Senior SAP IT Manager,fulltime,yearly,1,mid_level,195000.0,5.0,University,IT Management / Director
Full-cycle IT recruiter,"fulltime, contract",hourly,0,senior_level,59280.0,2.0,University,General IT / Other IT Role
Configuration Management Specialist,internship,yearly,0,mid_level,92000.0,3.0,University,Consulting / Specialist
Systems Support Professional,fulltime,yearly,1,senior_level,60000.0,2.0,University,IT Support / Helpdesk
Senior IT Auditor,fulltime,yearly,0,senior_level,115000.0,5.0,University,General IT / Other IT Role
Workday Project Manager,fulltime,yearly,1,mid_level,120000.0,3.0,University,Project / Program Management
Windows System Administrator,fulltime,yearly,0,mid_level,70000.0,3.0,University,Network & Systems
"Vans: Senior Coordinator, Digital Operations",fulltime,yearly,0,senior_level,82620.0,4.0,University,General IT / Other IT Role
"Director, Corporate Strategy 1431905",fulltime,yearly,1,senior_level,223885.0,13.0,University,IT Management / Director
Systems Administrator,fulltime,yearly,0,senior_level,97500.0,2.0,University,Network & Systems
Associate Director Product Management,fulltime,yearly,0,mid_level,173000.0,5.0,University,IT Management / Director
Field Performance Advisor (FPA),internship,yearly,0,senior_level,128726.0,7.0,University,Other / Miscellaneous
Cyber Systems Engineer,contract,yearly,0,senior_level,145000.0,5.0,University,Network & Systems
Sr. Cyber Range Engineer,fulltime,yearly,0,senior_level,132330.5,4.0,University,General IT / Other IT Role
Senior Systems Engineer,fulltime,hourly,1,senior_level,92560.0,4.0,High School,Network & Systems
Manager of Engineering,fulltime,yearly,0,senior_level,148769.5,7.0,University,IT Management / Director
Information Technology Specialist 4,fulltime,hourly,1,senior_level,85280.0,2.0,Online/Courses,Consulting / Specialist
Range Support Engineer,fulltime,yearly,0,senior_level,136645.0,20.0,University,IT Support / Helpdesk
Sr. Principal Program Lead - Digital Outcomes,internship,yearly,0,senior_level,183874.5,10.0,University,General IT / Other IT Role
"System Director, Consumer Experience",fulltime,yearly,1,senior_level,142298.5,10.0,University,IT Management / Director
Enterprise Architect,fulltime,yearly,0,entry_level,157458.0,5.0,University,Consulting / Specialist
Modeling/Simulation Professional,fulltime,yearly,0,entry_level,131196.0,2.0,University,Other / Miscellaneous
IT Program Manager,internship,yearly,1,senior_level,118046.0,5.0,University,Project / Program Management
Cloud Operations Monitoring Support (Night Shift),fulltime,yearly,1,senior_level,72966.0,2.0,University,IT Support / Helpdesk
HMI Functional Architect – EE Systems Engineer,fulltime,yearly,0,senior_level,144454.0,5.0,Online/Courses,Network & Systems
"Director, Cloud Security",internship,yearly,0,senior_level,240750.0,10.0,Online/Courses,Cybersecurity
"Manager, Cyber and IT Risk Management",internship,yearly,0,senior_level,107650.0,7.0,Online/Courses,IT Management / Director
"Associate Director, Information Security",fulltime,yearly,0,mid_level,212428.0,7.0,University,Cybersecurity
"Mgr, Network Administration",internship,yearly,0,mid_level,138750.0,5.0,Online/Courses,Network & Systems
Sr. Cloud Support Engineer,fulltime,yearly,0,senior_level,102600.0,2.0,University,IT Support / Helpdesk
Data Threat Analyst II,fulltime,yearly,1,mid_level,85070.5,3.0,University,Data & Analytics
Sr Implementation Specialist II,fulltime,yearly,1,senior_level,112625.0,7.0,University,Consulting / Specialist
Sr. Business Systems Analyst - Workday Finance & SCM Reporting,fulltime,hourly,1,entry_level,138320.0,5.0,University,General IT / Other IT Role
"Director, Principal Architect",fulltime,yearly,1,senior_level,169528.0,15.0,University,IT Management / Director
"Governance, Risk and Compliance Analyst III",fulltime,yearly,1,senior_level,149578.0,6.0,University,Other / Miscellaneous
Implementation Specialist,fulltime,yearly,0,senior_level,71750.0,5.0,University,Consulting / Specialist
Domain Architect- Cloud,contract,yearly,0,senior_level,145543.5,10.0,University,Data & Analytics
Operations Technology Lead,fulltime,yearly,1,mid_level,105181.0,6.0,University,General IT / Other IT Role
Senior Hardware Engineer,fulltime,yearly,0,senior_level,158267.5,4.0,University,General IT / Other IT Role
Senior Active Directory Engineer,fulltime,yearly,0,entry_level,155000.0,8.0,University,IT Management / Director
Service Desk Account Manager,fulltime,yearly,0,senior_level,68500.0,3.0,High School,IT Support / Helpdesk
Senior Network Engineer,fulltime,yearly,1,senior_level,96925.0,6.0,High School,Network & Systems
IT Infrastructure Engineer Senior,fulltime,yearly,1,mid_level,85372.0,10.0,High School,Network & Systems
Helpdesk Support Technician,fulltime,yearly,0,mid_level,42134.5,1.0,University,IT Support / Helpdesk
Sr. SAP Developer,fulltime,yearly,0,entry_level,147781.5,5.0,University,Software Development
"Director, eCommerce Engineering",fulltime,yearly,0,senior_level,195000.0,5.0,Online/Courses,IT Management / Director
Associate Center Director,fulltime,yearly,0,mid_level,52500.0,1.0,University,IT Management / Director
Systems Administrator IV,fulltime,yearly,0,mid_level,95100.0,4.0,University,Network & Systems
Sr. Business Systems Analyst,fulltime,yearly,0,senior_level,155000.0,5.0,University,General IT / Other IT Role
"IT Client Services Manager - New York, NY",fulltime,yearly,1,senior_level,130000.0,7.0,University,IT Management / Director
ETS Engineer III - Platform Engineering (Microsoft Infrastructure),internship,yearly,0,senior_level,135587.5,5.0,University,Network & Systems
"Vice President, Strategy - HUS",internship,yearly,0,senior_level,228997.5,10.0,University,IT Management / Director
Assistant System Administrator,contract,yearly,1,entry_level,56255.5,1.0,University,Network & Systems
PC Support Specialist,fulltime,hourly,0,mid_level,36400.0,1.0,Online/Courses,IT Support / Helpdesk
Lead Systems Administrator (Windows Endpoint Expert),fulltime,yearly,0,mid_level,135016.0,9.0,University,Network & Systems
Technical Support Representative- SIEM and SOAR,internship,yearly,0,mid_level,68955.5,4.0,University,IT Support / Helpdesk
"Manager, Technical Services, ISD",fulltime,yearly,1,mid_level,157664.0,5.0,University,IT Management / Director
"Director of Product, Marketplace",fulltime,yearly,0,senior_level,225000.0,10.0,University,IT Management / Director
"Director of Engineering, Optimization",fulltime,yearly,0,senior_level,272500.0,5.0,University,IT Management / Director
Analytic Developer (Cloud),fulltime,yearly,1,senior_level,153793.0,8.0,University,Software Development
Computer Engineer,fulltime,yearly,0,senior_level,110698.5,5.0,University,General IT / Other IT Role
Global MSP Bulk Partner Success Director,internship,yearly,1,senior_level,141389.5,6.0,University,IT Management / Director
"VP, Sponsorships",contract,yearly,0,senior_level,180034.0,10.0,University,IT Management / Director
App Security Engineer II,fulltime,yearly,0,senior_level,110074.0,2.0,University,Cybersecurity
CRM Product Owner,fulltime,yearly,0,senior_level,119065.0,6.0,Online/Courses,Other / Miscellaneous
Internal IT Auditor Senior,internship,yearly,0,mid_level,106706.5,3.0,University,Intern / Entry Level
Sr Program Manager,contract,yearly,0,senior_level,146385.5,10.0,University,Project / Program Management
"Consulting Manager, Migrations",fulltime,yearly,0,senior_level,149546.5,10.0,University,IT Management / Director
Senior Engineer,fulltime,yearly,1,senior_level,162886.0,5.0,University,General IT / Other IT Role
Senior Training Specialist,contract,yearly,0,mid_level,107267.0,5.0,University,Data & Analytics
Senior Mid-Market AE,fulltime,yearly,1,senior_level,210000.0,5.0,University,Other / Miscellaneous
Product Manager II (Web Application Experience Required),fulltime,yearly,1,senior_level,145323.0,5.0,University,IT Management / Director
Sr. Security Engineer - COE Services,fulltime,yearly,1,entry_level,173130.0,8.0,University,Cybersecurity
"Sr. Product Manager, Data Platform",fulltime,yearly,1,senior_level,173130.0,8.0,University,Data & Analytics
Program Manager,contract,yearly,0,mid_level,112062.5,10.0,University,Project / Program Management
Principal Product Manager I,fulltime,yearly,1,mid_level,215400.0,7.0,University,IT Management / Director
"Software Development Engineer, Amazon Application Recovery Controller",fulltime,yearly,0,senior_level,176450.0,3.0,University,General IT / Other IT Role
"Sr. Technical Program Manager, Sponsored Products (SP)",fulltime,yearly,0,senior_level,182650.0,5.0,University,Project / Program Management
"Sr. Ad Tech Consultant, Ad Tech Solutions",fulltime,yearly,0,senior_level,188600.0,5.0,University,Consulting / Specialist
"Sr. Product Manager (Tech), Measurement, Ad Tech, and Data Science (MADS)",fulltime,yearly,0,senior_level,185650.0,2.0,Online/Courses,Data & Analytics
Product Trainer,fulltime,yearly,0,senior_level,110357.5,5.0,University,Data & Analytics
Unifier Consulting Solution Architect,fulltime,yearly,0,senior_level,145824.5,8.0,University,General IT / Other IT Role
Application Manager in Kansas City,fulltime,yearly,0,mid_level,129511.5,7.0,University,IT Management / Director
"Director, Partner Activation - AWS Strategic Programs",internship,yearly,0,senior_level,207000.0,8.0,University,IT Management / Director
"Cloud Support Engineer - Media, AWS Elemental",fulltime,yearly,0,senior_level,135500.0,3.0,University,IT Support / Helpdesk
Security Operations Manager,fulltime,yearly,0,senior_level,160000.0,5.0,University,Cybersecurity
Program Manager 4-ProdDev,fulltime,yearly,1,senior_level,131164.5,8.0,University,Project / Program Management
IT Administrator,fulltime,yearly,0,senior_level,77500.0,5.0,University,General IT / Other IT Role
Network Administrator - Senior,fulltime,yearly,0,mid_level,119402.0,10.0,University,Network & Systems
"Healthcare Strategic Initiatives Program Manager , Global Healthcare & Non Profit Solutions, Healthcare & Life Sciences Industry Business Unit",fulltime,yearly,0,senior_level,204200.0,5.0,University,Project / Program Management
"Software Development Engineer II, Proactive Security Builder Experience (PSBX)",fulltime,yearly,0,senior_level,176450.0,3.0,University,Cybersecurity
Director of Strategic Alliances U.S.,internship,yearly,1,senior_level,145344.0,5.0,University,IT Management / Director
Sr Associate SAP Bus Analyst,internship,yearly,0,mid_level,102500.0,2.0,High School,Other / Miscellaneous
IT Support Technician,fulltime,yearly,1,executive_level,58509.5,5.0,University,IT Support / Helpdesk
"Amazon Dedicated Cloud Engineer, Commerce Platform Amazon Dedicated Cloud Operations",fulltime,yearly,0,mid_level,146700.0,3.0,University,Network & Systems
IT Analyst,fulltime,yearly,1,mid_level,85000.0,3.0,Online/Courses,General IT / Other IT Role
Systems Engineer I,fulltime,yearly,0,mid_level,79036.0,5.0,University,Network & Systems
Senior Principal Systems Engineer,contract,hourly,0,senior_level,200720.0,10.0,University,Network & Systems
"Sr Product Manager - Technical, Amazon Currency Converter for Sellers",fulltime,yearly,0,senior_level,185650.0,1.0,Online/Courses,IT Management / Director
Medical Information Technology EMR,parttime,yearly,0,senior_level,65000.0,2.0,University,General IT / Other IT Role
